plz,ort,bundesland,zulassungsbezirk
01009,Westroda-Ost,ST,QAT
01046,Mönchshagen an der Aue,ST,QAT
01081,Rabenburg,ST,QAT
01133,Unterdorf,ST,QAT
01195,Erlendorf,ST,QAT
01223,Moordorf,ST,QAT
01276,Grünbrunn im Grund,ST,NF
01292,Hohenhausen,ST,NF
01378,Espenbrunn,ST,NF
01396,Sonnenhofen,ST,NF
01404,Kiesstadt-Süd,ST,NF
01496,Bad Altfeld,ST,NF
01534,Fähringen,SN,BOW
01585,Espenweiler,SN,BOW
01596,Südthal an der Ilm,SN,BOW
01614,Fährstadt,SN,BOW
01628,Königsstein,SN,BOW
01639,Bergwald,SN,BOW
01675,Talweiler,SN,BOW
01685,Espenbrück,SN,BOW
01770,Königshausen,SN,BOW
01782,Grünbrück,SN,BOW
01804,Eichenhagen am Berg,SN,XOA
01815,Talheim,SN,XOA
01824,Unterau im Tal,SN,XOA
01830,Marktbrunn,SN,XOA
01853,Buchenhofen-Süd,SN,XOA
01891,Buchental,SN,XOA
01900,Bischofsbrück am See,SN,XOA
01908,Hohenhausen,SN,XOA
01910,Weidenbach,SN,XOA
01964,Bischofsfeld im Grund,SN,XOA
01986,Espenau,SN,XOA
01988,Mönchshofen am Moor,SN,XOA
02004,Nordthal,SN,XOA
02007,Feldhagen,SN,XOA
02012,Brückenbach,SN,XOA
02022,Moorbrück-Nord,SN,XOA
02025,Weidenhausen,SN,XOA
02067,Brückenhausen,ST,GMZ
02069,Fährbrück,ST,GMZ
02077,Großau,ST,GMZ
02084,Mühlstadt an der Aue,ST,GMZ
02085,Rehberg,ST,GMZ
02087,Eichenkirchen-West,ST,GMZ
02093,Sommerberg,ST,GMZ
02106,Bad Unterhagen-Süd,ST,GMZ
02112,Hirschhausen,ST,GMZ
02136,Hafensee,ST,GMZ
02142,Sommerweiler,ST,GMZ
02149,Rothausen,ST,GMZ
02155,Hohenhagen,ST,GMZ
02165,Ahornroda,ST,GMZ
02173,Moorhofen,ST,GMZ
02177,Weidenscheid,ST,GMZ
02178,Rehwald,ST,GMZ
02190,Marktthal,ST,GMZ
02200,Hohenthal,ST,GMZ
02211,Marktdorf,ST,GMZ
02213,Ahorningen,ST,GMZ
02217,Rabenfeld im Grund,ST,GMZ
02222,Hohendorf,ST,GMZ
02226,Ritterberg an der Ilm,ST,GMZ
02235,Brückenberg,ST,GMZ
02246,Buchenstein,ST,GMZ
02260,Falkenbach,ST,GMZ
02267,Obersee am Berg,ST,GMZ
02276,Winterheim-Nord,ST,GMZ
02282,Ostbrunn,ST,GMZ
02291,Bärenheim,ST,GMZ
02345,Erlendorf,ST,URW
02346,Rotheim,ST,URW
02353,Steinstein an der Aue,ST,URW
02375,Ahornwald an der Aue,ST,URW
02378,Rabenau,ST,URW
02401,Hafenweiler,ST,URW
02414,Sommerhausen,ST,URW
02415,Fährweiler,ST,URW
02425,Heideberg,ST,URW
02431,Ahorndorf am Moor,ST,URW
02441,Sandstein,ST,URW
02452,Sommerstadt,ST,URW
02458,Lindenkirchen,ST,URW
02461,Neustadt,ST,URW
02470,Espental,ST,URW
02482,Wolfsstadt,ST,URW
02485,Eichenberg-Süd,ST,URW
02506,Burgstadt,ST,URW
02524,Rabenfeld,ST,URW
02549,Adlerstadt,ST,URW
02558,Brückenthal,ST,URW
02580,Westfeld,ST,URW
02581,Fährwald,ST,URW
02597,Nordheim,BB,DMM
02598,Monddorf,BB,DMM
02599,Fuchsstadt-Süd,BB,DMM
02600,Neuweiler,BB,DMM
02601,Königsfurt,BB,DMM
02607,Weidenweiler,BB,DMM
02608,Weidenbrunn,BB,DMM
02609,Kleinsee,BB,DMM
02612,Ostbrunn,BB,DMM
02614,Buchenberg,BB,DMM
02616,Wolfsburg,BB,DMM
02618,Neudorf,BB,DMM
02626,Niederstadt im Grund,BB,DMM
02628,Bergbach am See,BB,DMM
02629,Heidethal,BB,DMM
02630,Rotbrück,BB,DMM
02634,Ostweiler,BB,DMM
02643,Bischofsfeld,BB,DMM
02648,Talstein am Moor,BB,DMM
02655,Mühlhausen,BB,DMM
02656,Niederheim-West,BB,DMM
02659,Moorberg,BB,DMM
02660,Hirschroda,BB,DMM
02661,Fährau-Nord,BB,DMM
02663,Hafenberg,BB,DMM
02664,Heidekirchen,BB,DMM
02667,Espenhagen,BB,DMM
02668,Ritterberg,BB,DMM
02670,Grünweiler an der Ilm,BB,DMM
02672,Rabenheim,BB,DMM
02676,Nebelhausen-Süd,BB,DMM
02684,Bruchroda,BB,DMM
02687,Rabeningen,BB,DMM
02691,Talroda,BB,DMM
02692,Neukirchen,BB,DMM
02694,Marktkirchen,BB,DMM
02695,Hirschstein an der Ilm,BB,DMM
02697,Westroda im Grund,BB,DMM
02698,Brückenhagen,BB,DMM
02699,Wiesendorf,BB,DMM
02707,Lindenhagen im Tal,BB,DMM
02708,Sommerburg am Moor,BB,DMM
02709,Kiesstadt-West,BB,DMM
02710,Mönchsbrück,BB,DMM
02711,Buchenberg im Tal,BB,DMM
02713,Königsheim,BB,DMM
02714,Kiesscheid,BB,DMM
02718,Talkirchen,BB,DMM
02723,Lindenberg,BB,DMM
02724,Unterstadt,BB,DMM
02728,Rehburg an der Warne,BB,DMM
02736,Oberhofen an der Warne,BB,DMM
02741,Bad Falkenhofen an der Aue,BB,DMM
02742,Schlossstein,BB,DMM
02743,Bärenhofen,BB,DMM
02749,Bischofsdorf,BB,DMM
02760,Rabeningen-West,BB,DMM
02764,Unterscheid,BB,DMM
02772,Heidebrunn,BB,DMM
02779,Nebelkirchen,BB,DMM
02780,Buchenroda,BB,DMM
02781,Unterhagen,BB,DMM
02783,Erlenheim,BB,DMM
02785,Birkenstadt an der Warne,BB,DMM
02793,Fürstenthal an der Ilm,BB,DMM
02797,Heideroda an der Aue,BB,DMM
02805,Mönchsstadt,BB,DMM
02806,Rehheim,BB,DMM
02810,Fuchsburg,BB,DMM
02813,Sandkirchen,BB,DMM
02814,Neutal,BB,DMM
02819,Falkenberg,BB,DMM
02820,Ahornfurt,BB,DMM
02827,Bad Sommerfurt an der Warne,BB,DMM
02831,Kleinburg,BB,DMM
02836,Neuau,BB,DMM
02843,Sternberg am See,BB,DMM
02849,Nebeltal,BB,DMM
02854,Wiesenfurt,BB,DMM
02861,Rabenstadt,SN,MO
02870,Rabenfeld,SN,MO
02876,Buchenstein,SN,MO
02916,Sternau,SN,MO
02945,Fürstenau an der Ilm,SN,MO
03001,Fürstensee,SN,MO
03014,Sonnenroda,SN,MO
03024,Rehbrunn,SN,MO
03027,Südheim,SN,MO
03036,Grünburg,SN,MO
03081,Heideheim,SN,MO
03139,Hafenweiler,TH,J
03155,Mönchsthal am Berg,TH,J
03157,Burgingen,TH,J
03160,Rehfeld-Ost,TH,J
03162,Moorfurt,TH,J
03181,Bischofsbrunn,TH,J
03190,Sonnenhausen,TH,J
03199,Niedertal,TH,J
03207,Kieshausen,TH,J
03212,Ahornbrück,TH,J
03223,Wiesenbrunn,TH,J
03225,Bischofshofen-Nord,TH,J
03250,Südwald,TH,J
03258,Bad Bruchstein,TH,J
03260,Nordingen,TH,J
03271,Wiesental,TH,J
03279,Sandfeld im Grund,TH,J
03280,Burgheim,TH,J
03285,Neuscheid-Süd,TH,J
03292,Feldroda im Tal,TH,J
03304,Kleinfeld,TH,J
03309,Bischofsau,TH,J
03310,Oberheim,TH,J
03326,Sandau,TH,J
03344,Falkenfeld am Moor,TH,J
03357,Erlenbrück,TH,J
03361,Niederhofen,TH,J
03365,Birkenfurt,TH,J
03368,Steinroda,TH,J
03408,Falkenthal,SN,ROW
03410,Winterfeld,SN,ROW
03432,Großingen,SN,ROW
03433,Falkenfurt,SN,ROW
03497,Steinbrunn,SN,ROW
03501,Sommertal,SN,ROW
03581,Mondfeld,SN,ROW
03590,Bad Großfurt,SN,ROW
03592,Steindorf,SN,ROW
03666,Ahornbrück,SN,FEC
03677,Sonnenbrunn am Moor,SN,FEC
03682,Fuchsberg,SN,FEC
03702,Hirschhofen,SN,FEC
03709,Ritterbrück,SN,FEC
03710,Bruchhagen,SN,FEC
03716,Oberberg,SN,FEC
03717,Altsee-West,SN,FEC
03743,Ritterbach,SN,FEC
03754,Ahornthal,SN,FEC
03755,Fürstenscheid,SN,FEC
03766,Bad Südau,SN,FEC
03767,Rabenwald,SN,FEC
03791,Sonnenstadt,SN,FEC
03792,Niederfeld,SN,FEC
03795,Nordwald,SN,FEC
03799,Marktstein,SN,FEC
03826,Fährhausen,SN,FEC
03827,Rehfurt,SN,FEC
03833,Wolfshausen-Süd,SN,FEC
03835,Mönchsau im Tal,SN,FEC
03842,Winterroda-West,SN,FEC
03863,Schlossstein,SN,FEC
03878,Rabenwald an der Aue,SN,FEC
03892,Mühlhofen,SN,FEC
03893,Bergdorf,SN,FEC
03894,Südkirchen an der Aue,SN,FEC
03909,Althagen,SN,FEC
03926,Adlerbrunn,SN,OQD
03928,Mondstadt,SN,OQD
03946,Ahornhagen am Berg,SN,OQD
03950,Rehstein,SN,OQD
03952,Sommersee,SN,OQD
03957,Adlersee,SN,OQD
03961,Mönchshagen,SN,OQD
03967,Lindental,SN,OQD
03975,Moorhagen,SN,OQD
03991,Adlerscheid,SN,OQD
03993,Westau-Nord,SN,OQD
04021,Nebelhagen,SN,OQD
04029,Steinfurt,SN,OQD
04036,Schlossbach,SN,OQD
04046,Wolfshausen an der Ilm,SN,OQD
04070,Brückenstein,SN,OQD
04082,Sommerfurt,SN,OQD
04083,Kleinbrück,SN,OQD
04084,Moorburg,SN,OQD
04113,Weidenkirchen,SN,OQD
04123,Falkenhagen,SN,OQD
04130,Sonnendorf,SN,OQD
04131,Wiesenhofen,SN,OQD
04133,Bärenstadt,SN,OQD
04160,Sandheim,SN,OQD
04171,Sternweiler am Berg,SN,OQD
04194,Fürstenbach,SN,SKE
04197,Fürstensee,SN,SKE
04201,Neufurt,SN,SKE
04203,Oberthal-West,SN,SKE
04205,Lindenthal-West,SN,SKE
04206,Bischofskirchen,SN,SKE
04213,Erlenhagen,SN,SKE
04214,Lindenstein,SN,SKE
04225,Birkenhofen,SN,SKE
04228,Weidenburg,SN,SKE
04231,Bruchweiler an der Aue,SN,SKE
04246,Rotstein,SN,SKE
04258,Mönchsdorf,SN,SKE
04288,Weidensee-West,SN,SKE
04304,Nordroda,SN,SKE
04312,Fuchsau,SN,SKE
04320,Sommerthal,SN,SKE
04324,Mondscheid,SN,SKE
04332,Hirschweiler,SN,SKE
04353,Ahornhagen-Süd,SN,SKE
04364,Bischofsbrunn,SN,SKE
04369,Fährheim,SN,SKE
04373,Ostwald-Nord,SN,SKE
04380,Marktstein,SN,SKE
04401,Falkenfeld,SN,SKE
04406,Kleinhausen an der Aue,SN,SKE
04409,Großkirchen,SN,SKE
04417,Mönchshofen im Tal,SN,SKE
04438,Ahornkirchen am See,SN,SKE
04493,Burgthal an der Aue,TH,RW
04512,Rabental,TH,RW
04514,Osthausen,TH,RW
04515,Falkenfurt-Nord,TH,RW
04517,Winterburg im Grund,TH,RW
04531,Sandroda,TH,RW
04532,Hirschbrunn,TH,RW
04543,Ahornroda,TH,RW
04554,Heidestadt,TH,RW
04557,Mühlwald,TH,RW
04564,Mühlkirchen,TH,RW
04575,Moorroda,TH,RW
04578,Eichenhagen,TH,RW
04580,Hohental,TH,RW
04581,Altwald,TH,RW
04607,Mönchskirchen an der Warne,TH,RW
04615,Bischofsingen,TH,RW
04616,Birkenau,TH,RW
04621,Feldhofen,TH,RW
04626,Bruchthal,TH,RW
04642,Lindenhausen,TH,RW
04650,Rehdorf im Grund,TH,RW
04667,Erlenheim an der Warne,TH,RW
04676,Kieswald,TH,RW
04680,Kiesthal,TH,RW
04697,Altwald,TH,RW
04700,Neutal,TH,RW
04705,Ahornbrück,TH,RW
04711,Feldroda-West,SN,SB
04720,Westhagen,SN,SB
04733,Kleinbrück-Nord,SN,SB
04734,Sommerhausen,SN,SB
04740,Kiesthal am Berg,SN,SB
04741,Talbach am Berg,SN,SB
04744,Altbach,SN,SB
04756,Bärenfeld,SN,SB
04761,Ahornbach,SN,SB
04764,Erlenheim,SN,SB
04773,Erlenau am See,SN,SB
04780,Kleinberg,SN,SB
04786,Mönchshausen,SN,SB
04788,Falkenweiler,SN,SB
04790,Hohenstein,SN,SB
04794,Wolfshausen an der Warne,SN,SB
04798,Fuchsbach,SN,SB
04799,Hirschburg,SN,SB
04801,Lindendorf am Berg,SN,SB
04803,Kleinhausen am Moor,SN,SB
04807,Ritterbach-Nord,SN,SB
04808,Oststein,SN,SB
04811,Ritterfeld-Süd,SN,SB
04812,Taltal,SN,SB
04825,Schlosssee,SN,SB
04827,Bruchingen am Berg,SN,SB
04837,Feldbach,SN,SB
04840,Bad Wiesensee,SN,SB
04842,Kieshausen,SN,SB
04845,Sternroda,SN,SB
04853,Hohenau,SN,SB
04862,Adlerbrück,SN,SB
04873,Sommerhausen,SN,SB
04876,Sandfeld,SN,SB
04878,Sternfeld,SN,SB
04887,Nordbrunn,SN,SB
04889,Sonnenroda,SN,SB
04896,Hohenbrück,SN,SB
04900,Oberfeld,SN,SB
04909,Sommerstein-Nord,SN,SB
04910,Neubach,SN,SB
04912,Bad Königsscheid,SN,SB
04920,Ostingen,SN,SB
04930,Bruchberg,SN,SB
04938,Grünfurt,SN,SB
04943,Eichenkirchen,SN,SB
04944,Wiesenau,SN,SB
04946,Südroda,SN,SB
04950,Wiesensee im Grund,SN,SB
04956,Königsau-West,SN,SB
04957,Mönchsroda im Tal,SN,SB
04967,Falkendorf im Tal,SN,SB
04970,Oberbach,SN,SB
04971,Buchenbrunn,SN,SB
04972,Fuchsstadt,SN,SB
04974,Unterbrück,SN,SB
05098,Heidehofen am Moor,ST,FH
05144,Mühltal,ST,FH
05210,Westwald,ST,FH
05214,Marktfeld,ST,FH
05277,Winterhofen am See,SN,UKC
05301,Rehstadt an der Aue,SN,UKC
05326,Marktscheid,SN,UKC
05367,Buchenscheid,SN,UKC
05387,Hafenau,SN,UKC
05398,Falkensee,SN,UKC
05405,Weidenbach,SN,UKC
05415,Hohenwald,SN,UKC
05423,Schlosshagen,SN,UKC
05425,Rehwald,SN,UKC
05437,Sonnenscheid-Nord,SN,UKC
05490,Heidefeld,SN,UKC
05499,Schlossscheid an der Warne,SN,UKC
05504,Ahornweiler am See,SN,UKC
05518,Espenthal an der Ilm,SN,LW
05521,Bergbrunn-Ost,SN,LW
05549,Eichental,SN,LW
05565,Bischofsbach,SN,LW
05584,Grünscheid am See,SN,LW
05586,Bergsee,SN,LW
05593,Obertal,SN,LW
05626,Rotberg,SN,LW
05628,Sommerdorf,SN,LW
05645,Adlerburg,SN,LW
05655,Burghagen,SN,LW
05685,Sonnenfurt,SN,LW
05715,Fuchskirchen,SN,LW
05784,Kiesfurt,SN,AEZ
05785,Burgingen,SN,AEZ
05796,Großbrunn,SN,AEZ
05800,Oberberg,SN,AEZ
05804,Sandfeld,SN,AEZ
05817,Falkenfeld,SN,AEZ
05857,Schlossfurt,SN,AEZ
05871,Ritterthal,SN,AEZ
05877,Wolfsstein an der Aue,SN,AEZ
05878,Espenthal,SN,AEZ
05881,Mondbrück,SN,AEZ
05887,Fuchshagen-West,SN,AEZ
05901,Talheim,SN,AEZ
05905,Wiesenfurt,SN,AEZ
05920,Steinburg-Nord,SN,AEZ
05989,Obertal-West,SN,AEZ
05993,Kiesroda an der Ilm,SN,AEZ
06012,Eichenau,SN,AEZ
06038,Kleinburg,SN,MJ
06044,Fürsteningen,SN,MJ
06063,Ahornburg,SN,MJ
06065,Bad Eichensee,SN,MJ
06079,Hafenberg,SN,MJ
06083,Ritterfeld,SN,MJ
06087,Adlerbrunn,SN,MJ
06095,Bucheningen,SN,MJ
06096,Talhausen im Tal,SN,MJ
06103,Sommerbrück,SN,MJ
06112,Bad Neuingen-Süd,SN,MJ
06118,Espendorf,SN,MJ
06132,Altingen,SN,MJ
06145,Bad Rotheim,SN,MJ
06153,Fürstenthal,SN,MJ
06188,Grünwald,SN,MJ
06191,Lindenstadt,SN,MJ
06218,Bruchweiler,SN,MJ
06226,Kieskirchen,SN,MJ
06241,Niederbrück,SN,MJ
06273,Rotthal,SN,MJ
06278,Großthal,SN,MJ
06295,Sommersee im Tal,SN,MJ
06312,Marktbach,TH,OIB
06356,Osttal,TH,OIB
06475,Feldbach,TH,OIB
06480,Schlossstadt,TH,OIB
06491,Marktau,TH,OIB
06533,Westscheid,TH,OIB
06545,Heidetal,TH,OIB
06580,Nebelthal am Berg,SN,ZFS
06600,Winterhofen,SN,ZFS
06614,Burgstein,SN,ZFS
06641,Königsroda,SN,ZFS
06656,Grünfeld,SN,ZFS
06665,Nebelhagen an der Aue,SN,ZFS
06674,Espenhofen,SN,ZFS
06691,Bergwald im Tal,SN,ZFS
06707,Feldtal,SN,ZFS
06720,Wolfsscheid,SN,ZFS
06782,Weststadt,SN,ZFS
06819,Neudorf,SN,ZFS
06853,Brückenbrunn,TH,QF
06857,Sonnenwald,TH,QF
06862,Unterbrunn,TH,QF
06863,Burgburg,TH,QF
06903,Burgwald,TH,QF
06919,Falkenberg,TH,QF
06931,Mönchsdorf,TH,QF
06940,Rabenthal im Tal,TH,QF
06953,Kleinbach,TH,QF
06954,Altfeld,TH,QF
06989,Fürstenwald,TH,QF
07008,Niedertal an der Ilm,TH,QF
07009,Oberhofen,TH,QF
07013,Adlerhofen-Ost,TH,QF
07015,Fuchshausen,TH,QF
07033,Lindenstein,TH,QF
07056,Grünhagen,TH,QF
07058,Wiesenbach im Grund,TH,QF
07066,Westhausen,TH,QF
07067,Ritterfeld,TH,QF
07071,Feldhofen,TH,QF
07082,Altthal,TH,QF
07112,Erlenbach,SN,EM
07143,Unterdorf-Nord,SN,EM
07211,Altbrück,SN,EM
07239,Weidenhausen,SN,EM
07249,Ritterhagen-Nord,SN,EM
07303,Fürstenbrunn,SN,EM
07319,Mondhagen im Tal,SN,EM
07337,Rehbach,SN,EM
07344,Unterwald,SN,EM
07350,Oberhofen,SN,EM
07382,Sterndorf,SN,UW
07473,Altkirchen,SN,UW
07549,Bruchroda,SN,UW
07610,Feldstadt,SN,UW
07665,Fährtal,SN,SW
07701,Hirschbrück,SN,SW
07881,Talhausen am Berg,SN,SW
07891,Hafenstadt-West,TH,PXM
07895,Königsau,TH,PXM
07934,Sommerhofen am Berg,TH,PXM
07946,Bärenwald,TH,PXM
07950,Erlenroda,TH,PXM
07961,Eichenbrück,TH,PXM
08027,Großbach,TH,PXM
08053,Bärenscheid,TH,PXM
08066,Erleningen,TH,PXM
08080,Hafendorf-Süd,TH,PXM
08088,Rabenfurt,TH,PXM
08090,Osthofen,TH,PXM
08095,Hohenroda,TH,PXM
08100,Wiesental,TH,PXM
08133,Fürstenheim,TH,PXM
08137,Neuingen,TH,PXM
08158,Rehhagen-West,ST,WQ
08192,Buchenkirchen,ST,WQ
08218,Nordkirchen,ST,WQ
08223,Hafenkirchen,ST,WQ
08279,Ahornthal an der Aue,ST,WQ
08300,Süddorf,ST,WQ
08301,Unterscheid,ST,WQ
08302,Sommerbach am See,ST,WQ
08309,Burgberg im Tal,ST,WQ
08408,Marktweiler,ST,WQ
08458,Bischofshausen,ST,MED
08470,Sandburg,ST,MED
08477,Altsee,ST,MED
08492,Rehstadt,ST,MED
08500,Adlerbach,ST,MED
08521,Heidetal im Tal,ST,MED
08522,Winterhagen,ST,MED
08534,Niederfeld,ST,MED
08539,Buchenau,ST,MED
08543,Oberburg,ST,MED
08551,Fürstenweiler,ST,MED
08553,Königsstadt am Moor,ST,MED
08599,Unterhofen,ST,MED
08627,Espenbrunn,ST,MED
08645,Rotwald,ST,MED
08662,Westthal,ST,MED
08664,Winterbrunn-Nord,ST,MED
08696,Unterstein,BB,QO
08710,Mühlbrück,BB,QO
08713,Berghausen an der Warne,BB,QO
08723,Adlerau-Ost,BB,QO
08726,Winteringen,BB,QO
08728,Hirschstadt,BB,QO
08740,Moorhagen,BB,QO
08751,Bischofsbrunn,BB,QO
08811,Eichenfurt,BB,QO
08844,Sandroda,BB,QO
08851,Sommersee,BB,QO
08882,Lindenburg im Grund,BB,QO
08895,Bärenweiler,BB,QO
08901,Schlossingen,BB,QO
08904,Weidenheim,BB,QO
08917,Bärenheim,BB,QO
08918,Mondhausen,BB,QO
08924,Kleinwald,BB,QO
08928,Bad Südbrück,BB,QO
08939,Brückenstein,BB,QO
08974,Fährwald,SN,WY
09007,Bischofsfurt-Nord,SN,WY
09020,Ahornbrück,SN,WY
09041,Ostberg,SN,WY
09053,Wiesenfurt,SN,WY
09074,Birkenheim,SN,WY
09077,Bruchburg-Süd,SN,WY
09082,Feldroda,SN,WY
09137,Unterfurt,SN,WY
09150,Neustadt-West,SN,WY
09157,Sonnenbach am Berg,SN,WY
09161,Mondau am Moor,SN,WY
09167,Südberg,SN,WY
09218,Ahornhausen,TH,WXZ
09244,Mühlhofen,TH,WXZ
09278,Mühlau,TH,WXZ
09283,Espenthal,TH,WXZ
09304,Fürstenscheid an der Warne,TH,WXZ
09310,Rehfeld im Grund,TH,WXZ
09317,Falkenkirchen,TH,WXZ
09341,Wiesenthal,TH,WXZ
09376,Westkirchen-West,TH,WXZ
09387,Fährstadt-West,TH,WXZ
09409,Ostdorf am Moor,TH,WXZ
09424,Birkenbach,TH,WXZ
09441,Buchenstein,TH,WXZ
09445,Kleindorf,TH,WXZ
09449,Südburg,TH,WXZ
09454,Steinwald,TH,WXZ
09455,Nordkirchen,TH,WXZ
09463,Bruchwald,TH,WXZ
09466,Ritterhagen,TH,WXZ
09486,Neubach an der Warne,TH,PDD
09497,Fuchswald,TH,PDD
09511,Erlenberg-Ost,TH,PDD
09512,Erlenbrück im Tal,TH,PDD
09520,Mühldorf,TH,PDD
09527,Bischofsbrunn,TH,PDD
09528,Wiesenhausen,TH,PDD
09534,Marktfurt,TH,PDD
09540,Hafenfurt,TH,PDD
09552,Talheim,TH,PDD
09569,Hohenheim,TH,PDD
09571,Niederfeld,TH,PDD
09579,Ritterhofen an der Ilm,TH,PDD
09589,Großhausen,TH,PDD
09591,Rehburg,TH,PDD
09597,Mühltal,TH,PDD
09601,Niederhofen,TH,PDD
09603,Hafenbrunn an der Ilm,TH,PDD
09623,Brückenheim,TH,PDD
09628,Fährburg,TH,PDD
09631,Hafenfeld,TH,PDD
09650,Mühlhausen,TH,PDD
09652,Brückenstein im Grund,TH,PDD
09655,Sommerwald an der Warne,TH,PDD
09656,Rabenscheid,TH,PDD
09657,Erlenstein,TH,PDD
09692,Hirschwald,TH,PDD
09703,Südhausen an der Ilm,TH,PDD
09716,Westbrunn,TH,PDD
09717,Nebelburg,TH,PDD
09722,Bärenbrunn,TH,PDD
09750,Kleinburg,SN,HNE
09758,Mönchshagen,SN,HNE
09763,Neutal am Berg,SN,HNE
09777,Fuchsthal,SN,HNE
09779,Hirschstein am See,SN,HNE
09785,Südingen im Tal,SN,HNE
09791,Kiesau,SN,HNE
09793,Westbach-Ost,SN,HNE
09795,Buchenau,SN,HNE
09803,Ahorndorf im Grund,SN,HNE
09810,Erlenfeld,SN,HNE
09847,Adlerhausen,SN,HNE
09848,Kieshausen,SN,HNE
09851,Bad Hohenfeld an der Ilm,SN,HNE
09853,Nordbach,SN,HNE
09855,Erlenberg,SN,HNE
09872,Altkirchen,SN,HNE
09875,Westfurt im Tal,SN,HNE
09879,Birkenbrunn,SN,HNE
09895,Kieshofen,SN,HNE
09899,Adlerbach,SN,HNE
09905,Hohenhausen,SN,HNE
09911,Neuthal,SN,HNE
09914,Fuchshofen,SN,HNE
09920,Hafenburg im Grund,SN,HNE
09924,Altingen,SN,HNE
09926,Rotfeld,SN,HNE
09947,Mönchshagen,SN,HNE
09953,Moorbach,SN,HNE
09957,Ahornwald am Berg,SN,HNE
09959,Buchental am Moor,SN,HNE
09961,Erlenwald,SN,HNE
09964,Großtal,SN,HNE
09977,Talau,SN,HNE
09998,Hirschthal,SN,HNE
09999,Heidestadt an der Warne,SN,HNE
10001,Fürstenfeld,BB,EFK
10002,Königshofen,BB,EFK
10003,Mühlroda,BB,EFK
10022,Sonnenthal,BB,EFK
10042,Kleinbach,BB,EFK
10044,Obersee,BB,EFK
10051,Wolfsau,BB,EFK
10065,Bad Eichendorf,BB,EFK
10088,Schlossingen,BB,EFK
10112,Bad Mönchshausen,BB,EFK
10134,Ostbrück am Moor,BB,EFK
10174,Buchenfurt,BB,EFK
10175,Nebelhofen,BB,EFK
10176,Fuchsstadt,BB,EFK
10190,Fürstenheim im Tal,BB,EFK
10198,Mondscheid,BB,EFK
10200,Königshofen,BB,EFK
10211,Weststadt,BB,EFK
10221,Niederfeld am Moor,BB,EFK
10261,Oberstadt-Nord,BB,EFK
10267,Erlenbrück an der Warne,BB,EFK
10274,Ostingen,BB,EFK
10290,Ahornau,BB,EFK
10291,Nebelroda,BB,EFK
10298,Berghagen,BB,EFK
10302,Nordheim,BB,EFK
10321,Königswald,BB,EFK
10324,Moorweiler,BB,EFK
10332,Feldfurt,BB,EFK
10352,Kleinfeld,BB,YIB
10446,Bruchbrück,BB,YIB
10482,Hirschsee,BB,YIB
10490,Heidebrunn,BB,YIB
10498,Moorfurt,BB,YIB
10507,Bergfeld-Ost,BB,YIB
10513,Bad Niederbrunn,BB,YIB
10554,Ritterhagen,BB,YIB
10555,Mönchsbrück-Nord,BB,YIB
10618,Birkenhausen am See,BB,YIB
10651,Weidenhofen,BB,YIB
10664,Ritterfurt,BB,YIB
10685,Sonnenfurt an der Ilm,BB,D
10699,Heidehagen-West,BB,D
10710,Südbach,BB,D
10726,Nebelthal,BB,D
10730,Niederscheid,BB,D
10734,Feldroda,BB,D
10738,Birkenwald-Ost,BB,D
10743,Weststein,BB,D
10772,Ostburg,BB,D
10781,Neuscheid,BB,D
10787,Schlossweiler,BB,D
10796,Unterhausen am Moor,BB,D
10826,Wolfsstein,BB,D
10855,Lindeningen,BB,D
10870,Lindenheim,BB,D
10875,Ostscheid,BB,D
10885,Bischofsberg,BB,D
10886,Monddorf,BB,D
10889,Fuchssee,BB,D
10915,Neubrunn,BB,D
10942,Unterau,BB,D
10943,Altroda,BB,D
10948,Gründorf,BB,D
10984,Heidefurt,BB,D
10986,Feldscheid,BB,D
11003,Ritterbrunn,BB,EJV
11017,Fuchsbrunn,BB,EJV
11065,Heideroda im Tal,BB,EJV
11079,Weidenwald,BB,EJV
11092,Wiesenkirchen am See,BB,EJV
11100,Bergheim-Nord,BB,EJV
11109,Westsee-West,BB,EJV
11112,Bischofsheim,BB,EJV
11137,Bad Ostwald am Moor,BB,EJV
11139,Burghausen,BB,EJV
11142,Kieskirchen,BB,EJV
11152,Brückenheim,BB,EJV
11183,Fährweiler,BB,EJV
11185,Großhofen,BB,EJV
11188,Südweiler,BB,EJV
11223,Westhausen,BB,EJV
11253,Grünroda,BB,EJV
11340,Talfeld,BE,HWI
11366,Bischofsroda,BE,HWI
11373,Grünsee,BE,HWI
11377,Lindensee an der Ilm,BE,HWI
11398,Sandroda,BE,HWI
11400,Weidenscheid,BE,HWI
11403,Bäreningen-Süd,BE,HWI
11407,Brückenhagen an der Aue,BE,HWI
11408,Hirschstein,BE,HWI
11416,Bergkirchen,BE,HWI
11420,Bruchhausen,BE,HWI
11439,Buchenheim,BE,HWI
11445,Sommerbrück,BE,HWI
11450,Großscheid,BE,HWI
11454,Bruchberg-Süd,BE,HWI
11463,Buchenbach,BE,HWI
11465,Hirschdorf,BE,HWI
11468,Rabenhagen,BE,HWI
11500,Hirschweiler,BE,HWI
11501,Heidefeld an der Warne,BE,HWI
11503,Bischofsscheid,BE,HWI
11504,Marktsee,BE,HWI
11506,Wiesenkirchen,BE,HWI
11508,Bad Espendorf,BE,HWI
11513,Sandberg,BE,HWI
11520,Mönchskirchen,BE,HWI
11523,Mönchsbach,BE,HWI
11537,Bärenburg,BE,HWI
11542,Schlossau am Berg,BE,HWI
11548,Ahornkirchen am Berg,BE,HWI
11560,Bad Rehheim,BE,HWI
11570,Grünthal,BE,HWI
11586,Birkenscheid,BE,HWI
11598,Lindenstein an der Ilm,BE,HWI
11602,Falkenburg,BE,HWI
11606,Mönchstal an der Aue,BE,HWI
11610,Talhofen,BE,HWI
11612,Weidenbrück am Moor,BE,HWI
11618,Hohenscheid,BE,HWI
11621,Oberthal,BE,HWI
11658,Bad Königssee,BE,HWI
11660,Bärental,BE,HWI
11666,Südingen-Ost,BE,HWI
11667,Kiesberg,BE,HWI
11737,Nordhagen am Berg,BE,BHE
11796,Fürstenhagen,BE,BHE
11804,Schlosswald,BE,BHE
11806,Hirschheim,BE,BHE
12032,Rabenthal,BB,MP
12062,Hirschstein,BB,MP
12112,Fürstenwald,BB,MP
12116,Ostfurt,BB,MP
12148,Ostfeld,BB,MP
12191,Bruchsee,BB,MP
12229,Kleinstein,BB,MP
12235,Osttal,BB,MP
12254,Steinfeld,BB,MP
12265,Bärental am Moor,BB,MP
12363,Bruchbach-Süd,BE,YLZ
12364,Hohenheim-Ost,BE,YLZ
12385,Buchenweiler,BE,YLZ
12393,Kieshofen,BE,YLZ
12429,Winterberg,BE,YLZ
12464,Mönchsthal,BE,YLZ
12579,Kleinau,BE,YLZ
12628,Fürstenburg,BE,YLZ
12632,Ritterburg,BE,YLZ
12641,Wolfsingen,BE,YLZ
12644,Rehstadt,BE,YLZ
12665,Sonnenburg,BE,YLZ
12667,Falkenfeld,BE,YLZ
12671,Moorfeld im Tal,BE,YLZ
12678,Hafenhofen,BB,CPL
12698,Nordfeld-West,BB,CPL
12860,Buchensee an der Warne,BB,CPL
12877,Hirschtal-Nord,BB,CPL
12888,Hohenfeld an der Aue,BB,CPL
13028,Espenhagen,BE,CEH
13038,Nebelwald,BE,CEH
13077,Fürstenscheid im Tal,BE,CEH
13129,Fährsee,BE,CEH
13220,Espenfeld im Grund,BE,CEH
13241,Mönchstal,BE,CEH
13269,Nordwald-West,BE,CEH
13292,Altwald,BE,CEH
13314,Fährbrück,BE,CEH
13348,Wolfsscheid,BB,SLU
13366,Fuchsroda am Moor,BB,SLU
13401,Sandhofen,BB,SLU
13408,Hirschhausen im Tal,BB,SLU
13427,Brückenbrunn,BB,SLU
13435,Kieshofen,BB,SLU
13454,Unterweiler,BB,SLU
13487,Heideweiler,BB,SLU
13488,Bruchstein,BB,SLU
13492,Sommerberg,BB,SLU
13507,Neuheim,BB,SLU
13513,Mondburg-Ost,BB,SLU
13518,Rehbrunn,BB,SLU
13522,Birkendorf,BB,SLU
13537,Grünberg,BB,SLU
13548,Wiesenstadt im Tal,BB,SLU
13549,Sandbrunn,BB,SLU
13561,Schlossscheid,BB,SLU
13583,Sonnenfeld-Süd,BB,SLU
13597,Steinhagen,BB,SLU
13616,Talheim,BB,SLU
13633,Nebelsee an der Warne,BB,SLU
13646,Fürstenbrück,BB,SLU
13670,Birkenwald,BB,SLU
13675,Oberingen,BB,LSQ
13678,Schlossbrunn,BB,LSQ
13689,Kiessee,BB,LSQ
13704,Großfeld,BB,LSQ
13715,Talbach,BB,LSQ
13724,Altdorf,BB,LSQ
13732,Niederberg,BB,LSQ
13738,Sommerbach im Grund,BB,LSQ
13741,Brückenstein,BB,LSQ
13746,Ritterwald im Grund,BB,LSQ
13756,Erlenheim,BB,LSQ
13760,Schlossingen,BB,LSQ
13767,Rehstein,BB,LSQ
13805,Neuroda,BB,LSQ
13821,Nordscheid,BB,LSQ
13824,Brückenthal,BB,LSQ
13826,Hirschdorf,BB,LSQ
13860,Großfeld,BB,LSQ
13861,Winterhofen-Süd,BB,LSQ
13872,Bärenstein,BB,LSQ
13888,Sternstadt,BB,LSQ
13890,Sandberg,BB,LSQ
13897,Sommersee-West,BB,LSQ
13899,Neuthal,BB,LSQ
13902,Marktfurt,BB,LSQ
13925,Mühlwald-Ost,BB,LSQ
13941,Talhagen-West,BB,LSQ
13944,Steinhofen,BB,LSQ
13951,Markthagen,BB,LSQ
13961,Großroda,BB,LSQ
13971,Wiesenstadt am Moor,BB,LSQ
13979,Neuwald-Ost,BB,LSQ
13986,Unterscheid,BB,LSQ
13998,Kleinstadt,BB,LSQ
14002,Rotbrück,BB,LSQ
14009,Ahornkirchen,BB,E
14086,Burghofen,BB,E
14117,Ostthal am See,BB,E
14124,Birkenthal,BB,E
14133,Brückenbrunn,BB,E
14212,Steintal,BB,E
14230,Kleinroda am Moor,BB,E
14285,Ahornhofen am Berg,BB,E
14300,Talhausen an der Ilm,BB,E
14304,Steinstadt,BB,E
14311,Oberau im Grund,BB,E
14351,Rabenfurt,BE,CEF
14388,Erlendorf,BE,CEF
14398,Weidenhausen,BE,CEF
14409,Bischofsheim,BE,CEF
14415,Ritterstein,BE,CEF
14471,Bruchthal im Grund,BE,CEF
14482,Sandhofen an der Aue,BE,CEF
14568,Oberingen,BE,CEF
14587,Mönchsingen,BE,CEF
14611,Talheim,BE,CEF
14623,Großstadt,BE,CEF
14635,Fürstenstadt-Nord,BE,CEF
14654,Wiesenfurt,BE,CEF
14673,Mühlfurt-Süd,BE,XC
14689,Ritteringen,BE,XC
14705,Winterkirchen im Tal,BE,XC
14706,Feldwald,BE,XC
14709,Königsweiler im Grund,BE,XC
14749,Oberkirchen,BE,XC
14758,Mönchsheim,BE,XC
14764,Großhofen,BE,XC
14773,Ahorntal,BE,XC
14778,Berghofen,BE,XC
14782,Altroda,BE,XC
14803,Sternhausen,BE,XC
14815,Wolfsberg,BE,XC
14891,Rehbrunn am Moor,BE,XC
14909,Rabenburg,BE,XC
14910,Bärenthal-West,BE,XC
14935,Altdorf,BE,XC
14940,Bärenau,BE,XC
14941,Kieskirchen,BE,XC
14945,Ahornau an der Warne,BE,XC
14952,Bad Fürstendorf,BE,XC
14954,Sonnenburg,BE,XC
14960,Sonnenau am Berg,BE,XC
14985,Niederthal,BE,XC
14988,Eichenbach,BE,XC
14995,Erlenthal im Grund,BE,XC
14996,Bärenheim,BE,XC
15004,Winterbach,BE,XC
15049,Weidenroda an der Aue,BE,ZDV
15063,Kiesroda an der Aue,BE,ZDV
15136,Bruchhausen,BE,ZDV
15142,Bärenthal,BE,ZDV
15146,Ritterdorf,BE,ZDV
15166,Hafenthal-Ost,BE,ZDV
15205,Erlenhausen,BE,ZDV
15239,Fürstenfurt-West,BE,ZDV
15251,Weidenheim,BE,ZDV
15256,Adlerburg,BE,ZDV
15287,Rabenbrunn,BE,ZDV
15442,Niedersee,BB,W
15443,Burgfurt-West,BB,W
15478,Unterroda-Nord,BB,W
15504,Bärenhofen,BB,W
15517,Sommerberg,BB,W
15536,Altheim am See,BB,W
15567,Bischofsthal,BB,W
15629,Birkenstadt,BB,W
15639,Unterdorf-Ost,BB,W
15670,Steinroda,BB,W
15685,Ritterbrunn,BE,RZO
15703,Rabenburg,BE,RZO
15722,Bärenstein,BE,RZO
15733,Bergberg,BE,RZO
15736,Sandkirchen,BE,RZO
15742,Bruchtal,BE,RZO
15753,Schlossheim an der Aue,BE,RZO
15758,Bergweiler,BE,RZO
15761,Osthofen an der Ilm,BE,RZO
15764,Kiesdorf im Tal,BE,RZO
15773,Hohenbach,BE,RZO
15778,Winterthal,BE,RZO
15791,Rabental,BE,RZO
15813,Ostburg,BE,RZO
15859,Hirschhausen,BE,RZO
15869,Weidenfeld an der Warne,BE,RZO
15875,Weidenhausen an der Ilm,BE,RZO
15877,Ostheim,BE,RZO
15884,Marktweiler-Süd,BE,RZO
15939,Kiesthal-Süd,BE,RZO
15945,Bischofsweiler am Berg,BE,RZO
15966,Nordstein,BE,RZO
15977,Sonnenthal,BE,RZO
16010,Niederwald im Grund,BB,EB
16049,Nebelfeld am Moor,BB,EB
16050,Fürstenau-Nord,BB,EB
16056,Birkenwald-West,BB,EB
16057,Schlossburg,BB,EB
16064,Hohenbrunn,BB,EB
16082,Bergwald,BB,EB
16087,Bad Ostbach,BB,EB
16095,Brückenhausen,BB,EB
16119,Berghagen,BB,EB
16132,Lindental-Ost,BB,EB
16141,Weidenstein im Grund,BB,EB
16152,Kieshausen,BB,EB
16187,Eichenweiler am Berg,BB,EB
16230,Grünstein,BB,EB
16242,Erlensee an der Aue,BB,EB
16244,Marktburg,BB,EB
16254,Altbrück,BB,EB
16272,Rotsee,BB,EB
16275,Oberdorf,BB,EB
16279,Lindenbrunn,BB,EB
16283,Oberbrunn,BB,EB
16284,Erlenbach,BB,EB
16289,Birkenfurt,BB,EB
16297,Bad Weidenbrück,BB,EB
16300,Grünsee,BB,EB
16305,Lindenkirchen,BB,EB
16308,Steinhofen,BB,EB
16321,Eichenscheid,BB,EB
16323,Hirschfurt,BB,EB
16338,Espeningen,BE,CAW
16350,Sonnenau,BE,CAW
16388,Königsbrück,BE,CAW
16427,Fuchsthal,BE,CAW
16444,Wiesenhofen,BE,CAW
16456,Kiesbrunn,BE,CAW
16482,Neuhofen,BE,CAW
16501,Talau,BE,CAW
16505,Erlenthal-Nord,BE,CAW
16560,Grünthal-Nord,BE,CAW
16590,Steindorf-Ost,BE,CAW
16634,Oberheim,BE,CAW
16648,Weidenburg,BE,CAW
16654,Fuchstal an der Warne,BE,CAW
16672,Mühlthal-Nord,BB,CO
16686,Mühlburg,BB,CO
16692,Moorbach,BB,CO
16695,Fuchsberg,BB,CO
16713,Burgscheid,BB,CO
16717,Bad Neuhausen,BB,CO
16724,Espenheim,BB,CO
16744,Weidenscheid,BB,CO
16753,Rabenstadt an der Ilm,BB,CO
16756,Ahornstein,BB,CO
16757,Unterkirchen,BB,CO
16758,Buchenau-West,BB,CO
16806,Mondberg-West,BB,CO
16808,Steindorf an der Aue,BB,CO
16821,Niederkirchen,BB,CO
16832,Rotkirchen,BB,CO
16836,Südberg,BB,CO
16880,Bischofsbrück,BB,CO
16886,Sandheim-Nord,BB,CO
16907,Birkenau,BB,CO
16935,Bärenbach,BB,CO
16937,Bärenstadt-Nord,BB,CO
16940,Weidenhausen,BB,CO
16942,Talburg-West,BB,CO
16951,Nordthal,BB,CO
16956,Bischofshagen,BB,CO
16958,Altthal,BB,CO
16975,Nordthal,BB,CO
17000,Talfurt,BB,CO
17010,Steinbrück,MV,PI
17019,Lindenhofen am See,MV,PI
17040,Brückensee-Ost,MV,PI
17050,Brückenbach an der Warne,MV,PI
17063,Bischofsbrunn,MV,PI
17102,Wolfsheim am See,MV,PI
17110,Schlossfeld,MV,PI
17113,Sandingen-Süd,MV,PI
17125,Espenstadt,MV,PI
17166,Grünhausen,MV,PI
17167,Ostburg,MV,PI
17174,Kleiningen,MV,PI
17178,Bad Schlossbach-Nord,MV,PI
17183,Winterhagen,MV,PI
17194,Steinweiler,MV,PI
17213,Espenbrück,MV,PI
17214,Lindenheim,MV,PI
17216,Fürstenbrück,MV,PI
17221,Großfurt-Süd,MV,PI
17236,Königshofen,MV,PI
17242,Bischofskirchen-Süd,MV,PI
17246,Hirschscheid an der Warne,MV,PI
17255,Mönchsstadt,MV,PI
17269,Marktbrunn,MV,PI
17272,Adlerdorf,MV,PI
17282,Eichenau-Süd,MV,PI
17300,Bischofsau,MV,PI
17303,Erlenthal,MV,PI
17307,Wolfsstadt,MV,PI
17313,Ritterdorf,MV,PI
17315,Schlosssee,MV,PI
17325,Grünau,MV,PI
17337,Ahornhausen,BE,KOB
17350,Rotwald,BE,KOB
17354,Birkendorf,BE,KOB
17359,Bad Unterbrück,BE,KOB
17382,Altstein,BE,KOB
17385,Mönchsheim an der Aue,BE,KOB
17400,Neubach,BE,KOB
17431,Fuchsheim-Ost,BE,KOB
17437,Sonnenhagen,BE,KOB
17440,Brückensee,BE,KOB
17446,Bruchscheid-Süd,BE,KOB
17448,Hohenstein,BE,KOB
17451,Neufeld im Tal,BE,KOB
17457,Erleningen,BE,KOB
17465,Mühlbach-West,BE,KOB
17467,Sommerthal,BE,KOB
17474,Hohenberg,BE,KOB
17485,Lindenthal,BE,KOB
17490,Kleinau,BE,KOB
17517,Fährstadt,BE,KOB
17520,Fährfeld,BE,KOB
17522,Mondweiler an der Aue,BE,KOB
17523,Heidestein,BE,KOB
17524,Kieshausen,BE,KOB
17525,Bruchingen-Nord,BE,KOB
17533,Sandberg-Süd,BE,KOB
17537,Erlensee,BE,KOB
17550,Mühlthal,BE,KOB
17551,Marktfurt,BE,KOB
17563,Bärental,BE,KOB
17568,Nebelthal am See,BE,KOB
17593,Mönchskirchen,BE,KOB
17597,Espenburg,BE,KOB
17600,Brückenbach am Berg,BE,KOB
17608,Sommerhagen,BE,KOB
17609,Brückenwald,BE,KOB
17623,Hohenstadt,BE,KOB
17626,Kiesscheid im Tal,BE,KOB
17694,Hirschfeld,BB,LKY
17706,Moorhausen,BB,LKY
17708,Wolfssee,BB,LKY
17722,Ritterwald,BB,LKY
17736,Fährweiler an der Ilm,BB,LKY
17739,Sandroda,BB,LKY
17774,Brückenburg,BB,LKY
17801,Fährtal,BB,LKY
17804,Königshofen,BB,LKY
17860,Kiesheim,BB,LKY
17862,Mondbrunn,BB,LKY
17892,Hafenscheid im Tal,BB,LKY
17895,Weidenscheid,BB,LKY
17896,Weidenhagen,BB,LKY
17900,Weidenfeld,BB,LKY
17917,Kleindorf,BB,LKY
17929,Neudorf,BB,LKY
17935,Mönchsdorf,BB,LKY
17951,Erlenfeld,BB,LKY
17958,Marktfurt,BB,LKY
17965,Bärenroda,BB,LKY
17971,Rabenweiler,BB,LKY
17978,Mondhausen,BB,LKY
17988,Bruchhagen,BB,LKY
17989,Oberau,BB,LKY
18039,Westscheid,BB,S
18058,Ahornstadt im Grund,BB,S
18066,Unterfeld,BB,S
18075,Falkeningen,BB,S
18132,Fürstenstein-Nord,BB,S
18137,Steinbrück,BB,S
18152,Altweiler,BB,S
18216,Sommerfeld am See,BB,S
18234,Weidenroda,BB,S
18238,Ritterbrück,BB,S
18239,Nebelsee,BB,S
18251,Bruchau,BB,S
18264,Rehberg,BB,S
18272,Wolfskirchen,BB,S
18279,Birkenbrunn,BB,S
18307,Fährau,BB,S
18394,Nordstadt,BB,KY
18408,Moorsee,BB,KY
18455,Mühltal,BB,KY
18476,Ahornbrück an der Ilm,BB,KY
18503,Schlossbrunn-Nord,BB,KY
18520,Sandfurt,BB,KY
18609,Mondstein,BB,KY
18644,Obersee,BB,KY
18656,Sternfeld,BB,KY
18671,Feldtal,MV,VRE
18678,Neuheim,MV,VRE
18684,Bad Burgfeld,MV,VRE
18697,Nebelstein,MV,VRE
18700,Osthofen-West,MV,VRE
18701,Steinfeld am See,MV,VRE
18707,Rabenscheid,MV,VRE
18711,Bad Mühlsee an der Ilm,MV,VRE
18712,Erlenbrunn,MV,VRE
18740,Ritterdorf,MV,VRE
18758,Falkenburg,MV,VRE
18760,Königsingen,MV,VRE
18772,Fürstenheim am See,MV,VRE
18773,Unterdorf-West,MV,VRE
18789,Adlerfurt im Grund,MV,VRE
18802,Altberg,MV,VRE
18806,Mühlberg,MV,VRE
18807,Rothofen,MV,VRE
18810,Mondkirchen am Berg,MV,VRE
18819,Talbrück,MV,VRE
18822,Heidetal,MV,VRE
18824,Unterwald,MV,VRE
18831,Unterberg,MV,VRE
18845,Winterstein am See,MV,VRE
18851,Sandthal,MV,VRE
18860,Ostberg,MV,VRE
18864,Südtal,MV,VRE
18870,Lindenhausen,MV,VRE
18882,Steinbrunn,MV,VRE
18897,Steinthal,MV,VRE
18899,Bruchheim,MV,VRE
18906,Sternstadt-Süd,MV,VRE
18920,Fährdorf am See,MV,VRE
18921,Schlossbrück,MV,VRE
18923,Neuwald-Süd,MV,VRE
18930,Ostingen,MV,VRE
18950,Wiesenheim-Süd,MV,VRE
18960,Sommerfeld,MV,VRE
18962,Rabental,MV,VRE
18971,Wiesenfurt,MV,VRE
18977,Sternberg am Berg,MV,VRE
18984,Heidesee,MV,VRE
19011,Burgbrück,BB,UR
19027,Unterweiler an der Ilm,BB,UR
19029,Adlerheim-Nord,BB,UR
19050,Wolfsroda,BB,UR
19055,Ahornbach,BB,UR
19066,Sonnendorf,BB,UR
19160,Brückenweiler,BB,UR
19185,Altbrück am Berg,BB,UR
19211,Weidenau,BB,UR
19219,Burgburg,BB,UR
19255,Burgfeld,BB,UR
19268,Hohenheim,BB,UR
19286,Neuingen,BB,UR
19290,Fuchsbrunn,BB,UR
19292,Burgberg,BB,UR
19296,Heideroda,BB,UR
19316,Brückenthal,BB,UR
19357,Falkenhofen,MV,HON
19379,Südingen,MV,HON
19476,Weidental-Süd,MV,HON
19507,Fuchsburg,MV,HON
19512,Lindendorf-Süd,MV,HON
19527,Steinstadt,MV,HON
19557,Lindenweiler-Süd,MV,HON
19594,Nebelhausen-West,MV,HON
19613,Südfeld,MV,HON
19667,Obertal,MV,OEY
19670,Wiesenheim,MV,OEY
19674,Fährhagen,MV,OEY
19690,Fürstenwald am Berg,MV,OEY
19696,Bad Bischofsscheid im Tal,MV,OEY
19703,Grünheim,MV,OEY
19740,Rotberg,MV,OEY
19776,Bergburg,MV,OEY
19797,Schlossburg,MV,OEY
19815,Fürstenfurt,MV,OEY
19842,Lindenheim,MV,OEY
19849,Sonnenscheid an der Warne,MV,OEY
19891,Sonnenhausen am Moor,MV,OEY
19956,Wolfsroda,MV,OEY
19988,Nebelroda,MV,OEY
20000,Bergau,NI,EOI
20027,Oberburg-Ost,NI,EOI
20030,Eichenscheid,NI,EOI
20033,Winterwald,NI,EOI
20037,Bischofsheim,NI,EOI
20042,Kleinweiler,NI,EOI
20051,Fährbrunn,NI,EOI
20068,Altstein,NI,EOI
20070,Bergau,NI,EOI
20076,Bad Berghagen,NI,EOI
20091,Buchenbrunn,NI,EOI
20092,Fürstenhagen,NI,EOI
20102,Kleinthal im Tal,NI,EOI
20119,Wolfsstein,NI,EOI
20145,Rehburg,NI,EOI
20158,Bruchweiler,NI,EOI
20164,Osttal,NI,EOI
20169,Bischofsroda,NI,EOI
20172,Eichenwald im Grund,NI,EOI
20173,Bruchhausen,NI,EOI
20189,Eichenbach,NI,EOI
20190,Niederfurt,NI,EOI
20192,Weidenberg,NI,EOI
20199,Grünweiler,NI,EOI
20204,Bruchhagen,NI,EOI
20205,Westhofen am Berg,NI,EOI
20206,Sonnenhofen,NI,EOI
20208,Weidenhofen,NI,EOI
20209,Espeningen,NI,EOI
20214,Lindenberg,NI,EOI
20218,Bad Fährau,NI,EOI
20242,Bärenweiler,HH,GA
20245,Fürstenscheid,HH,GA
20249,Unterbach,HH,GA
20254,Bergau,HH,GA
20260,Fuchshausen,HH,GA
20285,Birkendorf,HH,GA
20294,Fährbach,HH,GA
20302,Rotheim,HH,GA
20321,Schlossstein,HH,GA
20341,Sandtal,HH,GA
20354,Mönchsstadt,HH,GA
20356,Altbach,HH,GA
20384,Niederstadt-West,HH,GA
20396,Buchenhagen,HH,GA
20440,Eichenfurt,HH,GA
20470,Birkenau,HH,GA
20479,Neuweiler,SH,PDL
20494,Hafenstadt,SH,PDL
20514,Altbrück,SH,PDL
20519,Espenheim,SH,PDL
20534,Altfeld im Grund,SH,PDL
20545,Neuhausen,SH,PDL
20573,Brückenscheid,SH,PDL
20574,Moorfeld an der Warne,SH,PDL
20575,Steinau,SH,PDL
20578,Weidenburg,SH,PDL
20582,Rotau,SH,PDL
20596,Buchenheim-Ost,SH,PDL
20610,Markthofen an der Warne,SH,PDL
20625,Moorhofen,SH,PDL
20626,Unterstein,SH,PDL
20642,Sandfurt,SH,PDL
20643,Rotthal-Nord,SH,PDL
20649,Nebelbrück,SH,PDL
20661,Falkenbrück,SH,PDL
20711,Erlenau,SH,PDL
20746,Hafeningen,NI,RBM
20765,Bad Südhausen-West,NI,RBM
20767,Brückenthal,NI,RBM
20790,Kieshofen,NI,RBM
20791,Rotweiler,NI,RBM
20816,Ostdorf,NI,RBM
20820,Bad Hafenheim,NI,RBM
20853,Sternbrunn,NI,RBM
20866,Heidebrück,NI,RBM
20877,Weidenburg,NI,RBM
20925,Eichenburg,NI,RBM
20930,Bad Fürstenthal,NI,RBM
20937,Bärendorf-Nord,NI,RBM
20948,Erlenweiler an der Warne,NI,RBM
20957,Feldstadt,HH,FIG
20965,Erlensee,HH,FIG
20966,Wolfsroda im Tal,HH,FIG
20968,Nordbach,HH,FIG
20972,Ahornberg am Berg,HH,FIG
20980,Schlossfeld,HH,FIG
20983,Weidenhagen,HH,FIG
20984,Bärenscheid,HH,FIG
20989,Mühlhausen,HH,FIG
20993,Hohendorf-Süd,HH,FIG
20995,Großtal,HH,FIG
20996,Markthofen im Tal,HH,FIG
20999,Sandhagen,HH,FIG
21000,Hafenthal,HH,FIG
21002,Altingen,HH,FIG
21003,Westburg,HH,FIG
21008,Oberkirchen,HH,FIG
21011,Rehthal-Nord,HH,FIG
21012,Heidehofen,HH,FIG
21014,Moorfeld,HH,FIG
21015,Bergdorf-West,HH,FIG
21017,Bad Mönchsthal am Moor,HH,FIG
21019,Bad Feldau,HH,FIG
21022,Birkenscheid,HH,FIG
21031,Lindenwald,HH,FIG
21033,Neukirchen,HH,FIG
21047,Grünsee-Ost,HH,FIG
21050,Kiesbrück,HH,FIG
21051,Eichenscheid,HH,FIG
21059,Sternburg-Ost,HH,FIG
21062,Sonnenhagen,HH,FIG
21063,Berghausen am Moor,HH,FIG
21066,Feldheim,HH,FIG
21067,Moorsee,HH,FIG
21068,Neuberg,HH,FIG
21074,Erlenbach,HH,FIG
21080,Althausen-Ost,HH,FIG
21083,Kiesweiler,HH,FIG
21086,Marktdorf,HH,FIG
21090,Weidensee an der Ilm,HH,FIG
21097,Bruchfurt,HH,FIG
21100,Oststein,HH,FIG
21104,Unterheim,HH,FIG
21107,Lindenstein,HH,FIG
21114,Bergtal an der Warne,HH,FIG
21115,Falkenbach,HH,FIG
21120,Kiessee,HH,FIG
21121,Rabenbrück,HH,FIG
21124,Espenfeld,HH,FIG
21127,Bischofshausen,HH,FIG
21128,Espensee-Süd,HH,FIG
21135,Falkensee,HH,FIG
21137,Bischofsheim,HH,FIG
21138,Unterbach-Ost,HH,FIG
21139,Kleinweiler,HH,FIG
21145,Rotbrunn,HH,FIG
21148,Bad Großheim,HH,FIG
21156,Mooringen,HH,FIG
21163,Hafensee,HH,FIG
21165,Espental,HH,FIG
21168,Südhausen,HH,FIG
21173,Westingen am See,HH,FIG
21174,Markthausen,HH,FIG
21176,Birkenthal,HH,FIG
21177,Nordbach,HH,FIG
21181,Fürstenbrück,HH,FIG
21191,Buchenau,HH,FIG
21267,Fährau,SH,RH
21375,Erlenfurt-Nord,SH,RH
21409,Südhofen,SH,RH
21448,Königshausen,HH,SPJ
21454,Espenhagen,HH,SPJ
21458,Bergingen,HH,SPJ
21468,Altscheid an der Aue,HH,SPJ
21491,Kleinkirchen,HH,SPJ
21502,Ritterfeld,HH,SPJ
21519,Bischofswald,HH,SPJ
21535,Espenfeld,HH,SPJ
21590,Marktthal-Nord,HH,SPJ
21601,Bergburg,HH,SPJ
21614,Hohenstadt,HH,SPJ
21616,Sandberg im Tal,HH,SPJ
21627,Nebelbach,HH,SPJ
21631,Westweiler,HH,SPJ
21633,Neuhofen,HH,SPJ
21655,Ritteringen,HH,SPJ
21677,Eichenhausen-Ost,HB,ILL
21691,Winterbach,HB,ILL
21694,Bärenfeld,HB,ILL
21699,Südbrunn,HB,ILL
21700,Westkirchen,HB,ILL
21701,Bärenkirchen an der Warne,HB,ILL
21704,Sternbrunn,HB,ILL
21707,Heidesee,HB,ILL
21708,Unterberg,HB,ILL
21709,Mönchsroda,HB,ILL
21715,Espenstadt,HB,ILL
21721,Eichenberg,HB,ILL
21729,Ostsee am Berg,HB,ILL
21738,Rabenstadt,HB,ILL
21746,Burgfurt,HB,ILL
21760,Sternberg,HB,ILL
21776,Sonnenscheid,HB,ILL
21779,Nordweiler,HB,ILL
21781,Bruchfeld-Nord,HB,ILL
21782,Neufurt am See,HB,ILL
21788,Erlenwald,HB,ILL
21794,Wiesenhofen-Ost,HB,ILL
21804,Fuchskirchen,HB,ILL
21805,Marktthal,HB,ILL
21813,Espenstein im Tal,HB,ILL
21815,Ahornburg,HB,ILL
21819,Mühlwald-Nord,HB,ILL
21824,Ostburg,HB,ILL
21829,Bischofsthal,HB,ILL
21832,Bucheningen,HB,ILL
21835,Grünroda,HB,ILL
21848,Ostburg an der Aue,HB,ILL
21854,Südfeld,HB,ILL
21863,Hohenstein,HB,ILL
21864,Bergscheid,HB,ILL
21868,Sommerbrunn,HB,ILL
21874,Mönchssee,HB,ILL
21883,Hohenkirchen,HB,ILL
21891,Niederfurt,HB,ILL
21933,Rittersee,NI,DPU
21978,Wintersee,NI,DPU
21986,Wiesendorf,NI,DPU
22018,Ahornthal,NI,DPU
22020,Lindenbrunn am Berg,NI,DPU
22025,Burgfeld am Moor,NI,DPU
22037,Lindenheim,NI,DPU
22045,Westfurt,NI,DPU
22059,Burgwald,NI,DPU
22067,Fürstenbach,NI,DPU
22085,Sternthal,NI,DPU
22093,Hirschau,NI,DPU
22110,Sonnendorf,NI,DPU
22112,Hirschingen,NI,DPU
22125,Hirschtal,NI,DPU
22129,Wolfskirchen,NI,DPU
22137,Bad Mühlfurt,NI,DPU
22144,Talscheid,NI,DPU
22151,Neukirchen an der Ilm,NI,VUC
22158,Lindenhagen,NI,VUC
22160,Rehbrunn am Moor,NI,VUC
22162,Bischofsthal am Berg,NI,VUC
22165,Rehsee,NI,VUC
22185,Buchenscheid,NI,VUC
22190,Bad Erlenbrunn,NI,VUC
22193,Hohenwald,NI,VUC
22196,Sonnenstein,NI,VUC
22202,Weidenwald,NI,VUC
22210,Osthofen,NI,VUC
22215,Ostroda,NI,VUC
22218,Sternbrück,NI,VUC
22259,Sommerhausen-West,NI,VUC
22262,Marktthal,NI,VUC
22268,Steinfurt,NI,VUC
22271,Heidestein-West,NI,VUC
22279,Falkenbrück,NI,VUC
22284,Westberg,NI,VUC
22286,Königsdorf-Ost,NI,VUC
22289,Sonnenhofen,NI,VUC
22290,Unterhausen am See,NI,VUC
22303,Kleinwald,NI,VUC
22305,Fuchskirchen,NI,VUC
22312,Bischofskirchen,NI,VUC
22313,Fährberg am See,NI,VUC
22322,Adlerbrück im Tal,NI,VUC
22326,Sandwald,NI,VUC
22338,Bärensee,NI,VUC
22352,Sandstadt,NI,VUC
22356,Steinberg,NI,VUC
22366,Südbrück-Süd,NI,VUC
22368,Feldstein,NI,VUC
22382,Feldheim am Moor,NI,VUC
22430,Falkenau,SH,EUH
22485,Westthal,SH,EUH
22486,Kleinscheid,SH,EUH
22512,Moorbrunn,SH,EUH
22526,Rehfurt,SH,EUH
22531,Ritterthal,SH,EUH
22545,Osthausen,SH,EUH
22558,Schlosshofen,SH,EUH
22572,Bischofswald,SH,EUH
22589,Ritterfurt an der Aue,SH,EUH
22622,Wiesendorf-Süd,SH,ETQ
22630,Adlerbrunn,SH,ETQ
22632,Birkenhofen,SH,ETQ
22633,Bruchfurt,SH,ETQ
22639,Fuchsfurt,SH,ETQ
22640,Niederhofen,SH,ETQ
22642,Osthagen-West,SH,ETQ
22661,Großscheid,SH,ETQ
22663,Wiesental-Ost,SH,ETQ
22666,Marktfeld,SH,ETQ
22668,Rehbach,SH,ETQ
22671,Schlossberg,SH,ETQ
22676,Wiesenberg am Berg,SH,ETQ
22677,Wiesenbrunn,SH,ETQ
22678,Weidenkirchen,SH,ETQ
22679,Ahornthal-Ost,SH,ETQ
22680,Bärenburg,SH,ETQ
22684,Winterau am See,SH,ETQ
22685,Großhofen,SH,ETQ
22706,Hirschberg,SH,ETQ
22709,Hohenberg,SH,ETQ
22710,Hohenhofen,SH,ETQ
22712,Ahornkirchen,SH,ETQ
22713,Bad Brückenbrück,SH,ETQ
22717,Feldheim am See,SH,ETQ
22719,Nebelthal,SH,ETQ
22723,Adlerbach,SH,ETQ
22725,Erlenscheid,SH,ETQ
22737,Sternhausen-Ost,SH,ETQ
22738,Feldwald,SH,ETQ
22740,Unterbrunn,SH,ETQ
22748,Feldfurt,SH,ETQ
22752,Bergfeld,SH,ETQ
22765,Ahorndorf im Grund,SH,ETQ
22767,Ahornhagen,SH,ETQ
22772,Ritterstadt-Ost,SH,ETQ
22775,Bischofsfurt,SH,ETQ
22776,Fährweiler,SH,ETQ
22777,Sandhagen im Grund,SH,ETQ
22794,Weidenbrück an der Warne,SH,ETQ
22804,Talhagen,SH,ETQ
22805,Weidenstadt im Grund,SH,ETQ
22810,Fährkirchen,SH,ETQ
22816,Altburg,SH,ETQ
22822,Weidenstadt im Grund,SH,ETQ
22832,Mondroda an der Warne,SH,ETQ
22834,Weidenweiler,SH,ETQ
22836,Feldbrück am Berg,SH,ETQ
22843,Sandbach,SH,ETQ
22844,Sandtal,SH,ETQ
22849,Winterroda,SH,ETQ
22852,Bischofsingen,SH,ETQ
22854,Nebelsee,SH,ETQ
22855,Wiesenberg,SH,ETQ
22909,Buchental,NI,C
22914,Hirschthal,NI,C
22917,Lindenroda,NI,C
22955,Winterstadt-West,NI,C
22973,Moorstadt,NI,C
23014,Hirschbrück,NI,C
23016,Burgsee,NI,C
23022,Brückenau,NI,C
23071,Bergwald,NI,C
23090,Mühlingen,NI,C
23118,Sonnensee,NI,PF
23126,Mondfurt,NI,PF
23147,Marktdorf-Nord,NI,PF
23156,Wieseningen,NI,PF
23161,Bischofstal-Ost,NI,PF
23206,Oberweiler,NI,PF
23224,Neufurt,NI,PF
23228,Sonnenfurt an der Warne,NI,PF
23262,Mondberg am See,NI,PF
23331,Großkirchen,NI,PF
23343,Bischofsscheid,SH,PQ
23365,Rehdorf,SH,PQ
23377,Hohenfeld,SH,PQ
23390,Eichenbrunn,SH,PQ
23400,Sonnental,SH,PQ
23403,Bad Marktwald-Ost,SH,PQ
23405,Heideheim,SH,PQ
23411,Südbrunn,SH,PQ
23419,Bärenheim,SH,PQ
23457,Talsee im Tal,SH,PQ
23462,Grünberg,SH,PQ
23467,Rotthal,SH,PQ
23472,Adlerwald am Moor,SH,PQ
23484,Espenhausen,SH,PQ
23489,Bärenstein,SH,PQ
23498,Unterscheid,SH,PQ
23518,Rothagen an der Aue,SH,PQ
23521,Königsau,SH,PQ
23529,Neustein,SH,PQ
23532,Kiesthal,SH,PQ
23540,Hafental,SH,PQ
23547,Sonnenfurt,SH,PQ
23556,Niederfurt im Grund,SH,PQ
23568,Altfurt,SH,PQ
23590,Talsee-Nord,SH,AF
23591,Mönchsstadt,SH,AF
23597,Marktfurt,SH,AF
23598,Bärenfeld,SH,AF
23601,Adlerfeld,SH,AF
23606,Marktthal,SH,AF
23608,Wiesenfeld,SH,AF
23612,Rehhofen,SH,AF
23622,Steinau-Nord,SH,AF
23636,Fürstenwald,SH,AF
23651,Grünburg,SH,AF
23652,Schlossroda,SH,AF
23654,Mühlbrunn-Süd,SH,AF
23657,Oststein am See,SH,AF
23658,Eichenhagen,SH,AF
23665,Bruchbach,SH,AF
23672,Königshausen-Ost,SH,AF
23675,Brückenstein,SH,AF
23678,Kiesscheid,SH,AF
23680,Talfeld,SH,AF
23684,Eichenbrunn,SH,AF
23688,Niederstadt,SH,AF
23695,Fürstenhagen,SH,AF
23703,Birkenau,SH,AF
23705,Fuchskirchen,SH,AF
23707,Kleinfeld,SH,AF
23716,Erlenthal-West,SH,AF
23717,Kleinau,SH,AF
23727,Wiesenfurt,SH,AF
23745,Bergroda,SH,AF
23747,Hafenstein,SH,AF
23754,Neubrunn,SH,AF
23764,Nordhagen-Nord,SH,AF
23765,Westdorf,SH,AF
23767,Ritterstadt,SH,AF
23779,Mönchsingen,SH,AF
23782,Falkenfeld,SH,AF
23789,Sandbrück an der Warne,SH,AF
23791,Fuchskirchen,SH,AF
23806,Marktberg,SH,AF
23811,Rehsee an der Ilm,SH,AF
23819,Mönchsberg an der Warne,SH,AA
23859,Adlerwald,SH,AA
23913,Sandstadt an der Ilm,SH,AA
23955,Heidehagen,SH,AA
23970,Fürstenkirchen am Berg,SH,AA
24023,Sonnenthal,SH,AA
24080,Espenhagen,HH,VN
24095,Mondfurt-Ost,HH,VN
24097,Bruchscheid,HH,VN
24117,Monddorf,HH,VN
24120,Fürstenstadt-Nord,HH,VN
24135,Fürsteningen,HH,VN
24153,Neuhagen an der Warne,HH,VN
24159,Rotweiler im Tal,HH,VN
24167,Sommerau,HH,VN
24172,Lindenhagen,HH,VN
24195,Sonnenfeld,HH,VN
24203,Bergbrück,HH,VN
24211,Rotfurt,HH,VN
24213,Burgbach,HH,VN
24247,Bad Sterningen,HH,VN
24249,Schlossscheid am Berg,HH,VN
24292,Eichenburg am Moor,SH,AJR
24297,Rotdorf,SH,AJR
24302,Sterningen,SH,AJR
24320,Hirschkirchen,SH,AJR
24327,Südhausen,SH,AJR
24333,Falkenbrück-Süd,SH,AJR
24338,Altburg,SH,AJR
24350,Grünsee,SH,AJR
24353,Adlerbrunn-Süd,SH,AJR
24357,Wolfstal,SH,AJR
24371,Fähringen-Nord,SH,AJR
24373,Altkirchen,SH,AJR
24387,Fährbrück,SH,AJR
24391,Sonnenburg,SH,AJR
24400,Erlenbrunn,SH,AJR
24409,Bergbach,SH,AJR
24412,Westbach an der Warne,SH,AJR
24446,Ritteringen,SH,AJR
24454,Mühlthal-Süd,SH,AJR
24473,Erlenhausen an der Ilm,SH,AJR
24483,Königsfurt,SH,AJR
24506,Sandburg,SH,AJR
24510,Hafenhausen,SH,AJR
24517,Weidenberg,SH,AJR
24540,Sommerau,SH,G
24565,Mondhagen,SH,G
24582,Hohenhausen an der Ilm,SH,G
24628,Brückenhagen,SH,G
24652,Rabenwald,SH,G
24664,Bruchkirchen,SH,G
24700,Bad Bärenhausen,SH,G
24726,Winterkirchen,SH,G
24731,Winterbrunn im Grund,SH,G
24806,Sandfeld,NI,HN
24814,Lindenstein,NI,HN
24818,Kiesburg,NI,HN
24881,Kleinau,NI,HN
24884,Ostfurt,NI,HN
24986,Grünstein,NI,HN
24996,Grüningen im Tal,NI,HN
25043,Rabenstadt,SH,SZT
25151,Bärenhausen,SH,SZT
25160,Kleindorf,SH,SZT
25176,Bärenbach am Moor,SH,SZT
25228,Rehstadt,SH,SZT
25249,Kiesfeld-Süd,SH,LCV
25253,Großhausen,SH,LCV
25258,Mühlwald,SH,LCV
25259,Osttal,SH,LCV
25268,Rotbrunn,SH,LCV
25290,Neustadt am Moor,SH,LCV
25294,Neubach,SH,LCV
25295,Steinau,SH,LCV
25308,Nebelstein,SH,LCV
25310,Nebelstein,SH,LCV
25329,Bärenthal,SH,LCV
25339,Ahornhausen,SH,LCV
25340,Bärental,SH,LCV
25342,Eichenbrück im Tal,SH,LCV
25361,Königstal,SH,LCV
25367,Rabenbach an der Aue,SH,LCV
25379,Steinscheid,SH,LCV
25384,Königswald,SH,LCV
25388,Rabenkirchen an der Warne,SH,LCV
25407,Königswald,SH,LCV
25409,Sandthal im Tal,SH,LCV
25412,Falkenwald,SH,LCV
25420,Kleinberg,SH,LCV
25423,Grünfeld,SH,LCV
25425,Sternfeld,SH,LCV
25430,Mönchsdorf,SH,LCV
25431,Fürstenscheid an der Ilm,SH,LCV
25451,Kleinsee-West,SH,LCV
25453,Marktscheid,SH,LCV
25454,Kleintal-Ost,SH,LCV
25456,Nordau,SH,LCV
25474,Nordfeld,SH,LCV
25476,Nebelberg,SH,LCV
25477,Fährbach im Grund,SH,LCV
25525,Wiesenberg,NI,Z
25544,Mönchsbach,NI,Z
25557,Mönchsdorf,NI,Z
25604,Eichenbrunn am See,NI,Z
25621,Schlossfurt,NI,Z
25655,Heideberg,NI,Z
25663,Fuchsau,NI,Z
25714,Bruchtal,NI,Z
25725,Großhagen,SH,UXL
25735,Schlossheim,SH,UXL
25736,Südtal,SH,UXL
25751,Heidebach,SH,UXL
25756,Ritterroda,SH,UXL
25762,Mondkirchen,SH,UXL
25783,Grüntal am Moor,SH,UXL
25790,Rothausen,SH,UXL
25831,Hohenau,SH,UXL
25837,Untersee,SH,UXL
25873,Schlossbrück-Ost,SH,UXL
25962,Adlerdorf,MV,IS
25967,Osttal,MV,IS
25978,Mönchsburg,MV,IS
25979,Unterheim,MV,IS
25993,Moorheim am Moor,MV,IS
25997,Bärental im Grund,MV,IS
25999,Oberburg,MV,IS
26000,Ritterberg,MV,IS
26012,Bad Wiesenkirchen,MV,IS
26031,Erlenburg-West,MV,IS
26032,Neusee,MV,IS
26042,Grünheim,MV,IS
26066,Niederhagen,MV,IS
26084,Rehweiler,MV,IS
26086,Sandthal,MV,IS
26090,Winterheim,MV,IS
26092,Fährbrück-Nord,MV,IS
26096,Sonnenkirchen,MV,IS
26109,Neutal,MV,IS
26127,Winterbach,MV,IS
26130,Bad Sonnenbrück,MV,IS
26160,Bad Westroda,MV,IS
26197,Heidebach,SH,Y
26261,Mondfeld im Tal,SH,Y
26293,Oberhausen,SH,Y
26320,Bruchwald am Moor,SH,Y
26340,Ostau,SH,Y
26354,Gründorf,SH,Y
26361,Birkensee,SH,Y
26392,Eichensee-Süd,SH,Y
26443,Südfurt im Tal,SH,JK
26471,Sommerberg,SH,JK
26473,Birkental,SH,JK
26475,Hirschthal-Süd,SH,JK
26476,Neukirchen,SH,JK
26477,Bruchburg,SH,JK
26479,Fürstental,SH,JK
26500,Mondweiler,SH,JK
26519,Bad Buchenthal,SH,JK
26521,Hirschkirchen,SH,JK
26573,Hohenberg,SH,JK
26581,Fährthal am Moor,SH,JK
26596,Talfurt,SH,JK
26624,Alttal-Süd,SH,JK
26649,Wintertal,SH,JK
26676,Hohenhofen,NI,FS
26694,Fährbrück am Berg,NI,FS
26707,Bad Lindental,NI,FS
26744,Winterwald am See,NI,FS
26770,Nebelkirchen,NI,FS
26780,Lindenthal,NI,FS
26841,Bärenstein,NI,FS
26858,Ahornhausen,NI,FS
26895,Eichenburg,NI,FS
26912,Rabenbach,SH,LMW
26917,Niederscheid,SH,LMW
26918,Wolfshofen,SH,LMW
26931,Heidestadt,SH,LMW
26967,Brückenwald,SH,LMW
26977,Mondau,SH,LMW
27017,Fährbach,SH,LMW
27025,Heidekirchen,SH,LMW
27039,Unterhausen,SH,LMW
27051,Hohenbach,SH,LMW
27082,Mühlhausen im Grund,SH,LMW
27083,Wolfsheim,SH,LMW
27093,Eichenwald,SH,LMW
27110,Königswald,SH,LMW
27122,Königsdorf im Tal,SH,LMW
27123,Grünbrück,SH,LMW
27126,Kiesberg,SH,LMW
27135,Heidebrück-Nord,SH,LMW
27157,Erlenscheid,NI,ROF
27215,Birkenbach,NI,ROF
27216,Heidebach,NI,ROF
27307,Ahornbrunn,NI,ROF
27462,Sommerbach,HB,PRF
27465,Hirschsee,HB,PRF
27505,Sternfeld,HB,PRF
27529,Falkenstadt,HB,PRF
27580,Niederfeld,HB,PRF
27581,Südbach an der Warne,HB,PRF
27603,Rotau,HB,PRF
27625,Mühlburg,NI,ZHJ
27672,Kieskirchen,NI,ZHJ
27677,Nordbrück-Ost,NI,ZHJ
27759,Moorhagen-Nord,NI,ZHJ
27872,Marktwald,SH,MX
27877,Falkenheim an der Aue,SH,MX
27961,Bad Bischofsbrunn,SH,MX
27966,Adlerfurt im Grund,SH,MX
27969,Königsau,SH,MX
28032,Kieshagen,SH,MX
28100,Wolfskirchen,HB,CV
28105,Kleinsee-Süd,HB,CV
28109,Königsingen,HB,CV
28112,Ritterstein,HB,CV
28116,Grünsee-West,HB,CV
28133,Mönchsroda an der Aue,HB,CV
28146,Erlenwald,HB,CV
28157,Kiesfeld,HB,CV
28160,Kieshausen,HB,CV
28191,Buchenheim,HB,CV
28207,Südhausen an der Ilm,HB,CV
28210,Moorwald,HB,CV
28231,Kleinhausen,HB,CV
28234,Bergroda,HB,CV
28241,Espenburg,HB,CV
28244,Kleinberg am See,HB,CV
28248,Bad Sonnenstein,HB,CV
28249,Sonnenfeld am Berg,HB,CV
28263,Kleinbrunn,HB,CV
28266,Wolfsstadt,HB,CV
28282,Falkenhausen an der Aue,HB,CV
28286,Kiesstein,HB,CV
28288,Rabenweiler,HB,CV
28295,Buchenberg,HB,CV
28297,Rabendorf an der Ilm,HB,CV
28303,Marktberg,HB,CV
28314,Sommerthal,HB,CV
28318,Bruchthal,HB,CV
28322,Bruchsee am Berg,HB,CV
28326,Sandkirchen,HB,CV
28327,Sonnenheim,HB,CV
28330,Steinbrunn,HB,CV
28337,Ritterbach,MV,AQX
28344,Burgsee-Ost,MV,AQX
28349,Falkenhausen-Nord,MV,AQX
28363,Mönchsbrück,MV,AQX
28364,Niederstadt an der Warne,MV,AQX
28367,Talwald am Berg,MV,AQX
28372,Südbach,MV,AQX
28374,Sandingen,MV,AQX
28379,Sommerstein,MV,AQX
28392,Rehhofen,MV,AQX
28393,Feldingen im Tal,MV,AQX
28394,Espenweiler,MV,AQX
28396,Osthofen,MV,AQX
28400,Hirschweiler-Süd,MV,AQX
28402,Nordfurt-West,MV,AQX
28403,Neuingen im Tal,MV,AQX
28426,Kleinthal,MV,AQX
28430,Ostthal,MV,AQX
28432,Oberheim,MV,AQX
28434,Kiesbrück,MV,AQX
28436,Osthofen,MV,AQX
28445,Espenstadt am Berg,MV,AQX
28447,Südstadt,MV,AQX
28449,Oberbrück,MV,AQX
28459,Wolfsfurt,MV,AQX
28469,Unterscheid,MV,AQX
28470,Hohenhofen,MV,AQX
28472,Weideningen,MV,AQX
28488,Bad Königsau,MV,AQX
28497,Brückenfeld,MV,AQX
28498,Wolfsbrück,MV,AQX
28513,Mühlbrunn,MV,AQX
28516,Bad Niederweiler,MV,AQX
28518,Sterntal am Moor,MV,AQX
28519,Oberbrunn-Süd,MV,AQX
28523,Heidehausen,MV,AQX
28527,Mondbach im Grund,MV,AQX
28531,Bischofsheim,MV,AQX
28537,Ritterwald-West,MV,AQX
28539,Westbrunn,MV,AQX
28550,Hafenfeld,MV,AQX
28556,Hohenthal,MV,AQX
28561,Bergkirchen-Nord,MV,AQX
28564,Winterbrunn,MV,AQX
28568,Südingen,MV,AQX
28570,Espenweiler,MV,AQX
28571,Grünscheid,MV,AQX
28610,Fährfurt,NI,NW
28632,Oberstein-West,NI,NW
28634,Mühldorf am Berg,NI,NW
28645,Südhausen,NI,NW
28654,Buchenweiler,NI,NW
28662,Fuchsberg,NI,NW
28754,Bad Mühlbrück,NI,NW
28759,Hohenwald,NI,NW
28760,Adlerau-West,NI,NW
28769,Nebelwald,NI,NW
28771,Ahornburg,NI,NW
28813,Steiningen,SH,TKE
28814,Erlenbrunn-Nord,SH,TKE
28818,Großbrück-Nord,SH,TKE
28819,Eichenheim,SH,TKE
28823,Fürstenburg am Moor,SH,TKE
28826,Sonnenscheid,SH,TKE
28829,Hohenwald im Tal,SH,TKE
28848,Feldweiler,SH,TKE
28852,Falkenbrunn,SH,TKE
28855,Fürstenstadt im Grund,SH,TKE
28856,Rabenfurt,SH,TKE
28859,Eichenroda,SH,TKE
28876,Oberstadt,SH,TKE
28881,Fürstenkirchen,SH,TKE
28884,Untersee,SH,TKE
28901,Neuscheid am Berg,SH,TKE
28904,Bergthal am Berg,SH,TKE
28912,Altbrunn an der Warne,SH,TKE
28913,Mönchsingen-West,SH,TKE
28922,Sandheim,SH,TKE
28928,Wolfsweiler,SH,TKE
28945,Altdorf,SH,TKE
28954,Rotbrück,SH,TKE
28955,Weidenstadt-Nord,SH,TKE
28959,Mühlheim,SH,TKE
28976,Sonnental,SH,TKE
28978,Mühlburg,SH,TKE
28987,Rehstein an der Ilm,SH,TKE
28993,Sternthal,SH,TKE
28999,Wolfsau am Berg,SH,TKE
29005,Unterfeld,SH,TKE
29007,Eichenkirchen an der Aue,SH,TKE
29012,Marktscheid am See,SH,TKE
29029,Ostbrunn,SH,TKE
29034,Kiesberg,SH,TKE
29037,Hafenscheid,SH,TKE
29043,Fährhofen,SH,TKE
29061,Erlenthal,SH,BKD
29063,Südheim,SH,BKD
29080,Niederau,SH,BKD
29081,Marktburg,SH,BKD
29094,Birkenau,SH,BKD
29102,Burgweiler-Ost,SH,BKD
29105,Kleinsee,SH,BKD
29107,Rabenheim,SH,BKD
29114,Großweiler im Grund,SH,BKD
29118,Birkental,SH,BKD
29122,Rabenfurt,SH,BKD
29140,Talscheid,SH,BKD
29193,Schlosshausen,SH,BKD
29195,Sommerhofen,SH,BKD
29202,Rehsee,SH,BKD
29227,Sternthal,SH,BKD
29260,Bärenkirchen,SH,BKD
29270,Kleinroda,SH,BKD
29271,Grünhagen an der Warne,SH,BKD
29294,Eichenbrück,SH,CHU
29346,Unterfurt,SH,CHU
29377,Nordsee,SH,CHU
29383,Hohenwald,SH,CHU
29425,Oststein,SH,CHU
29438,Niederkirchen,SH,CHU
29440,Rehhofen,SH,CHU
29460,Winteringen,SH,CHU
29474,Nordthal,SH,CHU
29481,Fuchshofen,SH,CHU
29517,Kleinweiler,SH,CHU
29524,Sonnenbrück-West,SH,DE
29528,Weidenbrunn,SH,DE
29529,Talbach im Grund,SH,DE
29538,Falkenroda,SH,DE
29543,Brückensee-Nord,SH,DE
29546,Kleinfeld,SH,DE
29548,Rabenbrück,SH,DE
29551,Moorbrunn,SH,DE
29557,Südhagen,SH,DE
29570,Mondburg,SH,DE
29573,Mönchsdorf,SH,DE
29576,Eichenbrück am Moor,SH,DE
29581,Kleinhagen,SH,DE
29583,Niederau,SH,DE
29587,Grünfeld,SH,DE
29589,Markthausen-Nord,SH,DE
29598,Steinberg im Tal,SH,DE
29600,Nordau,SH,DE
29608,Buchenhausen,SH,DE
29610,Neuhofen,SH,DE
29612,Bad Grünbach,SH,DE
29617,Steinbrück,SH,DE
29618,Wolfsau,SH,DE
29623,Heideweiler am Berg,SH,DE
29628,Mühldorf,SH,DE
29629,Sonnenhagen,SH,DE
29635,Großhagen-Süd,SH,DE
29643,Winterhofen,SH,DE
29644,Heideheim,SH,DE
29654,Hohenberg,SH,DE
29665,Nebelkirchen im Tal,SH,DE
29671,Unterhausen,SH,DE
29674,Nebelbach,SH,DE
29678,Bärenroda-Nord,SH,DE
29681,Espenstein,SH,DE
29687,Winterbach-Süd,SH,DE
29692,Erlenhausen,SH,DE
29697,Königsroda,SH,DE
29700,Hirschingen,SH,DE
29704,Fährscheid,SH,DE
29708,Westberg an der Ilm,SH,DE
29712,Adlerroda,SH,DE
29713,Altdorf,SH,DE
29721,Fuchsingen,SH,DE
29722,Unterberg,SH,DE
29726,Talfeld,SH,DE
29741,Steinwald,SH,DE
29743,Espenbach,SH,DE
29749,Burgroda,SH,DE
29750,Weidenwald,SH,DE
29765,Kleintal-Süd,HB,FHJ
29769,Adlerheim an der Aue,HB,FHJ
29775,Feldburg,HB,FHJ
29807,Königshagen am See,HB,FHJ
29813,Oberbach,HB,FHJ
29828,Adlerthal,HB,FHJ
29834,Sandbrück,HB,FHJ
29842,Oberstadt,HB,FHJ
29882,Sternstadt im Grund,HB,FHJ
29889,Fähringen,HB,FHJ
29894,Sterningen,HB,FHJ
29909,Steinkirchen,HB,FHJ
29938,Weidensee,HB,FHJ
30001,Ahornhausen,NI,QWE
30002,Erlenthal,NI,QWE
30005,Altkirchen,NI,QWE
30008,Altstadt,NI,QWE
30014,Bischofsroda am See,NI,QWE
30022,Espenstein,NI,QWE
30044,Nordstadt-West,NI,QWE
30046,Königswald,NI,QWE
30050,Schlossstadt,NI,QWE
30052,Hirschingen am Moor,NI,QWE
30056,Falkenscheid,NI,QWE
30061,Lindenfeld,NI,QWE
30065,Markthagen an der Ilm,NI,QWE
30068,Fährdorf,NI,QWE
30072,Espendorf,NI,QWE
30073,Bruchfurt,NI,QWE
30082,Feldhausen,NI,QWE
30099,Moorroda an der Aue,NI,QWE
30103,Rotthal,NI,QWE
30105,Fähringen,NI,QWE
30110,Großsee an der Ilm,NI,QWE
30115,Ritterscheid am Moor,NI,QWE
30122,Bärenhofen,NI,QWE
30127,Moorhofen,NI,QWE
30131,Rabenheim,NI,QWE
30137,Feldstein,NI,QWE
30143,Gründorf,NI,QWE
30145,Burgburg im Tal,NI,QWE
30149,Osthofen,NI,QWE
30151,Eichenau,NI,QWE
30169,Wolfswald,NI,QWE
30185,Bergthal,NI,QWE
30187,Bergheim,NI,QWE
30189,Mönchsweiler am See,NI,QWE
30191,Neubrück,NI,QWE
30200,Ostbrunn an der Ilm,NI,QWE
30212,Burgbrunn,NI,QWE
30218,Espendorf am Berg,NI,QWE
30226,Sandbrunn,NI,QWE
30295,Markthofen,NI,AK
30312,Wolfsdorf-Nord,NI,AK
30335,Steinthal,NI,AK
30413,Sommerroda,NI,AK
30457,Adlerdorf-Ost,HE,FMH
30459,Hafendorf,HE,FMH
30461,Sandburg am Moor,HE,FMH
30464,Schlossau,HE,FMH
30467,Wolfshausen-Ost,HE,FMH
30469,Brückenbrück,HE,FMH
30472,Winterburg,HE,FMH
30478,Ahornheim,HE,FMH
30483,Neufeld,HE,FMH
30487,Kiesbrunn an der Aue,HE,FMH
30488,Wolfskirchen,HE,FMH
30489,Falkenau,HE,FMH
30499,Ritterhagen-Ost,HE,FMH
30505,Grünberg,HE,FMH
30509,Heideingen-West,HE,FMH
30516,Kleindorf,HE,FMH
30517,Schlosssee an der Ilm,HE,FMH
30524,Großwald,HE,FMH
30529,Bergbrunn,HE,FMH
30534,Eichenstein,HE,FMH
30539,Rehfurt,HE,FMH
30543,Heidehagen,HE,FMH
30545,Adlerburg,HE,FMH
30548,Nebelfurt an der Aue,HE,FMH
30564,Neuburg-Nord,HE,FMH
30574,Großingen am See,HE,FMH
30578,Fürstenscheid,HE,FMH
30580,Kleintal am Moor,HE,FMH
30583,Oberhofen,HE,FMH
30585,Rabenfeld im Tal,HE,FMH
30586,Hohenburg,HE,FMH
30591,Nordweiler an der Warne,HE,FMH
30592,Lindensee an der Warne,HE,FMH
30594,Sonnenberg an der Warne,HE,FMH
30597,Kleinwald,HE,FMH
30604,Hohenberg,HE,FMH
30606,Bischofsburg,HE,FMH
30612,Weidensee,HE,FMH
30614,Adlerfurt,HE,FMH
30618,Hafenheim-West,HE,FMH
30621,Sonnenau an der Aue,HE,FMH
30624,Grünthal,HE,FMH
30625,Kiesberg am See,HE,FMH
30626,Ahornfurt,HE,FMH
30635,Mönchsbrück,HE,FMH
30643,Adlerthal-Nord,HE,FMH
30644,Hoheningen an der Warne,HE,FMH
30646,Bergbrunn,HE,FMH
30652,Bruchdorf,HE,FMH
30653,Lindenstadt-Ost,HE,FMH
30654,Südheim,HE,FMH
30656,Steinwald,HE,FMH
30659,Hohenstein,HE,FMH
30661,Steinbrunn,HE,FMH
30662,Rehtal im Grund,HE,FMH
30663,Felddorf,HE,FMH
30664,Birkenstein,HE,FMH
30666,Ritterdorf,HE,FMH
30670,Mönchsroda,HE,FMH
30676,Heidebrunn,HE,FMH
30680,Schlosshausen-West,HE,FMH
30681,Rabeningen,HE,FMH
30682,Eichenwald,HE,FMH
30683,Altweiler an der Aue,HE,FMH
30696,Fuchshofen,HE,EAX
30705,Espenhofen,HE,EAX
30706,Mondweiler,HE,EAX
30725,Fuchsbach,HE,EAX
30744,Talhausen am See,HE,EAX
30770,Hafental,HE,EAX
30811,Kiesfeld,HE,EAX
30821,Wolfsingen,HE,EAX
30826,Fährthal-Süd,HE,EAX
30828,Neuroda,HE,EAX
30837,Erlenthal,HE,EAX
30842,Falkenfeld,HE,EAX
30855,Hirschhagen,HE,EAX
30869,Adlerstein,HE,EAX
30871,Ahornheim,HE,EAX
30881,Rothofen,HE,EAX
30884,Ritterhofen,HE,EAX
30888,Bischofsberg-Nord,HE,EAX
30920,Rehbach,NI,ZK
30922,Weidenbrunn,NI,ZK
30956,Bergwald,NI,ZK
30961,Bergfeld,NI,ZK
30968,Bergberg,NI,ZK
30969,Erlenfurt,NI,ZK
30985,Schlossdorf,NI,ZK
30998,Neustadt,NI,ZK
31035,Hirschhagen,NI,ZK
31047,Wiesenhagen am Moor,NI,ZK
31054,Niederbach im Grund,NI,ZK
31065,Bergberg,NI,ZK
31085,Mönchsburg,NI,ZK
31087,Erlenscheid,NI,ZK
31095,Fürstenscheid,NI,ZK
31099,Falkenstadt,NI,ZK
31100,Ritterdorf,NI,ZK
31117,Bruchstadt,NI,ZK
31131,Grünbach,NI,ZK
31132,Unterbrunn,NI,ZK
31139,Oberkirchen,NI,ZK
31143,Unterwald,NI,CWX
31154,Grünweiler,NI,CWX
31168,Königsbach,NI,CWX
31176,Nebelingen,NI,CWX
31181,Oberau,NI,CWX
31187,Nebelhausen,NI,CWX
31191,Moorbrunn,NI,CWX
31196,Oberhofen,NI,CWX
31200,Unterbrück-Süd,NI,CWX
31217,Westsee am See,NI,CWX
31221,Kiestal,NI,CWX
31225,Steinheim,NI,CWX
31230,Birkental,NI,CWX
31235,Oststadt,NI,CWX
31239,Talbrück,NI,CWX
31243,Bad Burgsee,NI,CWX
31250,Ostweiler,NI,CWX
31253,Espenhausen,NI,CWX
31268,Fürstenbach an der Aue,NI,CWX
31270,Bad Adlerau-Nord,NI,CWX
31278,Südau,NI,CWX
31287,Kiesbrück,NI,CWX
31303,Weidenhofen an der Ilm,NI,CWX
31310,Nordweiler,NI,CWX
31342,Birkenhagen,NI,CWX
31365,Kleinburg,NI,CWX
31375,Alttal,NI,BXL
31378,Sandheim,NI,BXL
31383,Wiesenthal,NI,BXL
31386,Rehtal,NI,BXL
31387,Steiningen,NI,BXL
31396,Wiesenwald,NI,BXL
31409,Nordstein,NI,BXL
31414,Bad Lindenhausen im Tal,NI,BXL
31415,Ritterhagen,NI,BXL
31428,Südtal-Nord,NI,BXL
31430,Feldau,NI,BXL
31432,Feldberg,NI,BXL
31436,Adlerwald,NI,BXL
31444,Lindenkirchen,NI,BXL
31445,Ahornroda,NI,BXL
31450,Bad Heideburg-Süd,NI,BXL
31466,Feldweiler,NI,BXL
31473,Espenau,NI,BXL
31476,Rothagen an der Warne,NI,BXL
31477,Grünsee,NI,BXL
31483,Ahornscheid,NI,BXL
31487,Unterweiler,NI,BXL
31491,Königsdorf an der Ilm,NI,BXL
31493,Sternweiler,NI,BXL
31505,Falkenbach an der Ilm,NI,BXL
31509,Brückenberg,NI,BXL
31511,Fürstenthal-Nord,NI,BXL
31512,Burgkirchen,NI,BXL
31518,Altstadt,NI,BXL
31520,Königssee an der Ilm,NI,BXL
31528,Hohendorf,NI,BXL
31535,Althagen,NI,BXL
31542,Großdorf an der Ilm,NI,BXL
31556,Rehstein,NI,BXL
31585,Espenberg,NI,BXL
31588,Südscheid,NI,BXL
31602,Bärenbrück,NI,EGI
31606,Mönchsbrück,NI,EGI
31633,Bergheim,NI,EGI
31648,Großtal,NI,EGI
31659,Rotstadt,NI,EGI
31669,Fährheim,NI,EGI
31693,Bruchweiler,NI,EGI
31711,Schlossstadt,NI,EGI
31712,Burghagen,NI,EGI
31777,Neuhagen im Grund,NI,EGI
31782,Rehtal,NI,EGI
31785,Bad Birkeningen,NI,EGI
31786,Winterstadt,NI,EGI
31797,Hafenheim,NI,EGI
31824,Kleinbach,NI,IKX
31831,Kiesstein,NI,IKX
31835,Adlerstadt,NI,IKX
31840,Osttal,NI,IKX
31841,Altberg,NI,IKX
31843,Bad Heidetal,NI,IKX
31847,Bad Neuthal,NI,IKX
31848,Bruchbrück im Tal,NI,IKX
31850,Fährfurt,NI,IKX
31851,Rotbach,NI,IKX
31852,Erlenweiler-West,NI,IKX
31861,Erlenberg,NI,IKX
31862,Fährbrunn,NI,IKX
31863,Wiesenroda,NI,IKX
31866,Sonnenheim,NI,IKX
31869,Markthofen,NI,IKX
31871,Bruchroda-Nord,NI,IKX
31872,Bärenberg,NI,IKX
31875,Bruchhofen,NI,IKX
31877,Espenhofen,NI,IKX
31881,Lindenhagen-West,NI,IKX
31882,Ritterfeld,NI,IKX
31884,Ostdorf-West,NI,IKX
31885,Rehheim,NI,IKX
31886,Winterthal,NI,IKX
31887,Bischofsroda,NI,IKX
31888,Fuchssee am See,NI,IKX
31891,Buchenroda,NI,IKX
31892,Bad Westfurt,NI,IKX
31893,Nordhagen,NI,IKX
31894,Birkendorf,NI,IKX
31895,Adlerberg,NI,IKX
31898,Bärenweiler,NI,IKX
31899,Moorroda,NI,IKX
31903,Grünbrück,NI,IKX
31906,Altsee im Tal,NI,IKX
31907,Erlenhausen,NI,IKX
31911,Nebelscheid,NI,IKX
31916,Rabenheim,NI,IKX
31917,Rotweiler,NI,IKX
31918,Fürstenhausen,NI,IKX
31919,Westtal,NI,IKX
31920,Südhagen im Tal,NI,IKX
31921,Altburg,NI,IKX
31923,Fährstein,NI,IKX
31926,Kleintal,NI,IKX
31931,Bad Fuchsheim,NI,IKX
31932,Winterhofen,NI,IKX
31933,Ritterau,NI,IKX
31934,Neuhagen,NI,IKX
31935,Marktthal,NI,IKX
31938,Moorweiler,NI,IKX
31940,Wiesenkirchen,NI,IKX
31943,Rittersee,NI,IKX
31947,Hirschkirchen am Berg,NI,IKX
31949,Steinweiler,NI,IKX
31953,Buchendorf,NI,IKX
31954,Winterburg,NI,IKX
31959,Fährheim,NI,IKX
31961,Bärenroda am See,NI,IKX
31963,Großwald,NI,IKX
31964,Wolfsstein,NI,IKX
31968,Moorkirchen-Nord,NI,IKX
31969,Falkenhausen-West,NI,IKX
31971,Bad Königskirchen,NI,IKX
31972,Fährfurt,NI,IKX
31976,Sternkirchen am See,NI,IKX
31979,Moorthal an der Aue,NI,IKX
31980,Bruchfeld,NI,IKX
31981,Mönchsthal,NI,IKX
31983,Fuchsbrück,NI,IKX
31986,Königsstein,NI,IKX
31987,Unterroda,NI,IKX
31989,Lindensee,NI,IKX
31994,Bad Fuchstal,NI,IKX
31996,Mönchsbrück,NI,IKX
31998,Wiesenstadt an der Aue,NI,IKX
32001,Adlersee-Ost,NI,IKX
32002,Althausen-Nord,NI,IKX
32003,Sonneningen-Nord,NI,IKX
32011,Weidensee im Tal,NI,IKX
32012,Weststadt,NI,IKX
32016,Lindental,NI,IKX
32019,Berghofen,NI,IKX
32020,Steinburg,NI,IKX
32021,Markttal,NI,IKX
32022,Bergfurt,NI,IKX
32026,Osthofen,NI,IKX
32027,Sommerroda an der Ilm,NI,IKX
32028,Bad Fürstenbrück,NI,IKX
32031,Moorthal,NI,IKX
32032,Sternburg,NI,IKX
32035,Wolfssee,NI,IKX
32049,Espenstein,NI,IKX
32057,Kleinheim,NI,GYH
32060,Grünburg am See,NI,GYH
32070,Grünroda-West,NI,GYH
32078,Königshausen,NI,GYH
32079,Feldtal an der Warne,NI,GYH
32081,Heidefeld,NI,GYH
32082,Weidenbrunn,NI,GYH
32089,Neuingen,NI,GYH
32100,Neudorf,NI,GYH
32106,Rehfeld,NI,GYH
32118,Südhofen,NI,GYH
32122,Eichenfurt,NI,GYH
32125,Winterstein,NI,GYH
32132,Mondingen,NI,GYH
32135,Oberhagen,NI,GYH
32136,Rabenwald-West,NI,GYH
32145,Fürstenwald im Tal,NI,GYH
32148,Nordroda-Nord,NI,GYH
32168,Westtal-Nord,NI,GYH
32169,Talbrunn,NI,GYH
32183,Unterroda,NI,GYH
32192,Sandstadt,NI,GYH
32203,Bruchhausen,NI,GYH
32204,Neubach-Nord,NI,GYH
32216,Westbrunn am See,NI,GYH
32219,Sternbrück-Süd,NI,GYH
32224,Nordhausen-Ost,NI,GYH
32231,Mönchswald,NI,GYH
32251,Ahornwald,NI,GYH
32261,Talberg,NI,GYH
32262,Rehthal,NI,GYH
32264,Espendorf-Ost,NI,GYH
32273,Niederau,NI,GYH
32277,Falkenthal am Berg,NI,GYH
32278,Nordthal,NI,GYH
32286,Berghausen-West,NI,PY
32288,Bad Königshausen,NI,PY
32298,Bad Eichenau,NI,PY
32303,Osthofen,NI,PY
32326,Eichenkirchen,NI,PY
32329,Oberbrunn am See,NI,PY
32334,Kiesberg an der Warne,NI,PY
32341,Sandau,NI,PY
32342,Erlenfurt,NI,PY
32362,Adlerthal,NI,PY
32369,Wiesenfurt,NI,PY
32372,Oberstadt an der Ilm,NI,PY
32376,Burgthal,NI,PY
32385,Espenkirchen,NI,PY
32396,Großwald im Tal,NI,PY
32405,Bärenhofen,NI,PY
32406,Steinthal,NI,PY
32413,Fürstental am See,NI,PY
32418,Steinbrunn-West,NI,PY
32430,Sterntal,NI,PY
32432,Westthal,NI,PY
32456,Grünhausen,NI,PY
32459,Monddorf am Moor,NI,PY
32461,Espenbrück,NI,PY
32470,Heidehausen an der Warne,NI,PY
32478,Sonnenbrunn,NI,PY
32487,Wolfshausen,NI,PY
32491,Fürstenstein,NI,PY
32499,Kieshagen am Berg,NI,PY
32512,Bärenhagen,NI,SM
32521,Sternkirchen,NI,SM
32542,Nebelbrunn,NI,SM
32543,Heidebrunn,NI,SM
32556,Ostau,NI,SM
32558,Westweiler,NI,SM
32564,Kiesdorf im Grund,NI,SM
32581,Grünfurt im Grund,NI,SM
32583,Grünthal,NI,SM
32589,Adlersee,NI,SM
32594,Schlossroda,NI,SM
32596,Mühlthal,NI,SM
32604,Rotburg,NI,SM
32620,Rothausen,NI,SM
32627,Eichenbach,NI,SM
32633,Bärenstadt,NI,SM
32655,Adlerbach,NI,SM
32660,Grünsee an der Ilm,NI,SM
32664,Burgdorf im Tal,NI,SM
32675,Sandhausen,NI,SM
32689,Hirschburg,NI,SM
32694,Adlerhofen,NI,SM
32702,Bad Espenwald,NI,SM
32727,Bischofswald,NI,SM
32733,Altsee im Tal,NI,SM
32745,Kleinroda,HE,ENI
32747,Winterscheid im Grund,HE,ENI
32776,Hohenstadt,HE,ENI
32788,Fuchsfurt,HE,ENI
32795,Espenroda im Grund,HE,ENI
32800,Rehstadt,HE,ENI
32814,Mondbach im Tal,HE,ENI
32820,Monddorf,HE,ENI
32836,Schlossthal,HE,ENI
32843,Sonnenbrunn,HE,ENI
32848,Buchenberg,HE,ENI
32851,Birkenberg an der Warne,HE,ENI
32853,Altbach am Berg,HE,ENI
32865,Oberhofen,HE,ENI
32867,Sandroda-Süd,HE,ENI
32871,Nebelroda,HE,ENI
32882,Eichensee,HE,ENI
32891,Adlerbrunn-Süd,HE,ENI
32896,Bärenburg,HE,ENI
32915,Lindeningen-Süd,HE,ENI
32918,Niederdorf im Grund,HE,ENI
32920,Bischofsroda,HE,ENI
32936,Bergscheid,HE,ENI
32945,Bischofsthal,HE,ENI
32947,Bergingen,HE,ENI
32954,Kiesfeld im Grund,HE,ENI
32958,Bad Lindendorf,HE,ENI
32973,Bad Bischofshagen,HE,V
32978,Südscheid,HE,V
32982,Bergroda,HE,V
32986,Sonnenstadt an der Ilm,HE,V
32991,Niedersee,HE,V
33001,Ahornsee an der Warne,HE,V
33006,Neuburg,HE,V
33009,Bischofskirchen,HE,V
33025,Birkenfurt,HE,V
33040,Feldberg an der Warne,HE,V
33088,Rehroda-Nord,HE,V
33089,Niedertal,HE,V
33092,Ritterheim,HE,V
33101,Feldhofen,HE,V
33109,Ritterheim,HE,V
33113,Feldkirchen,HE,V
33117,Fuchskirchen,HE,V
33118,Bruchdorf,HE,V
33134,Großbrunn,HE,V
33143,Hirschhofen,HE,V
33146,Heidekirchen-West,HE,V
33147,Fähringen,HE,V
33152,Ritterfurt,HE,V
33159,Sternwald,HE,V
33171,Schlosshofen,HE,V
33175,Bruchheim,HE,V
33181,Rehau am Berg,HE,V
33187,Oberdorf,HE,V
33192,Espenstein,NW,LXN
33193,Südscheid,NW,LXN
33203,Eichenthal am See,NW,LXN
33210,Brückenbrunn,NW,LXN
33215,Talhofen,NW,LXN
33220,Marktheim,NW,LXN
33233,Mühlbrück,NW,LXN
33238,Bärenwald,NW,LXN
33240,Falkenhagen,NW,LXN
33242,Schlossburg am Berg,NW,LXN
33243,Rabenfurt,NW,LXN
33246,Ahornbrunn-West,NW,LXN
33255,Eichenroda,NW,LXN
33263,Fuchsfeld,NW,LXN
33265,Lindenhofen,NW,LXN
33268,Weidenweiler,NW,LXN
33269,Unterdorf,NW,LXN
33273,Kleinfeld,NW,LXN
33275,Sonnenstadt am Berg,NW,LXN
33279,Burgheim-West,NW,LXN
33289,Kiesroda,NW,LXN
33291,Rabenheim,NW,LXN
33294,Adlersee,NW,LXN
33299,Sonnenkirchen,NW,LXN
33302,Talfurt,NW,LXN
33316,Lindenscheid,NW,LXN
33318,Sternau,NW,LXN
33321,Lindenthal,NW,LXN
33326,Rabenthal,NW,LXN
33327,Bad Rabenburg,NW,LXN
33338,Adlerhofen-Nord,NW,LXN
33341,Feldhofen,NW,LXN
33342,Großstein an der Ilm,NW,LXN
33347,Südhagen,NW,LXN
33353,Rehhausen,NW,LXN
33361,Hafenbrunn,NW,LXN
33362,Königsweiler,NW,LXN
33363,Mühlkirchen,NW,LXN
33364,Mondhausen,NW,LXN
33367,Wolfsau,NW,LXN
33371,Bischofsfurt,NW,LXN
33376,Kleinbrück-Nord,NW,LXN
33377,Mühlstadt,NW,LXN
33389,Westingen,NW,LXN
33390,Bruchbach,NW,LXN
33391,Wiesenberg,NW,LXN
33402,Altroda,NW,LXN
33403,Bad Hafensee,NW,LXN
33414,Hirschstadt,NW,LXN
33419,Talau,NI,AHA
33423,Steinbrück,NI,AHA
33430,Südwald,NI,AHA
33447,Heidetal,NI,AHA
33453,Fürsteningen,NI,AHA
33458,Grünbrück am Berg,NI,AHA
33459,Niederscheid im Grund,NI,AHA
33469,Sommerroda im Grund,NI,AHA
33484,Moorfurt,NI,AHA
33496,Feldbrück-Ost,NI,AHA
33499,Sommerweiler-Nord,NI,AHA
33504,Nebelbrück an der Warne,NI,AHA
33515,Sandhofen,NI,AHA
33521,Wolfsburg an der Warne,NI,AHA
33530,Nordroda,NI,AHA
33538,Sommerfeld an der Ilm,NI,AHA
33541,Espenbrück,NI,AHA
33544,Erlenroda,NI,AHA
33561,Eichenberg,NI,AHA
33562,Steinfeld am See,NI,AHA
33576,Birkenbach,NI,AHA
33602,Winterau am See,NI,AHA
33605,Nebelhagen,NI,AHA
33606,Weidenthal an der Ilm,NI,AHA
33610,Falkenkirchen,NI,AHA
33611,Bad Nebelfurt,NI,AHA
33622,Bad Königskirchen,NI,AHA
33625,Unterstadt im Tal,NI,AHA
33628,Königsbrück,NI,AHA
33630,Wiesenhagen im Grund,NI,AHA
33633,Westbrück,NI,AHA
33651,Wolfsfurt,HE,QEQ
33652,Nordburg,HE,QEQ
33660,Sandhagen,HE,QEQ
33669,Rotfeld,HE,QEQ
33673,Fürstensee,HE,QEQ
33674,Nordbrunn,HE,QEQ
33713,Bärenbrunn am Moor,HE,QEQ
33734,Marktbrunn,HE,QEQ
33760,Steinscheid,HE,QEQ
33775,Nordkirchen,HE,QEQ
33780,Großfeld,HE,QEQ
33791,Sandkirchen an der Ilm,HE,QEQ
33801,Nordbach,HE,QEQ
33802,Weidenscheid am See,HE,QEQ
33809,Falkenfurt,HE,QEQ
33829,Sommerdorf,HE,QEQ
33839,Sommerroda-West,HE,QEQ
33849,Feldstadt,HE,QEQ
33868,Westthal an der Aue,HE,QEQ
33869,Wiesenweiler,HE,QEQ
33872,Buchenhofen,NI,X
33951,Hirschbrunn,NI,X
33990,Fuchsburg,NI,X
34042,Taldorf an der Aue,NI,X
34062,Eichenau,NI,X
34063,Oberscheid,NI,X
34070,Feldsee,NI,X
34079,Fuchsberg,NI,X
34092,Sandberg,NI,X
34106,Rehheim-Ost,HE,PU
34107,Erleningen,HE,PU
34114,Rabensee an der Warne,HE,PU
34120,Rabenheim,HE,PU
34127,Hirschburg,HE,PU
34130,Kieskirchen,HE,PU
34131,Bischofsthal,HE,PU
34135,Wiesenhausen,HE,PU
34145,Hohenthal im Tal,HE,PU
34148,Weidenfurt,HE,PU
34149,Südkirchen an der Aue,HE,PU
34150,Rittertal,HE,PU
34151,Wiesenfeld im Tal,HE,PU
34156,Rehtal am Moor,HE,PU
34158,Grünfeld,HE,PU
34168,Bad Moorheim an der Warne,HE,PU
34170,Ahornsee,HE,PU
34177,Eichenbrück an der Warne,HE,PU
34179,Berghagen,HE,PU
34180,Erlenbrunn,HE,PU
34184,Wiesenroda,HE,PU
34185,Sandheim,HE,PU
34186,Feldbrunn,HE,PU
34195,Birkenburg-Ost,HE,PU
34196,Neuwald,HE,PU
34197,Großberg,HE,PU
34198,Winterthal,HE,PU
34200,Buchenberg,HE,PU
34209,Unterfurt,HE,PU
34210,Nordfurt,HE,PU
34216,Mönchsweiler,HE,PU
34219,Fürstenberg,HE,PU
34221,Bäreningen,HE,PU
34224,Unteringen,HE,PU
34229,Rehheim,HE,PU
34242,Kleindorf im Grund,HE,PU
34246,Eichenheim im Grund,HE,PU
34253,Hafenburg,HE,PU
34254,Moorheim,HE,PU
34259,Lindenbrück am Moor,HE,PU
34262,Sternroda,HE,PU
34267,Sandberg,HE,PU
34268,Rotingen,HE,PU
34271,Kleinbach,HE,PU
34274,Großkirchen,HE,PU
34275,Espenbrunn,HE,PU
34280,Rehfeld-West,HE,PU
34289,Südweiler,HE,PU
34295,Bad Rehbach,HE,PU
34300,Falkenthal,HE,PU
34303,Rabenbach,HE,PU
34305,Sternburg,HE,PU
34308,Sonnenberg,HE,PU
34347,Bad Sterningen-Süd,NI,RYU
34444,Sandbach am Berg,NI,RYU
34482,Neusee,NI,RYU
34520,Großingen,NI,RYU
34567,Altfeld,NI,HXN
34599,Unterfurt am Berg,NI,HXN
34609,Rehsee,NI,HXN
34633,Sommerheim,NI,HXN
34647,Schlossroda,NI,HXN
34659,Bärenkirchen,NI,HXN
34690,Steinfurt,NI,HXN
34692,Burgburg,NI,HXN
34717,Fährweiler,NI,HXN
34762,Fährroda-Süd,NI,HXN
34784,Altfurt,HE,EH
34796,Bad Lindenau,HE,EH
34800,Fürstenkirchen,HE,EH
34814,Falkenweiler im Tal,HE,EH
34835,Hohenau,HE,EH
34872,Berghofen,HE,EH
34883,Sommerweiler,HE,EH
34897,Marktbrück,HE,EH
34920,Weidenbrück,HE,EH
34954,Hafenfeld,HE,EH
34962,Hirschdorf,HE,EH
35001,Brückenstein am See,HE,EH
35006,Mönchsbach,NW,PUU
35050,Wolfshausen,NW,PUU
35076,Rotburg,NW,PUU
35153,Rehstein,NW,PUU
35157,Espenhausen,NW,PUU
35221,Westburg,NW,PUU
35229,Mühlheim,NW,PUU
35240,Rotdorf,NW,IXU
35281,Mühlscheid,NW,IXU
35338,Neuweiler-Süd,NW,IXU
35353,Brückendorf,NW,IXU
35434,Sternhofen am Berg,NW,IXU
35466,Ostwald am Berg,NI,HC
35494,Espendorf,NI,HC
35513,Espenstein an der Aue,NI,HC
35525,Westberg am Moor,NI,HC
35536,Kleinhausen an der Ilm,NI,HC
35559,Oberroda,NI,HC
35563,Bad Sonnenburg,NI,HC
35564,Sonnenhausen,NI,HC
35569,Fürstenkirchen,NI,HC
35576,Fuchsstein,NI,HC
35579,Bad Wiesenbach,NI,HC
35582,Winterkirchen,NI,HC
35586,Brückendorf am Moor,NI,HC
35589,Kiesau im Grund,NI,HC
35590,Grünbach,NI,HC
35669,Burgwald,NI,HC
35686,Birkenstein,NI,HC
35730,Sommerburg im Grund,NW,APF
35735,Mönchsingen,NW,APF
35783,Espenfeld,NW,APF
35784,Falkenfurt,NW,APF
35853,Wolfshofen,NW,APF
35901,Nordbrunn,NW,APF
35902,Hafenweiler,NW,APF
35915,Birkensee an der Warne,NI,YXO
35925,Kiesfurt,NI,YXO
35934,Südsee,NI,YXO
35966,Althausen,NI,YXO
36005,Bad Fuchstal-Süd,NI,YXO
36012,Rehtal,NI,YXO
36032,Grünstadt,NI,YXO
36050,Sommerdorf im Tal,NI,YXO
36057,Ritterhofen-West,NI,YXO
36069,Ahornscheid,NI,YXO
36089,Steinstein,NI,YXO
36112,Südfeld,NI,YXO
36121,Hohenbach,NI,YXO
36128,Hirschfeld,NI,YXO
36188,Westberg am See,NI,EDU
36208,Hirschwald an der Aue,NI,EDU
36305,Lindenheim,NI,EDU
36404,Niederingen,NW,TV
36462,Ritterstadt,NW,TV
36522,Neustein,NW,TV
36533,Buchenroda,NW,TV
36542,Mühlweiler,NW,TV
36564,Fährstein,NW,TV
36572,Sternau-Ost,NW,TV
36597,Feldscheid,NI,PK
36660,Ahornfurt,NI,PK
36744,Königshofen,NI,PK
36747,Birkenheim,NI,PK
36817,Niederhausen,NI,PK
36833,Falkenbrück,NW,ATR
36863,Wolfsroda,NW,ATR
36864,Ahornheim,NW,ATR
36877,Schlosshofen,NW,ATR
36903,Winterweiler,NW,ATR
36947,Hirschfeld,NW,ATR
36968,Südhagen,NW,ATR
37014,Niederstadt,NW,ATR
37027,Hirschheim,NW,ATR
37040,Birkenhofen,NW,ATR
37089,Lindenscheid,HE,DB
37166,Erlenbrück,HE,DB
37218,Fuchsburg,HE,DB
37234,Bärental,HE,DB
37264,Birkenkirchen,HE,DB
37281,Hafenstadt,NW,AG
37283,Bad Bärenbach an der Ilm,NW,AG
37285,Unterscheid an der Ilm,NW,AG
37294,Sternscheid,NW,AG
37295,Bad Nordingen,NW,AG
37296,Bischofssee,NW,AG
37303,Hafental,NW,AG
37312,Heidefeld,NW,AG
37321,Fuchswald,NW,AG
37323,Neufeld,NW,AG
37329,Markthausen,NW,AG
37330,Rehsee-Süd,NW,AG
37339,Weststein-Ost,NW,AG
37362,Niederbrück-West,NW,AG
37363,Lindenroda,NW,AG
37368,Ritterburg am Moor,NW,AG
37371,Schlosshagen am Moor,NW,AG
37372,Weidenbrück,NW,AG
37374,Buchenberg,NW,AG
37377,Wiesenweiler am Moor,NW,AG
37381,Birkenberg,NW,AG
37382,Bärenbrück,NW,AG
37384,Fuchsingen,NW,AG
37405,Sandwald-Nord,NW,AG
37414,Alttal,NW,AG
37415,Fürstenwald,NW,AG
37419,Westroda,NW,AG
37427,Kleinbrück,NW,AG
37432,Schlosssee,NW,AG
37433,Sternroda,NW,AG
37440,Steinstein,NW,AG
37450,Winterthal-Nord,NW,AG
37459,Hohenhausen,NW,AG
37462,Sonnenhofen,NW,AG
37463,Kiesstadt,NW,AG
37470,Bad Rabenweiler am Moor,NW,AG
37474,Marktbrunn am Berg,NW,AG
37475,Schlossingen,NW,AG
37481,Sommerthal,NW,AG
37485,Bad Talfeld,NW,AG
37496,Neuweiler am Berg,NW,AG
37501,Ostdorf im Grund,NW,AG
37515,Moorstein,HE,JGI
37610,Unterkirchen-Süd,HE,JGI
37636,Bischofsthal,HE,JGI
37641,Feldstadt,HE,JGI
37674,Steinstein,HE,JGI
37679,Ritterau an der Ilm,HE,JGI
37701,Rabensee,HE,JGI
37718,Niederhagen,HE,JGI
37738,Burgheim,NI,KI
37755,Marktheim,NI,KI
37790,Falkenberg,NI,KI
37793,Oststein,NI,KI
37796,Königsingen am See,NI,KI
37824,Westdorf,NI,KI
37889,Ostscheid,NI,KI
37944,Neuhofen,NI,KI
37957,Lindensee-West,NW,HQ
37965,Eichenhagen,NW,HQ
38032,Mönchsbach,NW,HQ
38043,Berghausen,NW,HQ
38061,Feldstadt,NW,HQ
38083,Markthausen,NW,HQ
38084,Fürstenbrunn,NW,HQ
38121,Hirschhagen-Süd,NW,HQ
38123,Lindenkirchen,NW,HQ
38147,Mondweiler,NW,HQ
38171,Kiesbrück,NW,HQ
38193,Sandweiler,NI,AHF
38206,Hirschhofen,NI,AHF
38209,Lindenfurt,NI,AHF
38270,Espenhausen,NI,AHF
38293,Bergthal im Grund,NI,AHF
38295,Bärenheim,NI,AHF
38302,Espensee,NI,AHF
38323,Sonnenfurt-West,NI,AHF
38332,Heidescheid,NI,AHF
38336,Bad Königsweiler-Nord,NI,AHF
38350,Südscheid an der Warne,NI,AHF
38352,Wiesenbrunn,NI,AHF
38353,Rotscheid,NI,AHF
38380,Bruchheim im Tal,NI,AHF
38474,Hafensee-Ost,HE,QOR
38518,Mondhausen,HE,QOR
38522,Adlerberg-West,HE,QOR
38537,Erleningen am Berg,HE,QOR
38595,Burgingen,HE,QOR
38597,Mondtal,HE,QOR
38652,Heidethal,NW,VJO
38656,Sandheim an der Aue,NW,VJO
38695,Bärenhagen am See,NW,VJO
38706,Heidebrück,NW,VJO
38756,Lindenheim,NW,VJO
38795,Birkenburg,NW,VJO
38854,Falkenfeld-Ost,NW,VJO
38870,Sandburg-West,NW,AV
38943,Fürstenheim-Ost,NW,AV
38947,Taldorf,NW,AV
38959,Bischofssee,NW,AV
38970,Weidenweiler,NW,AV
39034,Falkenweiler,NW,AV
39072,Winterhagen,NW,AV
39087,Winterwald,NW,AV
39098,Altberg,NI,KX
39106,Marktau,NI,KX
39120,Neukirchen,NI,KX
39125,Buchenhofen an der Warne,NI,KX
39140,Schlosshausen-Ost,NI,KX
39156,Bischofshagen,NI,KX
39169,Rabenkirchen,NI,KX
39170,Wiesenbach,NI,KX
39176,Großfurt,NI,KX
39182,Hohenkirchen-Ost,NI,KX
39184,Marktdorf,NI,KX
39186,Mönchshofen,NI,KX
39187,Wiesenburg,NI,KX
39202,Nordscheid,NI,KX
39228,Fürstenburg,NI,KX
39242,Feldhofen,NI,KX
39255,Eichenbrunn,NI,KX
39263,Hafenbach-Nord,NI,KX
39268,Wiesenroda,NI,KX
39291,Sonnenhagen,NI,KX
39308,Rabenhausen,NI,KX
39327,Erlenberg,HE,CN
39354,Ritterburg,HE,CN
39361,Marktfurt,HE,CN
39380,Nebelfurt,HE,CN
39399,Eichenfurt,HE,CN
39402,Burgfurt,HE,CN
39441,Sommerbach,HE,CN
39447,Ahornfeld,HE,CN
39470,Königshagen,HE,CN
39506,Espenburg an der Ilm,HE,CN
39510,Eichenfeld,HE,CN
39528,Espenthal,HE,CN
39540,Schlossdorf,HE,CN
39567,Unterweiler-Ost,NI,I
39671,Eichenau,NI,I
39685,Birkenstadt,NI,I
39702,Monddorf,NI,I
39749,Bad Lindenweiler,NI,I
39759,Erlenfeld,NI,I
39781,Sommerhausen,NI,XQQ
39809,Talfeld,NI,XQQ
39812,Weststein,NI,XQQ
39815,Niederburg,NI,XQQ
39818,Buchenhofen,NI,XQQ
39833,Wiesenthal,NI,XQQ
39851,Ahornsee,NI,XQQ
39908,Neustein,NI,XQQ
40017,Bruchingen-Nord,NW,TQC
40032,Heidebrück-Süd,NW,TQC
40196,Burgstein-West,NW,TQC
40207,Ahornwald-Ost,NW,TQC
40286,Osthausen-West,NW,PVC
40301,Eichenscheid,NW,PVC
40335,Neubrunn,NW,PVC
40353,Talweiler,NW,PVC
40356,Feldfeld-Süd,NW,PVC
40357,Sommerroda,NW,PVC
40389,Altberg am Berg,NW,PVC
40396,Fuchswald-Nord,NW,PVC
40462,Eicheningen,NW,PVC
40464,Mondbach an der Warne,NW,PVC
40468,Westscheid am Moor,NW,PVC
40515,Wolfsau,NW,GCE
40540,Niederdorf,NW,GCE
40573,Wiesenbrück,NW,GCE
40674,Winterwald,NW,GCE
40686,Hohental im Tal,NW,GCE
40727,Bruchbach,NW,GCE
40729,Buchenheim,NW,GCE
40731,Sternhofen,NW,GCE
40753,Bärenbrück,NW,JQE
40754,Steinstadt,NW,JQE
40757,Rehwald,NW,JQE
40759,Sonnensee,NW,JQE
40767,Mondweiler,NW,JQE
40773,Niederstadt im Grund,NW,JQE
40777,Rehau,NW,JQE
40781,Ostingen am See,NW,JQE
40787,Bad Unterheim,NW,JQE
40802,Ostkirchen,NW,JQE
40809,Mondscheid,NW,JQE
40810,Eichenfeld,NW,JQE
40819,Niederfeld,NW,JQE
40825,Mühlthal,NW,JQE
40828,Talbrück,NW,JQE
40833,Fürstenberg,NW,JQE
40835,Südstein im Grund,NW,JQE
40839,Moorwald,NW,JQE
40840,Fürstensee,NW,JQE
40858,Lindendorf am Berg,NW,JQE
40864,Altau,NW,JQE
40879,Althausen im Grund,NW,JQE
40883,Fuchsheim,NW,JQE
40887,Mondtal,NW,JQE
40888,Rotthal,NW,JQE
40889,Sommerau,NW,JQE
40890,Rehburg am Moor,NW,JQE
40893,Bergbrunn,NW,JQE
40906,Hirschhagen,NW,JQE
40907,Großbrück,NW,JQE
40917,Lindenweiler am See,NW,JQE
40918,Schlossstein,NW,JQE
40923,Rotberg,NW,JQE
40926,Sommertal im Grund,NW,JQE
40928,Mondbrunn,NW,JQE
40944,Feldhausen,NW,JQE
40949,Mondthal,NW,JQE
40958,Adlersee,NW,JQE
40961,Rotkirchen am See,NW,JQE
40974,Sommerweiler,NW,JQE
40999,Rehau,NW,JQE
41009,Kleinroda,NW,A
41040,Sommerberg an der Aue,NW,A
41064,Moorscheid,NW,A
41098,Birkental,NW,A
41143,Sommerstadt,NW,A
41146,Ahornstein,NW,A
41176,Großtal,NW,A
41189,Fährheim,NW,A
41191,Großweiler im Tal,NW,A
41211,Sandhagen,NW,A
41251,Fährheim an der Ilm,NW,FLH
41253,Erlenbrück,NW,FLH
41280,Rehstein,NW,FLH
41283,Schlossscheid,NW,FLH
41287,Markthofen,NW,FLH
41317,Eichendorf,NW,FLH
41321,Sternhausen,NW,FLH
41338,Wiesendorf,NW,FLH
41342,Bischofsfeld,NW,FLH
41344,Steinfeld am Berg,NW,FLH
41362,Sandhofen,NW,FLH
41367,Niederberg,NW,FLH
41381,Marktberg,NW,FLH
41413,Kieshausen,NW,FLH
41420,Winterbrück am Berg,NW,FLH
41429,Nebelstadt,NW,FLH
41444,Sandweiler,NW,FLH
41507,Nordberg,NW,UJL
41525,Ostau,NW,UJL
41530,Wolfshagen,NW,UJL
41536,Großkirchen,NW,UJL
41553,Ahornheim,NW,UJL
41556,Burgburg,NW,UJL
41568,Wiesensee,NW,UJL
41575,Rotstadt,NW,UJL
41579,Brückenstein,NW,UJL
41582,Althagen,NW,UJL
41602,Talhagen,NW,UJL
41604,Wolfshagen,NW,UJL
41605,Bergstadt,NW,UJL
41612,Sandbrunn,NW,UJL
41624,Nordstein,NW,UJL
41642,Hirschwald-West,NW,UJL
41646,Lindenthal-Nord,NW,UJL
41658,Königsroda,NW,UJL
41665,Hirschwald im Tal,NW,UJL
41722,Mondbrück,NW,UJL
41725,Lindenfeld,NW,UJL
41741,Birkendorf,NW,UJL
41745,Felddorf im Grund,NW,UJL
41761,Bad Falkenhausen im Grund,NW,LEO
41766,Hafenheim im Grund,NW,LEO
41772,Königsberg,NW,LEO
41774,Talheim an der Warne,NW,LEO
41780,Bad Mühlsee,NW,LEO
41781,Fährbach an der Ilm,NW,LEO
41790,Oberburg,NW,LEO
41798,Felddorf,NW,LEO
41802,Weidendorf am Berg,NW,LEO
41803,Sandsee,NW,LEO
41809,Heidetal,NW,LEO
41813,Feldthal,NW,LEO
41814,Marktfeld,NW,LEO
41815,Buchenfurt-West,NW,LEO
41818,Monddorf-Süd,NW,LEO
41835,Sommerburg,NW,LEO
41837,Wiesenheim,NW,LEO
41842,Bucheningen,NW,LEO
41858,Talsee,NW,LEO
41867,Grünroda,NW,LEO
41868,Sternhagen,NW,LEO
41896,Bruchheim,NW,LEO
41917,Rabenwald,NW,LEO
41927,Moorbrunn,NW,LEO
41960,Fähringen,NW,LEO
41977,Mönchsstadt,NW,LEO
41999,Falkenfeld,NW,LEO
42027,Hohenstein an der Aue,NW,RS
42034,Fuchshausen,NW,RS
42047,Oberstein,NW,RS
42082,Hirschtal,NW,RS
42123,Sonnenhagen,NW,RS
42134,Mooringen,NW,RS
42176,Bad Fuchsweiler,NW,RS
42187,Talwald,NW,RS
42193,Südroda,NW,RS
42254,Bad Lindenau,NW,PNJ
42260,Rabenheim,NW,PNJ
42268,Sommerbrück,NW,PNJ
42270,Espental,NW,PNJ
42283,Moorsee am See,NW,PNJ
42286,Birkenhofen,NW,PNJ
42288,Westbach am Berg,NW,PNJ
42289,Großhofen,NW,PNJ
42292,Schlossscheid am Moor,NW,PNJ
42308,Schlosshagen an der Ilm,NW,PNJ
42312,Mühltal an der Warne,NW,PNJ
42319,Bischofsdorf am See,NW,PNJ
42323,Königshausen,NW,PNJ
42325,Buchenfurt,NW,PNJ
42330,Winterwald an der Aue,NW,PNJ
42339,Bruchbrunn,NW,PNJ
42350,Südfurt,NW,PNJ
42357,Königsstadt,NW,PNJ
42361,Erlenfeld,NW,PNJ
42366,Espenstadt im Grund,NW,PNJ
42368,Moorwald an der Warne,NW,PNJ
42370,Winterfeld,NW,PNJ
42378,Fürstenberg-West,NW,PNJ
42379,Nebelweiler im Grund,NW,PNJ
42384,Sommerstadt,NW,PNJ
42387,Mondhausen,NW,PNJ
42390,Brückenbrunn,NW,PNJ
42395,Bischofssee an der Ilm,NW,PNJ
42398,Eichenau an der Ilm,NW,PNJ
42406,Grünhausen,NW,PNJ
42409,Sandthal,NW,PNJ
42412,Buchensee,NW,PNJ
42414,Fürstenwald,NW,PNJ
42417,Rabenscheid,NW,PNJ
42437,Bergheim,NW,PNJ
42438,Erlensee,NW,PNJ
42445,Espenfeld,NW,PNJ
42460,Bärenfurt,NW,PNJ
42468,Sonnenwald,NW,PNJ
42475,Kiesau,NW,PNJ
42477,Nordscheid am Berg,NW,PNJ
42487,Rabenkirchen,NW,PNJ
42488,Brückenburg,NW,PNJ
42491,Nordhagen,NW,PNJ
42494,Erlenweiler-Nord,NW,PNJ
42497,Wiesenfurt,NW,PNJ
42502,Sandingen,NW,WKU
42504,Hafeningen-Nord,NW,WKU
42511,Oberfurt,NW,WKU
42513,Sommerscheid,NW,WKU
42517,Birkenbrunn an der Ilm,NW,WKU
42536,Talfurt-Süd,NW,WKU
42539,Heidesee an der Aue,NW,WKU
42551,Westfeld am See,NW,WKU
42552,Marktbach-Nord,NW,WKU
42561,Hohenweiler,NW,WKU
42565,Unterhagen-Ost,NW,WKU
42579,Rabenburg am Berg,NW,WKU
42582,Sommerbach-Süd,NW,WKU
42584,Marktdorf,NW,WKU
42590,Neubach,NW,WKU
42613,Moorfurt,NW,WKU
42616,Winterroda,NW,WKU
42634,Obertal im Grund,NW,WKU
42637,Fuchsstein,NW,WKU
42673,Mönchshagen,NW,WKU
42674,Nordstadt,NW,WKU
42687,Hirschdorf,NW,WKU
42696,Falkenbrück,NW,WKU
42698,Weidenscheid,NW,WKU
42705,Altscheid,NW,WKU
42711,Sonnenbrück,NW,WKU
42726,Espenscheid,NW,WKU
42733,Kieshagen,NW,WKU
42736,Rabenhofen,NW,WKU
42745,Bärenweiler,NW,WKU
42751,Niederroda,NW,POC
42756,Fährburg,NW,POC
42758,Rotkirchen-Süd,NW,POC
42768,Fährweiler,NW,POC
42770,Hafenbrück,NW,POC
42772,Kiesingen,NW,POC
42776,Altweiler,NW,POC
42782,Kieshausen,NW,POC
42794,Buchendorf-Süd,NW,POC
42797,Bergweiler,NW,POC
42802,Südthal,NW,POC
42804,Lindenweiler,NW,POC
42812,Ahornscheid,NW,POC
42824,Mönchshagen,NW,POC
42830,Nebelfurt,NW,POC
42833,Sandscheid-Nord,NW,POC
42835,Markttal,NW,POC
42843,Lindenbach-Süd,NW,POC
42844,Südberg,NW,POC
42859,Niederweiler,NW,POC
42861,Bergkirchen-Ost,NW,POC
42866,Schlossau,NW,POC
42868,Fuchsstadt,NW,POC
42869,Unterfeld-West,NW,POC
42874,Fürstenau,NW,POC
42881,Wolfshagen,NW,POC
42882,Bischofsberg,NW,POC
42883,Hafenroda,NW,POC
42884,Burgroda,NW,POC
42889,Moorwald,NW,POC
42903,Großbrück,NW,POC
42905,Brückenstadt-Süd,NW,POC
42909,Hafenroda im Tal,NW,POC
42910,Fuchsdorf,NW,POC
42933,Schlossbrunn,NW,POC
42935,Winterberg am See,NW,POC
42937,Bärendorf,NW,POC
42939,Erlenwald,NW,POC
42960,Bärenscheid,NW,POC
42961,Oberheim,NW,POC
42972,Sandau,NW,POC
42980,Bergau,NW,POC
42987,Steinthal,NW,POC
42997,Fährscheid,NW,POC
43004,Südstadt im Tal,NW,JGO
43160,Bärental,NW,JGO
43197,Eichenburg,NW,JGO
43213,Burgfurt,NW,JGO
43245,Steinwald,NW,JGO
43266,Großroda,NW,ZM
43294,Altwald,NW,ZM
43336,Hirschheim,NW,ZM
43351,Erlenstein,NW,ZM
43354,Falkenthal,NW,ZM
43484,Weidenstadt-West,NW,ZM
43502,Adlerfeld-Süd,NW,UJ
43508,Ostwald,NW,UJ
43553,Bärenroda,NW,UJ
43566,Wiesenfeld,NW,UJ
43578,Rothagen,NW,UJ
43588,Fürstensee,NW,UJ
43594,Grünbach,NW,UJ
43617,Espental am Moor,NW,UJ
43639,Sandfeld an der Warne,NW,UJ
43651,Espenbrück,NW,UJ
43659,Ahornsee,NW,UJ
43690,Neustein,NW,UJ
43708,Alttal am Moor,NW,UJ
43718,Adlerwald,NW,UJ
43726,Kleinheim,NW,UJ
43730,Niederbach-Nord,NW,UJ
43773,Grünsee,NW,HIG
43792,Brückenhagen,NW,HIG
43798,Birkenkirchen-Ost,NW,HIG
43806,Rittersee an der Warne,NW,HIG
43825,Ritteringen,NW,HIG
43837,Fürstenstadt-Nord,NW,HIG
43858,Winterfeld-Nord,NW,HIG
43893,Berghofen,NW,HIG
43905,Berghagen,NW,HIG
43907,Fährstadt,NW,HIG
43919,Niederau,NW,HIG
43956,Rabenfurt-Ost,NW,HIG
43957,Bärenfeld,NW,HIG
43970,Niederdorf,NW,HIG
43971,Hafenscheid,NW,HIG
43987,Marktdorf,NW,HIG
43990,Osthofen,NW,HIG
44002,Steinhagen,NW,LP
44008,Ahornau an der Warne,NW,LP
44017,Bad Rotbrunn,NW,LP
44027,Neufeld am Moor,NW,LP
44032,Schlossfurt,NW,LP
44034,Neuingen,NW,LP
44035,Buchensee,NW,LP
44036,Königswald,NW,LP
44038,Großkirchen,NW,LP
44039,Mondheim im Tal,NW,LP
44040,Birkeningen,NW,LP
44041,Sonnenau,NW,LP
44042,Feldfurt,NW,LP
44046,Birkenbrück,NW,LP
44048,Ostsee-Süd,NW,LP
44051,Rotberg am Moor,NW,LP
44053,Wiesendorf,NW,LP
44054,Kleindorf,NW,LP
44060,Ostscheid,NW,LP
44062,Erlenheim,NW,LP
44067,Buchenhagen,NW,LP
44071,Altsee,NW,LP
44073,Talau,NW,LP
44074,Westhagen,NW,LP
44075,Nebelroda im Grund,NW,LP
44078,Nebelbrunn an der Warne,NW,LP
44093,Steinheim an der Aue,NW,LP
44096,Espenau,NW,LP
44102,Falkenburg,NW,LP
44106,Kleinfurt,NW,LP
44130,Bischofsscheid-Süd,NW,LP
44131,Unterwald an der Ilm,NW,LP
44132,Buchensee-Ost,NW,LP
44134,Rehroda,NW,LP
44137,Eichenkirchen,NW,LP
44140,Bergstadt im Grund,NW,LP
44141,Schlosswald,NW,LP
44144,Nebelbrück-West,NW,LP
44148,Bischofsstein,NW,LP
44149,Sternweiler,NW,LP
44150,Mondfeld,NW,LP
44153,Oberstadt,NW,LP
44155,Rabenheim,NW,LP
44156,Weidenhofen,NW,LP
44158,Mönchsberg,NW,LP
44159,Nordkirchen,NW,LP
44167,Adlerberg,NW,LP
44172,Westbrück,NW,LP
44174,Mondbrück-West,NW,LP
44186,Falkental,NW,LP
44189,Winterfeld,NW,LP
44192,Espenbrunn,NW,LP
44196,Bergroda,NW,LP
44205,Grünhofen,NW,LP
44207,Brückenfurt-West,NW,LP
44210,Bärenstadt,NW,LP
44213,Ostbrunn,NW,LP
44214,Oberthal an der Aue,NW,LP
44222,Marktsee,NW,LP
44226,Grünberg an der Aue,NW,LP
44227,Rotsee am Moor,NW,LP
44228,Eichenbrück,NW,LP
44234,Fürstenbrunn,NW,LP
44242,Fuchsdorf,NW,LP
44243,Bad Altburg,NW,LP
44244,Fuchsbrück,NW,LP
44245,Sommerberg,NW,LP
44263,Bergweiler,NW,KPL
44271,Hafensee am Berg,NW,KPL
44291,Steinstadt,NW,KPL
44292,Erlenhofen,NW,KPL
44313,Winterscheid,NW,KPL
44324,Talfurt,NW,KPL
44325,Fährscheid,NW,KPL
44339,Ahornstein,NW,KPL
44351,Burghofen im Tal,NW,KPL
44360,Ostburg,NW,KPL
44366,Untertal,NW,KPL
44401,Steiningen,NW,KPL
44407,Ostbrunn,NW,KPL
44415,Fuchsbach,NW,KPL
44434,Monddorf,NW,KPL
44444,Weidenberg,NW,KPL
44455,Mühlbrück an der Ilm,NW,KPL
44468,Hirschsee,NW,KPL
44470,Wiesenstadt,NW,KPL
44476,Fürstenau am Berg,NW,KPL
44494,Bad Sandheim an der Ilm,NW,KPL
44503,Moorbach,NW,EDH
44512,Bad Heidesee,NW,EDH
44557,Espensee im Tal,NW,EDH
44562,Sommersee,NW,EDH
44566,Nebelburg im Tal,NW,EDH
44570,Fuchsberg im Grund,NW,EDH
44582,Königsthal,NW,EDH
44596,Marktbach,NW,EDH
44602,Mondfeld,NW,EDH
44610,Wolfsburg im Tal,NW,EDH
44612,Althagen,NW,EDH
44617,Großfeld,NW,EDH
44623,Adlerhofen,NW,EDH
44629,Unterstadt am Berg,NW,EDH
44636,Sandstein,NW,EDH
44639,Westbrunn,NW,EDH
44640,Sonnenbrück,NW,EDH
44671,Burgthal-Süd,NW,EDH
44673,Großweiler-Süd,NW,EDH
44680,Königsheim,NW,EDH
44696,Königsheim am Berg,NW,EDH
44703,Moorheim am See,NW,EDH
44712,Neuroda,NW,EDH
44721,Fährstadt,NW,EDH
44723,Westau,NW,EDH
44741,Wiesental,NW,EDH
44742,Bad Winterwald,NW,EDH
44748,Sonnenfurt,NW,EDH
44749,Westingen im Grund,NW,EDH
44823,Buchenbrück,NW,VE
44826,Rehingen an der Ilm,NW,VE
44877,Ahorntal,NW,VE
44880,Bad Mühlscheid,NW,VE
44912,Altfeld,NW,VE
44926,Bruchkirchen,NW,VE
44937,Sonnenwald,NW,VE
44960,Mühlkirchen,NW,VE
44982,Südbrück,NW,VE
45060,Nordtal,NW,SOV
45070,Sommerstadt,NW,SOV
45092,Falkenhausen an der Ilm,NW,SOV
45112,Mönchshagen-West,NW,SOV
45121,Unterbrück,NW,SOV
45128,Westfeld,NW,SOV
45256,Steintal,NW,DLI
45258,Rotwald,NW,DLI
45266,Marktweiler,NW,DLI
45270,Ritterbrunn an der Warne,NW,DLI
45276,Eichenweiler,NW,DLI
45282,Rotsee,NW,DLI
45292,Buchenfurt,NW,DLI
45296,Hafenberg,NW,DLI
45297,Bad Oberheim,NW,DLI
45315,Sternthal,NW,DLI
45317,Schlossstadt,NW,DLI
45342,Altbrück,NW,DLI
45344,Nordingen an der Ilm,NW,DLI
45345,Kleinhagen,NW,DLI
45347,Bergheim-Ost,NW,DLI
45376,Wiesenburg im Grund,NW,DLI
45385,Kleinsee,NW,DLI
45390,Fuchsingen,NW,DLI
45392,Mondberg-Süd,NW,DLI
45396,Westweiler,NW,DLI
45403,Lindenau,NW,DLI
45413,Wiesenheim an der Ilm,NW,DLI
45414,Fürstenweiler,NW,DLI
45416,Wolfsdorf-Nord,NW,DLI
45438,Steinthal-Ost,NW,DLI
45439,Talbrunn an der Ilm,NW,DLI
45454,Hafenscheid,NW,DLI
45473,Monddorf,NW,DLI
45485,Altstein-Ost,NW,DLI
45496,Kleinau,NW,DLI
45504,Adlerstein,NW,QKW
45525,Buchenhagen,NW,QKW
45529,Königsdorf,NW,QKW
45539,Steinscheid,NW,QKW
45541,Großberg,NW,QKW
45546,Bruchbach,NW,QKW
45547,Hirschroda,NW,QKW
45553,Neuweiler,NW,QKW
45556,Sternbrück,NW,QKW
45560,Hafenthal,NW,QKW
45564,Fuchsbach an der Ilm,NW,QKW
45567,Espenhagen am Berg,NW,QKW
45574,Burgau,NW,QKW
45590,Kleindorf,NW,QKW
45599,Bruchau,NW,QKW
45600,Mönchshofen,NW,QKW
45604,Rabeningen,NW,QKW
45610,Wolfssee-Ost,NW,QKW
45616,Marktbrunn,NW,QKW
45630,Osthausen,NW,QKW
45641,Adlerburg,NW,QKW
45663,Bruchdorf,NW,QKW
45669,Neutal,NW,QKW
45678,Falkeningen am See,NW,QKW
45679,Weidenbrunn,NW,QKW
45686,Rehscheid,NW,QKW
45688,Fürstensee,NW,QKW
45692,Wolfsfeld,NW,QKW
45696,Kleinfeld,NW,QKW
45704,Fürstendorf,NW,QKW
45708,Buchenhausen an der Ilm,NW,QKW
45724,Sommerburg-West,NW,QKW
45731,Kieshagen,NW,QKW
45734,Feldkirchen,NW,QKW
45763,Birkenstadt,NW,PFM
45772,Falkenfeld,NW,PFM
45774,Grünfeld an der Ilm,NW,PFM
45775,Steinheim,NW,PFM
45787,Schlosssee,NW,PFM
45788,Wiesenthal,NW,PFM
45797,Sommerdorf,NW,PFM
45799,Sonnenkirchen,NW,PFM
45804,Grünweiler,NW,PFM
45819,Hafenberg,NW,PFM
45828,Bad Hohenstadt,NW,PFM
45862,Brückenweiler,NW,PFM
45866,Birkenhagen-West,NW,PFM
45872,Sommerthal,NW,PFM
45873,Hohenbrunn,NW,PFM
45891,Grünfeld,NW,PFM
45896,Wolfssee-Nord,NW,PFM
45900,Bischofsroda,NW,PFM
45910,Nordkirchen,NW,PFM
45913,Sommerheim,NW,PFM
45916,Winterburg-West,NW,PFM
45917,Wolfsthal am See,NW,PFM
45920,Nordstadt,NW,PFM
45925,Weidenscheid,NW,PFM
45929,Burghofen,NW,PFM
45930,Feldtal am Berg,NW,PFM
45934,Weidenhausen,NW,PFM
45941,Lindenheim,NW,PFM
45953,Unterhausen im Grund,NW,PFM
45965,Kiesbrück,NW,PFM
45966,Großroda,NW,PFM
45984,Nordsee,NW,PFM
45985,Ritterweiler,NW,PFM
46002,Königshofen am Moor,NW,TLI
46009,Nordfurt,NW,TLI
46018,Kleinkirchen an der Ilm,NW,TLI
46023,Mühlbrück am Berg,NW,TLI
46031,Grünau-Ost,NW,TLI
46042,Rotheim am Berg,NW,TLI
46043,Hafenhofen,NW,TLI
46046,Birkenkirchen,NW,TLI
46058,Falkenhagen,NW,TLI
46073,Bischofswald,NW,TLI
46076,Buchenstadt,NW,TLI
46077,Bischofsweiler,NW,TLI
46078,Bad Steinfeld,NW,TLI
46100,Neudorf,NW,TLI
46103,Sandberg,NW,TLI
46118,Moorbrück,NW,TLI
46119,Altfeld-Ost,NW,TLI
46127,Bruchberg,NW,TLI
46129,Feldbach,NW,TLI
46133,Mondfurt,NW,TLI
46137,Falkenroda,NW,TLI
46143,Espenthal im Grund,NW,TLI
46144,Altau,NW,TLI
46152,Mühlingen,NW,TLI
46166,Königskirchen,NW,TLI
46212,Kleinau an der Aue,NW,TLI
46213,Wiesenthal,NW,TLI
46216,Nordbrunn-West,NW,TLI
46219,Hafenhagen am See,NW,TLI
46221,Oberau,NW,TLI
46281,Altwald,NW,GNB
46296,Ritterau,NW,GNB
46311,Fuchskirchen,NW,GNB
46355,Sandsee,NW,GNB
46381,Nebelfeld,NW,GNB
46452,Wiesenkirchen,NW,GNB
46506,Moorfurt,NW,TK
46519,Nebelbrunn-West,NW,TK
46586,Buchenkirchen am Moor,NW,TK
46640,Ritterdorf,NW,TK
46644,Feldingen,NW,TK
46659,Espenkirchen,NW,TK
46670,Wiesenroda,NW,TK
46685,Winterbrück,NW,TK
46709,Falkenheim,NW,TK
46729,Unterscheid,NW,TK
46736,Mühlau an der Warne,NW,TK
46755,Fürstenhausen,NW,JBN
46760,Rehfeld,NW,JBN
46768,Grünbrunn,NW,JBN
46780,Adlerstein an der Warne,NW,JBN
46783,Ritterau,NW,JBN
46791,Kleinthal an der Aue,NW,JBN
46795,Adlerstadt,NW,JBN
46802,Bärenbrück,NW,JBN
46805,Hohenhagen,NW,JBN
46808,Ahorndorf,NW,JBN
46815,Sonnenfeld,NW,JBN
46818,Sonnenhausen,NW,JBN
46831,Bergingen,NW,JBN
46835,Ritterstadt an der Ilm,NW,JBN
46837,Bruchhausen,NW,JBN
46844,Talfeld,NW,JBN
46846,Kieskirchen an der Aue,NW,JBN
46852,Sternburg,NW,JBN
46869,Oberhofen,NW,JBN
46876,Hafeningen am See,NW,JBN
46882,Niederwald am Moor,NW,JBN
46889,Königshofen,NW,JBN
46899,Hirschhofen,NW,JBN
46906,Bergfurt,NW,JBN
46914,Bruchwald,NW,JBN
46919,Bischofssee,NW,JBN
46924,Königsthal,NW,JBN
46934,Bärenbach an der Warne,NW,JBN
46935,Rotfeld,NW,JBN
46937,Feldheim,NW,JBN
46945,Südstadt im Grund,NW,JBN
46946,Heidekirchen,NW,JBN
46956,Bergstein,NW,JBN
46961,Birkenroda-Ost,NW,JBN
46973,Bruchwald,NW,JBN
46974,Berghagen,NW,JBN
47004,Winterfurt,NW,OOP
47007,Heidehofen im Tal,NW,OOP
47011,Moorhagen im Tal,NW,OOP
47012,Hirschtal,NW,OOP
47018,Sommerburg,NW,OOP
47021,Birkendorf an der Aue,NW,OOP
47025,Fürstenfurt,NW,OOP
47039,Großwald,NW,OOP
47064,Marktheim,NW,OOP
47073,Bad Schlossbach,NW,OOP
47079,Eichenbrunn an der Aue,NW,OOP
47084,Burgwald,NW,OOP
47110,Nordkirchen,NW,OOP
47133,Bad Rehbrück,NW,OOP
47148,Feldfurt,NW,OOP
47152,Bruchstadt,NW,OOP
47167,Rabenthal-Süd,NW,OOP
47176,Ahornweiler,NW,OOP
47192,Niedertal an der Aue,NW,OOP
47200,Falkenroda,NW,OOP
47201,Fähringen,NW,OOP
47203,Mönchshofen-Nord,NW,OOP
47227,Sandkirchen,NW,OOP
47234,Fuchsbach-Süd,NW,OOP
47256,Rabenfurt,NW,WOM
47259,Wiesenberg an der Warne,NW,WOM
47287,Winterheim,NW,WOM
47306,Heidesee an der Warne,NW,WOM
47311,Sternstadt an der Warne,NW,WOM
47322,Nebelfurt,NW,WOM
47339,Hohendorf,NW,WOM
47371,Rehburg,NW,WOM
47387,Rehwald,NW,WOM
47424,Unterweiler,NW,WOM
47443,Bärenstein-West,NW,WOM
47469,Steinbrunn,NW,WOM
47473,Hirschau,NW,WOM
47487,Hohenburg,NW,WOM
47537,Mühltal,NW,EHW
47558,Hohenfurt,NW,EHW
47565,Eichenweiler,NW,EHW
47566,Heidefurt,NW,EHW
47588,Rehweiler,NW,EHW
47600,Fuchsburg,NW,EHW
47607,Rehbach,NW,EHW
47647,Sommerhagen-Süd,NW,EHW
47652,Sonnenhausen,NW,EHW
47660,Niederfurt,NW,EHW
47707,Fährdorf,NW,EHW
47724,Rehkirchen-Süd,NW,EHW
47732,Buchenhofen,NW,EHW
47753,Winterkirchen,NW,OWW
47756,Eichenhausen,NW,OWW
47763,Bad Erlenau,NW,OWW
47771,Fuchsthal im Tal,NW,OWW
47789,Rotkirchen,NW,OWW
47793,Bad Grünau,NW,OWW
47808,Bärental,NW,OWW
47820,Rabenbach-Ost,NW,OWW
47869,Heideweiler,NW,OWW
47886,Buchenbrück-Nord,NW,OWW
47905,Mönchswald-Süd,NW,OWW
47907,Bad Neustadt,NW,OWW
47932,Unterbrück an der Aue,NW,OWW
47952,Bruchscheid,NW,OWW
47967,Bergbrunn,NW,OWW
47969,Mönchsthal,NW,OWW
47978,Osthofen,NW,OWW
47987,Fürstenhausen an der Warne,NW,OWW
47999,Fürstenburg,NW,OWW
48002,Buchenbach,NW,VXC
48050,Talscheid,NW,VXC
48073,Kleinhofen im Grund,NW,VXC
48088,Bad Großingen-West,NW,VXC
48122,Westweiler,NW,VXC
48123,Hirschingen,NW,VXC
48175,Hafenroda,NW,VXC
48185,Espenhagen,NW,VXC
48206,Bischofshagen,NW,VXC
48285,Birkenhagen,NW,FKM
48337,Wiesenstein,NW,FKM
48379,Bad Sonnenbach,NW,FKM
48406,Bad Hohenbrück,NW,FKM
48426,Adlerfeld,NW,FKM
48440,Bad Moorheim,NW,FKM
48459,Wolfskirchen,NW,FKM
48540,Bruchkirchen,NW,Q
48564,Bruchsee am See,NW,Q
48568,Lindenkirchen,NW,Q
48607,Wolfsroda,NW,Q
48617,Königsroda,NW,Q
48661,Rabenwald,NW,Q
48667,Hirschburg-Süd,NW,Q
48668,Bergingen,NW,Q
48677,Kiesheim-West,NW,Q
48682,Bischofsau am Moor,NW,Q
48738,Ritterkirchen,NW,Q
48770,Wieseningen-Ost,NW,IWM
48800,Moorscheid,NW,IWM
48803,Großstadt,NW,IWM
48813,Bad Bergheim,NW,IWM
48819,Erlenbach,NW,IWM
48835,Schlosskirchen an der Warne,NW,IWM
48975,Westtal,NW,IWM
49047,Wiesenstein,NW,RQL
49083,Hohenstadt,NW,RQL
49138,Adlerfurt im Grund,NW,RQL
49140,Winterweiler an der Aue,NW,RQL
49192,Rehwald,NW,RQL
49224,Ahornscheid-West,NW,RQL
49226,Nebelstadt,NW,RQL
49257,Grünberg-Süd,NW,HMK
49258,Bad Fuchshagen,NW,HMK
49262,Adlerhagen,NW,HMK
49263,Winterhausen,NW,HMK
49283,Ritterstein,NW,HMK
49303,Burgbrunn,NW,HMK
49306,Bad Fährweiler,NW,HMK
49324,Kiestal,NW,HMK
49328,Buchenau,NW,HMK
49335,Weidenhausen,NW,HMK
49355,Feldhagen,NW,HMK
49376,Fährtal im Tal,NW,HMK
49398,Westbrück an der Ilm,NW,HMK
49401,Bergburg,NW,HMK
49404,Sonnenfurt,NW,HMK
49407,Sonnenhofen-Süd,NW,HMK
49409,Hohenweiler,NW,HMK
49416,Eichenau,NW,HMK
49444,Rehingen,NW,HMK
49459,Heidedorf am Moor,NW,HMK
49461,Kleintal an der Warne,NW,HMK
49467,Nebelburg,NW,HMK
49468,Heidedorf,NW,HMK
49477,Feldscheid an der Warne,NW,HMK
49488,Kleinhofen,NW,HMK
49494,Wiesenburg,NW,HMK
49497,Hirschweiler-Süd,NW,HMK
49504,Westhofen,NW,POP
49507,Erlenburg,NW,POP
49544,Burgbrück-West,NW,POP
49572,Espeningen,NW,POP
49581,Adlerhagen,NW,POP
49590,Bruchroda-West,NW,POP
49622,Bad Fuchsstadt,NW,POP
49630,Niederheim,NW,POP
49654,Rehhagen,NW,POP
49655,Südfurt,NW,POP
49661,Grünsee,NW,POP
49669,Großbrück im Tal,NW,POP
49672,Hohenhausen,NW,POP
49681,Winterstein,NW,POP
49683,Hafenthal,NW,POP
49718,Bad Talburg,NW,POP
49732,Großweiler,NW,POP
49737,Wieseningen,NW,POP
49759,Bischofshagen-Ost,NW,RP
49780,Espenbrück,NW,RP
49800,Winterfurt,NW,RP
49809,Kleinburg-West,NW,RP
49825,Sonnenbrück am See,NW,RP
49849,Kieskirchen,NW,RP
49854,Fährberg,NW,RP
49861,Neutal-Ost,NW,RP
49862,Marktau,NW,RP
49876,Mondweiler,NW,RP
49883,Hohenfurt,NW,RP
49895,Hafenstein,NW,RP
49915,Bergthal,NW,RP
49925,Niederstadt,NW,RP
49961,Sandwald,NW,RP
49979,Großtal,NW,RP
49980,Hohenheim,NW,RP
49986,Sonnenfurt,NW,RP
50011,Hafenbrunn,NW,LCG
50017,Königsroda,NW,LCG
50020,Lindenbrunn an der Warne,NW,LCG
50025,Wiesenburg,NW,LCG
50039,Altingen,NW,LCG
50053,Fürstental,NW,LCG
50063,Espenstein,NW,LCG
50070,Eichendorf,NW,LCG
50089,Moortal,NW,LCG
50095,Hohenheim,NW,LCG
50099,Bergthal am See,NW,LCG
50111,Burgkirchen,NW,LCG
50121,Buchenbach,NW,LCG
50127,Rothofen,NW,LCG
50130,Eichenwald an der Ilm,NW,LCG
50155,Moorau,NW,LCG
50162,Wolfsburg,NW,LCG
50166,Mühldorf,NW,LCG
50177,Sternthal,NW,LCG
50198,Lindenfeld,NW,LCG
50204,Moorwald im Tal,NW,LCG
50237,Eichenstadt,NW,LCG
50260,Ritterkirchen,NW,LCG
50263,Großstadt,NW,LCG
50276,Birkenstein am Berg,NW,LCG
50282,Talsee an der Ilm,NW,LCG
50285,Bruchburg-Süd,NW,LCG
50309,Unterthal-West,NW,HSN
50329,Espenburg,NW,HSN
50356,Königshausen,NW,HSN
50398,Espenhausen,NW,HSN
50407,Mondbach,NW,HSN
50424,Nordhagen am Moor,NW,HSN
50436,Espenhausen,NW,HSN
50471,Oberstein,NW,HSN
50477,Sandbach,NW,HSN
50543,Erleningen,NW,HSN
50601,Adlerweiler,NW,MC
50603,Rabenbrunn,NW,MC
50609,Bruchkirchen,NW,MC
50611,Lindensee am See,NW,MC
50614,Moordorf,NW,MC
50617,Großweiler,NW,MC
50621,Oberheim,NW,MC
50634,Unterkirchen im Tal,NW,MC
50635,Winterwald,NW,MC
50636,Neusee,NW,MC
50639,Kleinscheid an der Aue,NW,MC
50661,Kleinthal,NW,MC
50665,Ahornburg,NW,MC
50683,Buchenkirchen,NW,MC
50691,Bischofsstein,NW,MC
50702,Sterningen,NW,MC
50709,Westbach-Süd,NW,MC
50742,Oberhofen,NW,MC
50768,Winterbrück,NW,MC
50774,Espenhofen-Süd,NW,MC
50788,Wolfsstein,NW,MC
50793,Wolfskirchen,NW,MC
50798,Mönchsfeld an der Ilm,NW,MC
50805,Adlerheim,NW,MC
50810,Moorhagen,NW,MC
50825,Hafenscheid,NW,MC
50830,Königsscheid an der Aue,NW,MC
50853,Nordthal,NW,MC
50872,Nebelhofen,NW,MC
50874,Espensee,NW,MC
50877,Westburg,NW,MC
50911,Großbrück,NW,ZBD
50914,Erlenhagen,NW,ZBD
50922,Bischofshagen-Nord,NW,ZBD
50938,Mönchshagen,NW,ZBD
50955,Osttal an der Ilm,NW,ZBD
50963,Großberg,NW,ZBD
50965,Bad Nebelstadt,NW,ZBD
50967,Hafensee,NW,ZBD
50989,Hirschburg,NW,ZBD
50993,Fährhagen,NW,ZBD
50996,Sternau,NW,ZBD
51002,Großhofen,NW,ZBD
51015,Bärenkirchen,NW,ZBD
51034,Wiesenscheid,NW,ZBD
51062,Schlossstadt,NW,ZBD
51064,Bärenfeld,NW,ZBD
51076,Fürstenkirchen,NW,ZBD
51085,Königsau,NW,ZBD
51089,Neuhagen,NW,ZBD
51096,Lindenburg,NW,ZBD
51140,Marktscheid,NW,ZBD
51147,Eichenscheid an der Aue,NW,ZBD
51150,Wiesenroda,NW,ZBD
51176,Bruchtal,NW,ZBD
51264,Feldingen im Tal,NW,XR
51277,Bergstadt,NW,XR
51328,Burghofen,NW,XR
51331,Ostdorf,NW,XR
51349,Neuburg,NW,XR
51390,Espenfeld,NW,XR
51410,Winterdorf,NW,XR
51425,Moorheim,NW,XR
51498,Espenthal,NW,HP
51512,Sternbrunn,NW,HP
51533,Sommerdorf,NW,HP
51650,Rabenhausen,NW,HP
51783,Fuchsingen,RP,EFT
51799,Grüntal,RP,EFT
51809,Ritterbrunn,RP,EFT
51828,Hohenbrück,RP,EFT
51874,Hohenhofen,RP,EFT
51917,Adlertal an der Aue,RP,EFT
51935,Falkenheim,RP,EFT
51938,Birkenroda-Süd,RP,EFT
51952,Niederbach,RP,EFT
51955,Espenstadt an der Ilm,RP,EFT
51960,Sandbrück,RP,EFT
51968,Sonnenbrück,RP,EFT
51970,Sandtal,RP,EFT
51979,Nebelhofen,RP,EFT
51986,Eichenfeld,RP,EFT
52027,Falkensee am Moor,RP,EFT
52034,Brückenhagen,RP,EFT
52064,Brückenbrück,RP,PQY
52105,Sandstein,RP,PQY
52122,Weidenhagen-Nord,RP,PQY
52155,Sommerthal,RP,PQY
52156,Moorstadt,RP,PQY
52177,Großscheid,RP,PQY
52183,Rabenau,RP,PQY
52188,Südingen,RP,PQY
52190,Hohenscheid,RP,PQY
52268,Neuhagen,RP,PQY
52278,Espenwald,RP,PQY
52283,Fürstenau,RP,PQY
52319,Westhofen,RP,PQY
52328,Mondstadt,RP,PQY
52351,Heideingen,RP,PQY
52359,Altfeld am See,NW,FN
52364,Kleinstein,NW,FN
52370,Ritterdorf,NW,FN
52373,Sternheim,NW,FN
52374,Burgscheid,NW,FN
52376,Adlerberg,NW,FN
52381,Brückenscheid,NW,FN
52387,Bruchwald im Grund,NW,FN
52401,Großroda,NW,FN
52403,Adlerbach,NW,FN
52408,Neuau,NW,FN
52409,Lindenbrunn,NW,FN
52420,Heideburg,NW,FN
52425,Nordburg,NW,FN
52431,Lindenroda,NW,FN
52434,Mönchshofen,NW,FN
52441,Sommerfurt,NW,FN
52456,Rehstein,NW,FN
52458,Fürstenbrück,NW,FN
52459,Niederau-West,NW,FN
52460,Unterstein,NW,FN
52462,Feldthal,NW,FN
52464,Südfurt,NW,FN
52466,Eichendorf,NW,FN
52468,Brückensee,NW,FN
52471,Wiesenkirchen,NW,FN
52476,Falkenstadt,NW,FN
52487,Rotweiler,NW,FN
52489,Niederbach,NW,FN
52490,Westwald-Süd,NW,FN
52492,Winterberg an der Warne,NW,FN
52493,Erlenfeld,NW,FN
52501,Sternhofen,NW,FN
52503,Rittertal,NW,FN
52512,Mondfurt,NW,FN
52520,Lindenscheid,NW,FN
52526,Schlossdorf,NW,FN
52544,Ahornthal an der Aue,NW,FN
52546,Königsberg,NW,FN
52549,Ahornwald,NW,FN
52553,Neuau,NW,FN
52554,Bärenfurt an der Warne,NW,FN
52555,Fürstenscheid,NW,FN
52558,Sandhofen im Grund,NW,FN
52561,Adlerhofen,NW,FN
52565,Südwald,NW,FN
52575,Talburg an der Warne,NW,FN
52581,Ahornheim an der Ilm,NW,FN
52583,Bruchfeld,NW,FN
52584,Hafenfeld,NW,FN
52587,Wolfsfurt,NW,FN
52591,Falkenhagen am Berg,NW,FN
52598,Weidenhagen,NW,FN
52601,Bärenscheid an der Warne,NW,FN
52603,Weidenhausen-Süd,NW,FN
52604,Adlerhagen,NW,FN
52607,Rehroda am Moor,NW,FN
52614,Steinkirchen am See,NW,FN
52615,Mönchskirchen,NW,FN
52617,Ostfurt,NW,FN
52618,Nebelheim,NW,FN
52621,Mondweiler-Nord,NW,FN
52626,Hafenburg an der Aue,NW,FN
52628,Eicheningen im Tal,NW,FN
52631,Hoheningen-Süd,NW,FN
52635,Espenhagen,NW,FN
52637,Bärenau,NW,FN
52649,Mühlfurt,NW,FN
52653,Bad Hafeningen,NW,JIB
52684,Rabenthal,NW,JIB
52698,Königsfeld,NW,JIB
52730,Bergberg,NW,JIB
52745,Moorscheid,NW,JIB
52775,Hafenstein,NW,JIB
52795,Mooringen,NW,JIB
52910,Niederberg,NW,JIB
52923,Bad Mondwald,NW,JIB
52952,Fährburg,RP,OEG
52953,Nebelingen im Grund,RP,OEG
52968,Feldwald am Moor,RP,OEG
52988,Wintertal am Berg,RP,OEG
53049,Falkensee,RP,OEG
53111,Unterau,RP,OEG
53122,Hafenberg-Nord,RP,OEG
53176,Bruchdorf am Moor,RP,OEG
53283,Bärental an der Aue,NW,FI
53299,Grünbrunn,NW,FI
53390,Königssee,NW,FI
53423,Buchenberg,NW,FI
53498,Fährfeld,NW,FI
53537,Sandthal,RP,NDW
53551,Hafenroda,RP,NDW
53585,Steiningen,RP,NDW
53605,Weidensee,RP,NDW
53612,Sternhausen,RP,NDW
53640,Rehingen an der Warne,RP,NDW
53647,Sandhagen,RP,NDW
53648,Lindenhofen,RP,NDW
53662,Schlosshofen,RP,NDW
53677,Rabenhagen,RP,NDW
53684,Brückenstein an der Aue,RP,NDW
53695,Bad Heidestein,RP,NDW
53755,Oberfeld,RP,NDW
53793,Schlosswald,RP,NDW
53819,Lindenfeld,RP,NDW
53839,Oberburg,RP,OZJ
53912,Hohenhofen,RP,OZJ
53973,Unterbrück im Tal,RP,OZJ
54048,Mühlscheid,RP,OZJ
54049,Bad Bischofsfurt,RP,OZJ
54085,Feldstein,RP,OZJ
54098,Sommerweiler,RP,OZJ
54119,Kiesbrück,RP,OZJ
54140,Neufeld,NW,MTW
54155,Hafenweiler,NW,MTW
54192,Eichenburg,NW,MTW
54226,Schlosshagen am Berg,NW,MTW
54257,Bad Bruchheim am Berg,NW,MTW
54268,Sonnental,NW,MTW
54280,Hafenhagen im Grund,NW,MTW
54303,Feldheim,NW,MTW
54323,Altroda an der Ilm,NW,MTW
54341,Kleinweiler,NW,MTW
54346,Bischofsdorf an der Aue,NW,MTW
54350,Nordau,NW,MTW
54364,Sterningen,NW,MTW
54372,Bad Altau am See,NW,MTW
54374,Nebelburg,NW,MTW
54405,Winterstein an der Warne,NW,MTW
54408,Sonnenthal,NW,MTW
54411,Adlerwald,NW,MTW
54463,Mondheim,NW,GR
54484,Ostingen am See,NW,GR
54513,Winterkirchen,NW,GR
54520,Bad Sternhofen,NW,GR
54527,Westhausen,NW,GR
54632,Schlosshausen,NW,GR
54682,Nordberg,NW,GR
54785,Kleinheim,NW,BG
54786,Nebelbrunn,NW,BG
54794,Buchenscheid-Süd,NW,BG
54819,Feldau,NW,BG
54848,Wolfsburg,NW,BG
54916,Osthagen,NW,BG
54967,Nebelscheid,NW,BG
54979,Fürstenbach,NW,BG
55003,Altweiler,NW,SQ
55019,Ritterhausen an der Warne,NW,SQ
55030,Marktfurt,NW,SQ
55040,Heidehofen,NW,SQ
55042,Oberfeld,NW,SQ
55075,Lindenhausen,NW,SQ
55100,Mondheim am See,NW,SQ
55108,Königssee im Tal,NW,SQ
55124,Großkirchen,NW,SQ
55155,Burgfeld,NW,SQ
55159,Feldthal,NW,SQ
55181,Adlerhofen,NW,SQ
55202,Moortal,NW,SQ
55215,Altbrunn,NW,SQ
55222,Grünfurt,NW,SQ
55245,Hafendorf,NW,SQ
55305,Fürstenkirchen,RP,YHZ
55312,Talstein,RP,YHZ
55317,Sternwald am Berg,RP,YHZ
55360,Sterningen im Tal,RP,YHZ
55396,Heidehausen,RP,YHZ
55406,Königskirchen,RP,YHZ
55409,Steinstein,RP,YHZ
55439,Brückenhofen am Moor,RP,YHZ
55478,Sternwald,RP,YHZ
55495,Ritterweiler,RP,YHZ
55507,Nebelfurt,RP,YHZ
55539,Winterbrück an der Aue,RP,YHZ
55546,Winterhofen,RP,YHZ
55548,Heidekirchen,RP,YHZ
55565,Moorbrunn-West,RP,YHZ
55569,Süddorf an der Aue,RP,YHZ
55571,Neuthal,RP,YHZ
55577,Hirschhofen an der Warne,RP,YHZ
55681,Neuhausen,NW,AN
55724,Rotfurt,NW,AN
55736,Grünstein,NW,AN
55755,Rabenbach,NW,AN
55761,Kleinscheid,NW,AN
55802,Niederdorf,NW,AN
55812,Neuau,NW,AN
55833,Brückenbach-Nord,NW,AN
55838,Unterbrunn,NW,AN
55842,Sommerstein,NW,AN
55876,Bischofssee-Süd,NW,AN
56000,Hafenhagen-Nord,RP,GVE
56034,Hafenthal im Tal,RP,GVE
56056,Osttal,RP,GVE
56087,Sommerhausen,RP,GVE
56186,Nebelhausen,RP,IGQ
56188,Neutal,RP,IGQ
56194,Erlenstein,RP,IGQ
56201,Birkenthal,RP,IGQ
56203,Unterstadt,RP,IGQ
56204,Nordstadt,RP,IGQ
56212,Lindenheim,RP,IGQ
56226,Feldweiler,RP,IGQ
56229,Großkirchen,RP,IGQ
56232,Kieshofen,RP,IGQ
56237,Nebelhausen an der Warne,RP,IGQ
56240,Unterstadt,RP,IGQ
56242,Burgtal,RP,IGQ
56244,Bergthal,RP,IGQ
56245,Bergingen,RP,IGQ
56247,Mondau an der Ilm,RP,IGQ
56250,Grünroda,RP,IGQ
56263,Niederhausen,RP,IGQ
56266,Niederfurt,RP,IGQ
56272,Bad Kleinscheid,RP,IGQ
56278,Eichenhofen,RP,IGQ
56281,Königsfeld am Moor,RP,IGQ
56291,Bad Bischofsbrunn-West,RP,IGQ
56294,Schlossfurt,RP,IGQ
56295,Steinberg,RP,IGQ
56298,Ahornau-Ost,RP,IGQ
56302,Mühlfurt,RP,IGQ
56303,Winterbrück,RP,IGQ
56304,Nordthal,RP,IGQ
56306,Bärenhausen,RP,IGQ
56309,Ahornbrück,RP,IGQ
56310,Hafenburg,RP,IGQ
56318,Lindenfeld,RP,IGQ
56321,Bruchroda-Süd,RP,IGQ
56322,Wolfsweiler-West,RP,IGQ
56323,Eichental,RP,IGQ
56327,Altau,RP,IGQ
56328,Obertal,RP,IGQ
56329,Mühlweiler,RP,IGQ
56333,Bad Bergfurt,RP,IGQ
56348,Mühlweiler,RP,IGQ
56350,Großdorf am See,RP,IGQ
56351,Unterkirchen,RP,IGQ
56359,Steinfurt,RP,IGQ
56361,Nordberg,RP,IGQ
56363,Hohenburg,RP,IGQ
56364,Bad Mühlstein,RP,IGQ
56366,Hohenstadt am Berg,RP,IGQ
56370,Fährkirchen-Süd,RP,IGQ
56373,Grünstein,RP,IGQ
56376,Sommerstadt,RP,IGQ
56378,Rabenstadt an der Aue,RP,IGQ
56386,Talthal im Grund,RP,IGQ
56387,Altweiler,RP,IGQ
56392,Adlerbrunn,RP,IGQ
56395,Sandhofen,RP,IGQ
56400,Wolfshagen,RP,IGQ
56408,Kiesbach,RP,IGQ
56411,Sommerstadt an der Warne,RP,IGQ
56416,Sommerweiler,RP,IGQ
56418,Königsheim,RP,IGQ
56422,Mondhofen an der Warne,RP,IGQ
56423,Schlossscheid,RP,IGQ
56427,Bischofsdorf am Moor,RP,IGQ
56428,Grünheim,RP,IGQ
56436,Großhofen,RP,IGQ
56437,Rehberg am Berg,RP,IGQ
56439,Schlossbrunn,RP,IGQ
56443,Moorfeld,RP,IGQ
56444,Bad Bruchbrunn-Süd,RP,IGQ
56447,Südingen an der Aue,RP,IGQ
56448,Sternfeld,RP,IGQ
56453,Rotingen,RP,IGQ
56457,Birkensee,RP,IGQ
56469,Nebelbach-West,RP,IGQ
56473,Mühlthal,NW,EON
56474,Heideingen,NW,EON
56482,Königsfurt,NW,EON
56485,Rotscheid im Grund,NW,EON
56493,Espental,NW,EON
56509,Bruchthal,NW,EON
56513,Buchenbrunn,NW,EON
56519,Hirschbrunn,NW,EON
56523,Brückenstadt,NW,EON
56532,Schlossingen am Moor,NW,EON
56540,Ahornroda,NW,EON
56571,Sandthal,NW,EON
56587,Rotbrunn,NW,EON
56594,Eichental,NW,EON
56612,Erlenbrück,NW,EON
56615,Kiesroda-Süd,NW,EON
56622,Lindeningen,NW,EON
56624,Ostbach-Nord,NW,EON
56628,Oberfeld,NW,EON
56633,Moorhagen am Berg,NW,EON
56640,Bad Burgfeld,NW,EON
56641,Fährau,NW,EON
56645,Talwald am See,NW,EON
56650,Ostheim,NW,EON
56662,Kleinwald,NW,EON
56671,Markthagen,NW,EON
56676,Altwald,NW,EON
56681,Rabenfeld,NW,EON
56684,Sommerbrunn,NW,EON
56692,Feldtal,NW,EON
56693,Ahornstein-Süd,NW,EON
56703,Westheim,NW,EON
56705,Königsheim,NW,EON
56712,Mönchsstein,NW,EON
56713,Bischofsstadt,NW,EON
56722,Felddorf,NW,EON
56727,Grünsee,NW,EON
56735,Mondbrück,NW,EON
56744,Sandtal,NW,EON
56748,Marktbrunn,NW,EON
56753,Wolfstal,NW,EON
56762,Winterfurt,NW,EON
56768,Schlosshausen am Berg,NW,JRR
56771,Bad Fürstenstein,NW,JRR
56779,Heideberg-Nord,NW,JRR
56803,Mühldorf,NW,JRR
56828,Winterdorf,NW,JRR
56832,Neustadt,NW,JRR
56855,Bergthal an der Aue,NW,JRR
56873,Königsberg-Nord,NW,JRR
56879,Eichenhagen,NW,JRR
56880,Rehheim,NW,JRR
56888,Mondsee,NW,JRR
56900,Niederwald-West,NW,JRR
56903,Mondfurt,NW,JRR
56904,Sternheim,NW,JRR
56997,Westburg,NW,JRR
57000,Unterdorf,NW,JRR
57001,Fährburg,NW,JRR
57030,Nebelhofen,NW,JRR
57044,Marktroda am See,NW,JRR
57063,Fuchsscheid,RP,XQL
57071,Heidedorf,RP,XQL
57089,Heidekirchen,RP,XQL
57090,Bad Steinroda,RP,XQL
57091,Sandbrunn im Grund,RP,XQL
57098,Bad Rotwald,RP,XQL
57105,Nebelbrück,RP,XQL
57107,Wiesenstein,RP,XQL
57118,Weidenau,RP,XQL
57119,Oberau,RP,XQL
57120,Espenbrück,RP,XQL
57131,Nordfurt-Nord,RP,XQL
57149,Schlossscheid,RP,XQL
57156,Lindenwald,RP,XQL
57159,Eichenwald,RP,XQL
57160,Bärental,RP,XQL
57162,Rabenberg,RP,XQL
57163,Markthofen im Grund,RP,XQL
57164,Moorau am Moor,RP,XQL
57166,Großstein,RP,XQL
57172,Birkenhagen im Grund,RP,XQL
57173,Ostingen,RP,XQL
57174,Kleinhausen,RP,XQL
57176,Marktstadt,RP,XQL
57185,Bucheningen-Süd,RP,XQL
57191,Kleinstadt an der Aue,RP,XQL
57196,Sternheim,RP,XQL
57207,Buchenscheid,RP,XQL
57210,Bergbrunn,RP,XQL
57219,Birkenscheid,RP,XQL
57224,Steinroda,RP,XQL
57229,Brückenau,RP,XQL
57230,Bad Mondweiler an der Ilm,RP,XQL
57232,Schlossingen,RP,XQL
57234,Lindenthal,RP,XQL
57248,Ostberg,RP,XQL
57252,Sonnenau,RP,XQL
57255,Hirschheim,RP,XQL
57256,Hohenroda,RP,XQL
57261,Oberstadt-Süd,RP,XQL
57274,Marktweiler,RP,XQL
57278,Winterkirchen,RP,XQL
57284,Hirschthal,RP,XQL
57294,Hafenstein an der Warne,RP,XQL
57296,Erleningen,RP,XQL
57297,Feldburg,RP,XQL
57306,Heidethal,RP,XQL
57309,Rotkirchen,RP,XQL
57317,Burgheim,RP,XQL
57320,Mühlau am See,RP,XQL
57321,Buchenau,RP,XQL
57330,Nordburg,RP,XQL
57336,Rabenroda,RP,XQL
57340,Sterndorf,RP,XQL
57341,Ostberg an der Warne,RP,XQL
57345,Südhofen,RP,XQL
57349,Bärenhagen,RP,XQL
57351,Bergstadt,RP,XQL
57390,Wintersee,NW,MXW
57434,Marktfeld an der Ilm,NW,MXW
57442,Feldsee an der Warne,NW,MXW
57453,Bäreningen,NW,MXW
57467,Norddorf an der Warne,NW,MXW
57474,Marktroda,NW,MXW
57498,Adlerbach-West,NW,MXW
57522,Ritterheim,NW,MXW
57600,Königsbrunn,NW,MXW
57619,Westscheid an der Aue,NW,MXW
57631,Steinweiler,NW,MXW
57633,Westbrunn,NW,MXW
57663,Grünhofen,NW,IIE
57688,Königstal,NW,IIE
57742,Feldfeld,NW,IIE
57765,Unterstadt,NW,IIE
57783,Altburg,NW,IIE
57823,Weidenfurt,NW,IIE
57829,Bad Wolfshagen im Tal,NW,IIE
57943,Bad Kleiningen,NW,ESH
57973,Bärental,NW,ESH
57982,Rabenkirchen im Tal,NW,ESH
57995,Neuingen,NW,ESH
57998,Fährfurt,NW,ESH
58007,Ahornstein,NW,ESH
58044,Heidescheid-West,NW,ESH
58056,Niederfeld im Tal,NW,ESH
58089,Bärenhofen,NW,ESH
58167,Burgheim,NW,ESH
58174,Mondheim,NW,ESH
58206,Niederfeld im Tal,NW,ESH
58291,Westhagen,RP,XK
58300,Steiningen,RP,XK
58311,Bad Adlerberg,RP,XK
58325,Ostwald,RP,XK
58342,Neutal an der Aue,RP,XK
58355,Falkenweiler,RP,XK
58364,Oststadt an der Ilm,RP,XK
58376,Rabenstadt,RP,XK
58379,Mühlburg,RP,XK
58388,Hirschbrunn,RP,XK
58450,Fuchsstein,RP,XK
58451,Espenhofen,RP,XK
58479,Sonnenfurt,RP,XK
58493,Süddorf an der Aue,RP,XK
58499,Bad Brückendorf,RP,XK
58506,Mühlscheid am Berg,RP,XK
58525,Lindenthal,RP,XK
58534,Bad Fuchshagen,RP,GEE
58552,Erlenwald,RP,GEE
58563,Hirschkirchen im Tal,RP,GEE
58569,Oberau im Grund,RP,GEE
58571,Eichenwald,RP,GEE
58575,Niederscheid am Berg,RP,GEE
58586,Bruchstadt,RP,GEE
58598,Rehbrück,RP,GEE
58601,Talingen,RP,GEE
58618,Kleinbrunn,RP,GEE
58629,Schlossfurt,RP,GEE
58639,Hafenfeld,RP,GEE
58645,Nordhagen,RP,GEE
58648,Rehsee,RP,GEE
58650,Brückenroda,RP,GEE
58652,Westroda,RP,GEE
58664,Ahorningen,RP,GEE
58666,Fuchsbrück,RP,GEE
58667,Wolfsbach am See,RP,GEE
58673,Fuchsweiler,RP,GEE
58678,Weidenbrunn,RP,GEE
58680,Niederthal-Ost,RP,GEE
58695,Mönchsau,RP,GEE
58713,Ahornstein,RP,GEE
58717,Bärental an der Aue,RP,GEE
58720,Bärenbrück,RP,GEE
58722,Bad Brückenfurt,RP,GEE
58723,Moorau,RP,GEE
58736,Fuchsburg,RP,GEE
58747,Buchenstein,RP,GEE
58773,Hohenscheid,RP,GEE
58777,Wolfsberg am Moor,RP,GEE
58779,Eichenkirchen,RP,GEE
58787,Brückensee,RP,GEE
58798,Bad Fürsteningen-Nord,RP,GEE
58804,Mühlberg-Süd,RP,GEE
58813,Hirschburg,RP,GEE
58817,Ritterwald-Süd,RP,GEE
58818,Brückenstadt,RP,GEE
58826,Weidenhagen,NW,QCQ
58887,Hirschthal,NW,QCQ
58956,Wieseningen,NW,QCQ
58982,Unterstadt,NW,QCQ
58990,Birkenroda,NW,QCQ
59009,Feldheim,NW,QCQ
59019,Bischofsbrunn,NW,QCQ
59130,Moorberg,NW,GZR
59131,Erlenheim,NW,GZR
59148,Neubach-Ost,NW,GZR
59244,Bad Rotkirchen,NW,GZR
59300,Brückenburg,NW,GZR
59302,Hafendorf,NW,GZR
59362,Eichenstein,NW,GZR
59402,Unterhausen,NW,GZR
59420,Rittertal-Nord,NW,QBS
59424,Feldkirchen,NW,QBS
59425,Fürstenhofen,NW,QBS
59429,Brückenbrück,NW,QBS
59436,Moorkirchen im Tal,NW,QBS
59452,Adlerfurt,NW,QBS
59455,Bruchwald an der Warne,NW,QBS
59459,Heidetal,NW,QBS
59466,Rabenau,NW,QBS
59468,Fährhausen,NW,QBS
59475,Kiesberg,NW,QBS
59487,Moordorf-West,NW,QBS
59492,Bad Erlenwald,NW,QBS
59498,Talau,NW,QBS
59500,Oberfurt,NW,QBS
59517,Bischofsau,NW,QBS
59519,Bärenfeld,NW,QBS
59538,Schlosstal,NW,QBS
59558,Hafenberg-West,NW,QBS
59565,Falkenscheid,NW,QBS
59568,Heidethal,NW,QBS
59576,Hohendorf,NW,QBS
59588,Oberingen,NW,QBS
59591,Steiningen,NW,QBS
59595,Rabenau,NW,QBS
59598,Fürstenkirchen,NW,QBS
59606,Espental,NW,QBS
59613,Steinburg,NW,QBS
59617,Sandweiler,NW,QBS
59619,Lindenstein,NW,QBS
59626,Bischofsburg,NW,QBS
59627,Neudorf am Berg,NW,QBS
59635,Fürstenroda,NW,QBS
59646,Hafenstadt,NW,QBS
59648,Wiesenhagen,NW,QBS
59650,Neuberg,NW,QBS
59668,Ahornfurt,NW,QBS
59671,Espenroda,NW,QBS
59687,Lindensee,NW,QBS
59690,Adlerwald,NW,QBS
59693,Marktscheid,NW,QBS
59699,Schlossbrück an der Warne,NW,QBS
59741,Unterstadt,RP,HU
59790,Sandwald,RP,HU
59823,Oststadt,RP,HU
59824,Mönchsfeld-Nord,RP,HU
59878,Mönchssee,RP,HU
59890,Sternburg-Ost,RP,HU
59909,Hohenfeld,RP,HU
59916,Espenbrunn-Nord,RP,HU
59954,Heidestein,RP,HU
59987,Sonnenbrück,RP,HU
59989,Rotkirchen,RP,HU
60010,Südwald,RP,UZT
60031,Feldhofen,RP,UZT
60079,Mondberg,RP,UZT
60179,Heideheim,RP,UZT
60183,Adlerdorf im Grund,RP,UZT
60206,Marktbrück,RP,UZT
60208,Königshagen am See,RP,UZT
60231,Kiessee,RP,UZT
60234,Sternberg-Süd,RP,UZT
60237,Falkenweiler,RP,UZT
60251,Ahornkirchen,HE,URV
60253,Talburg an der Warne,HE,URV
60258,Schlosshofen,HE,URV
60259,Sonnenhofen,HE,URV
60264,Erlenhofen,HE,URV
60265,Marktberg,HE,URV
60272,Hohenbach,HE,URV
60274,Fuchsburg am Berg,HE,URV
60281,Fürstensee,HE,URV
60284,Heidekirchen am Moor,HE,URV
60305,Lindensee,HE,URV
60308,Großsee,HE,URV
60312,Talfurt an der Warne,HE,URV
60325,Bad Königsstadt an der Aue,HE,URV
60326,Bad Mühlroda,HE,URV
60327,Marktingen,HE,URV
60331,Buchenfeld,HE,URV
60335,Rabenweiler am Berg,HE,URV
60336,Bergingen,HE,URV
60341,Bergheim,HE,URV
60346,Winterburg an der Aue,HE,URV
60354,Oberfurt,HE,URV
60382,Espenthal,HE,URV
60391,Sonnensee,HE,URV
60394,Erleningen,HE,URV
60398,Neufeld,HE,URV
60399,Sommerwald-Nord,HE,URV
60401,Mönchsstein-Ost,HE,URV
60402,Winterscheid,HE,URV
60425,Heidehausen,HE,URV
60427,Rehweiler am See,HE,URV
60436,Lindenbrück,HE,URV
60442,Bärenbrunn an der Ilm,HE,URV
60445,Hirschberg,HE,URV
60446,Burgau,HE,URV
60447,Mondbrunn im Grund,HE,URV
60450,Nebelburg-Süd,HE,URV
60469,Südfurt,HE,URV
60479,Ritterscheid,HE,URV
60491,Ostscheid,HE,URV
60496,Neuwald,HE,URV
60497,Mönchsberg,HE,URV
60499,Westhagen,HE,URV
60523,Ahornweiler,SL,SFS
60574,Hafental-Nord,SL,SFS
60576,Ahornscheid,SL,SFS
60652,Brückenscheid,SL,SFS
60665,Wolfsau-Nord,SL,SFS
60669,Bad Erlenthal,SL,SFS
60681,Talscheid-Ost,SL,SFS
60730,Buchenheim,SL,SFS
60756,Steinheim am Berg,RP,XPW
60758,Adlerstadt,RP,XPW
60791,Ritterfeld,RP,XPW
60829,Weidenthal,RP,XPW
60848,Buchenberg an der Ilm,RP,XPW
60863,Brückenfeld,RP,XPW
60873,Bärenbrück,RP,XPW
60876,Großwald,RP,XPW
60934,Winterau,RP,XPW
60985,Wiesenstein,RP,XPW
60991,Sommerstadt,RP,XPW
61000,Niederstein-Süd,HE,ZQG
61005,Westdorf,HE,ZQG
61010,Sternthal an der Ilm,HE,ZQG
61011,Adlerhausen an der Aue,HE,ZQG
61014,Fuchshagen,HE,ZQG
61021,Burgstein,HE,ZQG
61033,Bruchroda,HE,ZQG
61034,Talheim,HE,ZQG
61038,Feldfurt,HE,ZQG
61044,Westdorf,HE,ZQG
61045,Wieseningen,HE,ZQG
61046,Rabendorf an der Aue,HE,ZQG
61054,Großbach,HE,ZQG
61066,Schlossscheid,HE,ZQG
61069,Fuchsdorf,HE,ZQG
61079,Espenbach,HE,ZQG
61081,Altingen-West,HE,ZQG
61085,Südkirchen,HE,ZQG
61087,Großhausen,HE,ZQG
61088,Südfeld,HE,ZQG
61104,Bad Brückenthal-West,HE,ZQG
61118,Westkirchen an der Aue,HE,ZQG
61122,Bad Bischofsfurt,HE,ZQG
61125,Königsstadt,HE,ZQG
61131,Kleinfurt,HE,ZQG
61134,Kleinhausen,HE,ZQG
61135,Ritterroda im Grund,HE,ZQG
61136,Mönchsthal,HE,ZQG
61144,Grünheim,HE,ZQG
61146,Fuchshofen,HE,ZQG
61149,Ahornwald,HE,ZQG
61150,Wiesenfurt,HE,ZQG
61154,Eichenkirchen,HE,ZQG
61155,Bischofsheim,HE,ZQG
61161,Altstadt,HE,ZQG
61166,Schlossthal,HE,ZQG
61167,Adlerweiler,HE,ZQG
61169,Großtal an der Aue,HE,ZQG
61173,Heideburg im Tal,HE,ZQG
61179,Ritterhagen,HE,ZQG
61185,Nebelbrunn,HE,ZQG
61187,Erlendorf im Tal,HE,ZQG
61193,Mönchsweiler,HE,ZQG
61197,Grünweiler,HE,ZQG
61198,Neustadt im Tal,HE,ZQG
61206,Ritterau,HE,ZQG
61213,Nordstein,HE,ZQG
61225,Wolfsburg,HE,ZQG
61230,Neukirchen am See,HE,ZQG
61232,Kieshofen,HE,ZQG
61238,Feldweiler am Moor,HE,ZQG
61242,Bergdorf,HE,ZQG
61243,Mondstein,HE,ZQG
61271,Moorhausen,RP,NBL
61323,Nordweiler,RP,NBL
61393,Weidenhagen,RP,NBL
61452,Feldroda,RP,NBL
61479,Fürstenhagen,RP,NBL
61495,Altstadt,RP,NBL
61503,Kleinbrunn im Grund,SL,CW
61523,Rehfeld,SL,CW
61531,Königsstein,SL,CW
61538,Altfeld,SL,CW
61556,Rehburg,SL,CW
61559,Heideweiler,SL,CW
61562,Ostbrunn,SL,CW
61570,Brückenroda,SL,CW
61583,Talsee an der Aue,SL,CW
61584,Althagen-Ost,SL,CW
61594,Fährscheid,SL,CW
61596,Grünstadt,SL,CW
61600,Fürstental,SL,CW
61603,Bischofskirchen am Berg,SL,CW
61608,Schlosskirchen,SL,CW
61625,Birkenhofen,SL,CW
61634,Winterstadt-Nord,SL,CW
61641,Ritterstein,SL,CW
61663,Sommerau,SL,CW
61671,Ostsee,SL,CW
61679,Fuchsbrück,SL,CW
61681,Adlerau an der Aue,SL,CW
61683,Rabenroda,SL,CW
61684,Unterfurt,SL,CW
61690,Bruchstadt,SL,CW
61701,Sommerburg,SL,CW
61702,Fährheim,SL,CW
61703,Fährbrück,SL,CW
61704,Moorbrunn,SL,CW
61714,Hirschkirchen,SL,CW
61719,Fuchsthal,SL,CW
61732,Sternbrück,SL,CW
61733,Fuchsburg,SL,CW
61735,Mondbrunn,SL,CW
61738,Sonnenfeld,SL,CW
61742,Espenfurt-Nord,SL,CW
61745,Rehwald,SL,CW
61764,Erlenbrück,SL,GVO
61773,Sonnenroda,SL,GVO
61789,Schlossdorf,SL,GVO
61790,Grüningen,SL,GVO
61810,Fährstadt am Berg,SL,GVO
61811,Kleinhofen im Tal,SL,GVO
61827,Moorstein,SL,GVO
61831,Burgsee,SL,GVO
61839,Nordfurt,SL,GVO
61847,Brückenfeld,SL,GVO
61852,Steinwald,SL,GVO
61855,Lindenheim,SL,GVO
61864,Großberg,SL,GVO
61871,Feldstein,SL,GVO
61872,Bruchsee,SL,GVO
61879,Kieshagen im Grund,SL,GVO
61884,Kleinthal im Grund,SL,GVO
61886,Bergbrunn,SL,GVO
61888,Espenscheid an der Aue,SL,GVO
61906,Bad Altstein,SL,GVO
61910,Bergwald im Tal,SL,GVO
61922,Mönchskirchen,SL,GVO
61932,Wolfsheim,SL,GVO
61937,Großdorf,SL,GVO
61939,Moorwald,SL,GVO
61948,Fährbrück,SL,GVO
61954,Steinfurt,SL,GVO
61960,Bad Adlerberg,SL,GVO
61982,Sandfeld,SL,GVO
61983,Moorstadt,SL,GVO
61989,Steinhofen,SL,GVO
61998,Berghofen,SL,GVO
61999,Heidefurt,SL,GVO
62002,Fährstein,RP,SC
62011,Fürstenbrück-Ost,RP,SC
62016,Nordbrunn,RP,SC
62023,Bärendorf,RP,SC
62025,Sandweiler an der Ilm,RP,SC
62031,Nordburg,RP,SC
62033,Sandstadt am See,RP,SC
62035,Brückenbrunn,RP,SC
62044,Rotroda,RP,SC
62048,Fürsteningen,RP,SC
62049,Buchenfurt an der Aue,RP,SC
62052,Espenwald am See,RP,SC
62053,Buchenstadt,RP,SC
62065,Hohenheim,RP,SC
62075,Ostau-Nord,RP,SC
62078,Grünfeld,RP,SC
62082,Falkenburg,RP,SC
62085,Brückenbrück am Berg,RP,SC
62088,Buchensee,RP,SC
62095,Bärenhagen,RP,SC
62101,Hafensee,RP,SC
62104,Bischofswald-Nord,RP,SC
62110,Sandthal,RP,SC
62120,Großhofen,RP,SC
62133,Wiesenweiler,RP,SC
62139,Winterberg,RP,SC
62157,Oberwald,RP,SC
62167,Erlenstein,RP,SC
62172,Bad Feldweiler,RP,SC
62175,Mühlthal,RP,SC
62180,Hohenwald,RP,SC
62183,Hohenberg,RP,SC
62186,Hirschburg,RP,SC
62200,Talfeld an der Aue,RP,SC
62215,Wolfsheim,RP,SC
62222,Berghausen,RP,SC
62230,Oberthal,RP,SC
62234,Heidethal-West,RP,SC
62236,Berghofen,RP,SC
62239,Adlersee,RP,SC
62250,Großroda,RP,LKT
62282,Moorbrück,RP,LKT
62284,Schlossfurt,RP,LKT
62296,Rabenhofen im Tal,RP,LKT
62341,Königsdorf-West,RP,LKT
62342,Adlerscheid im Grund,RP,LKT
62345,Mondthal,RP,LKT
62351,Heidesee,RP,LKT
62383,Bärenstein-West,RP,LKT
62387,Fuchssee,RP,LKT
62393,Moorsee,RP,LKT
62401,Nordhagen-Ost,RP,LKT
62422,Falkendorf,RP,LKT
62488,Rabenfurt,RP,LKT
62502,Birkenbrunn,HE,ZJ
62509,Bad Sonnenhagen,HE,ZJ
62510,Bärenberg,HE,ZJ
62520,Buchenbrunn,HE,ZJ
62525,Buchenbach,HE,ZJ
62526,Buchenburg,HE,ZJ
62532,Winterhagen,HE,ZJ
62538,Fuchshagen,HE,ZJ
62545,Königsingen,HE,ZJ
62547,Unterhausen,HE,ZJ
62550,Wolfswald,HE,ZJ
62560,Kiesweiler,HE,ZJ
62579,Burghofen am See,HE,ZJ
62581,Schlossfurt,HE,ZJ
62611,Schlossthal,HE,ZJ
62613,Fuchstal-Süd,HE,ZJ
62615,Ostweiler,HE,ZJ
62617,Birkenweiler,HE,ZJ
62634,Mühltal-Ost,HE,ZJ
62638,Bruchsee-West,HE,ZJ
62649,Erlenstein an der Warne,HE,ZJ
62650,Erlenthal,HE,ZJ
62652,Bärenburg an der Aue,HE,ZJ
62655,Eichenweiler,HE,ZJ
62660,Fürstenstadt,HE,ZJ
62665,Mühlburg,HE,ZJ
62690,Hohenweiler,HE,ZJ
62708,Kiesberg,HE,ZJ
62723,Nebelbrunn,HE,ZJ
62745,Heidefurt,HE,ZJ
62749,Espental,HE,ZJ
62762,Bucheningen im Tal,RP,SJN
62783,Rotsee,RP,SJN
62789,Rehkirchen,RP,SJN
62862,Grünfeld-Nord,RP,SJN
62888,Schlossheim,RP,SJN
62948,Rabenhofen am See,RP,SJN
62966,Kiesheim,RP,SJN
63003,Wiesenstein an der Warne,HE,KRV
63018,Mönchsfurt,HE,KRV
63034,Feldstein,HE,KRV
63052,Großhagen-Ost,HE,KRV
63056,Eichenfurt,HE,KRV
63070,Fährscheid,HE,KRV
63093,Neuscheid am Berg,HE,KRV
63158,Großstadt,HE,KRV
63176,Winterwald,HE,KRV
63222,Obersee,HE,KRV
63255,Burgsee,HE,SQQ
63258,Westbrück,HE,SQQ
63260,Bruchroda,HE,SQQ
63285,Marktbrunn,HE,SQQ
63299,Sommerroda,HE,SQQ
63301,Hafenkirchen,HE,SQQ
63320,Eichenfurt am See,HE,SQQ
63329,Bruchheim,HE,SQQ
63331,Sandau,HE,SQQ
63336,Nebelburg im Grund,HE,SQQ
63341,Sternfeld-West,HE,SQQ
63348,Hirschhofen,HE,SQQ
63365,Südstadt,HE,SQQ
63382,Heidebach am See,HE,SQQ
63385,Hohensee,HE,SQQ
63399,Westberg am Berg,HE,SQQ
63406,Altberg,HE,SQQ
63409,Osttal,HE,SQQ
63413,Fürstenau,HE,SQQ
63415,Erleningen,HE,SQQ
63419,Rittersee an der Warne,HE,SQQ
63429,Grünweiler,HE,SQQ
63430,Rabenbrunn,HE,SQQ
63432,Wiesenheim,HE,SQQ
63454,Falkenscheid,HE,SQQ
63464,Nebeltal,HE,SQQ
63466,Heidefurt an der Warne,HE,SQQ
63469,Grüntal,HE,SQQ
63473,Hirschdorf an der Aue,HE,SQQ
63483,Mönchsburg,HE,SQQ
63515,Moorbrück,SL,PKF
63518,Sternbach,SL,PKF
63533,Wiesenthal,SL,PKF
63545,Wiesenhofen,SL,PKF
63550,Weidenkirchen,SL,PKF
63558,Kiesbach,SL,PKF
63628,Hafenhagen-Ost,SL,PKF
63659,Fährhagen,SL,PKF
63676,Westwald,SL,PKF
63695,Heidehausen am Moor,SL,PKF
63711,Unterbach,SL,PKF
63722,Burgdorf,SL,PKF
63755,Bärenkirchen-Süd,RP,XL
63756,Bärenheim-Nord,RP,XL
63766,Mühlfurt,RP,XL
63864,Mondkirchen an der Warne,RP,XL
63870,Westscheid,RP,XL
63934,Nordwald,RP,XL
64025,Erlenstein an der Warne,HE,GM
64034,Kleinhausen,HE,GM
64045,Erlensee,HE,GM
64096,Bruchberg im Grund,HE,GM
64107,Mühlhausen,HE,GM
64146,Westsee,HE,GM
64168,Falkenberg,HE,GM
64184,Sandhofen im Tal,HE,GM
64186,Wolfsscheid,HE,GM
64208,Neuwald an der Aue,HE,GM
64224,Unterwald am Moor,HE,GM
64232,Berghausen,HE,GM
64299,Altbrunn,HE,DJV
64305,Unterbrück,HE,DJV
64403,Feldfurt,HE,DJV
64432,Altthal,HE,DJV
64526,Mönchsburg an der Warne,RP,RG
64536,Marktau,RP,RG
64543,Neudorf,RP,RG
64569,Südtal,RP,RG
64581,Hafenau am Berg,RP,RG
64583,Brückenkirchen,RP,RG
64595,Sommerhofen,RP,RG
64599,Wolfsstein,RP,RG
64608,Adlerhofen,RP,RG
64622,Fuchsstadt,RP,RG
64652,Bad Winterhagen,RP,RG
64663,Königsstein,RP,RG
64673,Südwald,RP,RG
64674,Felddorf,RP,RG
64681,Oberkirchen,RP,RG
64688,Mühlkirchen am Berg,RP,RG
64700,Schlossbrunn,RP,RG
64721,Grünburg,RP,RG
64722,Brückenfurt am Moor,RP,RG
64728,Birkenbrück,RP,RG
64740,Westburg-Nord,RP,RG
64743,Birkenstein,RP,RG
64745,Steinstein an der Ilm,RP,RG
64747,Ritterwald,RP,RG
64754,Rotingen am Berg,RP,KT
64780,Falkeningen,RP,KT
64891,Marktwald,RP,KT
64920,Rotweiler,RP,KT
65029,Sonnenbach,HE,XA
65037,Südscheid,HE,XA
65042,Fuchsroda-Süd,HE,XA
65061,Sandheim,HE,XA
65073,Bruchstadt,HE,XA
65091,Erlenhagen,HE,XA
65112,Kleinhausen,HE,XA
65119,Fährscheid,HE,XA
65142,Bergstein-West,HE,XA
65149,Lindenfurt,HE,XA
65272,Heidetal am Moor,HE,CDX
65278,Marktau-Ost,HE,CDX
65282,Feldsee,HE,CDX
65288,Nordburg,HE,CDX
65298,Sommerburg,HE,CDX
65301,Adlerheim,HE,CDX
65304,Bad Brückenberg,HE,CDX
65306,Mondbach,HE,CDX
65335,Oberhausen,HE,CDX
65338,Oberberg,HE,CDX
65359,Kleinweiler,HE,CDX
65375,Großheim,HE,CDX
65388,Bärenweiler,HE,CDX
65389,Westheim,HE,CDX
65394,Großhausen-Süd,HE,CDX
65414,Buchenhausen,HE,CDX
65456,Unterhofen am Moor,HE,CDX
65464,Altburg,HE,CDX
65471,Südfurt,HE,CDX
65486,Sandfeld-Süd,HE,CDX
65497,Falkenbrück,HE,CDX
65501,Eichenheim,RP,TYM
65504,Bischofsbrück,RP,TYM
65513,Wiesenthal,RP,TYM
65519,Mondhausen im Grund,RP,TYM
65549,Marktburg an der Ilm,RP,TYM
65552,Buchenhausen,RP,TYM
65593,Wolfsbrück an der Warne,RP,TYM
65624,Rehfeld,RP,TYM
65649,Gründorf,RP,TYM
65654,Nordhagen,RP,TYM
65657,Eichenhagen an der Ilm,RP,TYM
65674,Lindenkirchen,RP,TYM
65681,Westbrunn,RP,TYM
65726,Oberingen,RP,TYM
65739,Mondstein am Moor,RP,TYM
65744,Alttal-Süd,RP,TYM
65746,Buchensee,RP,TYM
65763,Mönchsberg,SL,DUV
65766,Rotfurt,SL,DUV
65777,Neusee,SL,DUV
65782,Hirschsee,SL,DUV
65783,Wintertal,SL,DUV
65792,Kiesstein,SL,DUV
65796,Steinroda,SL,DUV
65805,Rotstein,SL,DUV
65814,Grünweiler an der Warne,SL,DUV
65816,Nordbrunn,SL,DUV
65822,Hirschau an der Ilm,SL,DUV
65833,Fuchsstadt,SL,DUV
65834,Bischofswald am Moor,SL,DUV
65840,Erlenkirchen,SL,DUV
65843,Bad Neuroda,SL,DUV
65845,Eichenthal im Grund,SL,DUV
65851,Winterstein,SL,DUV
65856,Rotkirchen am Berg,SL,DUV
65858,Moorburg am Berg,SL,DUV
65864,Wolfsburg,SL,DUV
65889,Rabenbach-West,SL,DUV
65904,Eichenweiler-West,SL,DUV
65909,Ritterstein-Ost,SL,DUV
65922,Rabeningen,SL,DUV
65926,Steiningen,SL,DUV
65927,Hirschfeld am See,SL,DUV
65934,Ritterscheid,SL,DUV
65936,Oberingen,SL,DUV
65943,Hafenwald,SL,DUV
65946,Mühlscheid-Süd,SL,DUV
65950,Sterntal-Nord,SL,DUV
65951,Rabenberg-Süd,SL,DUV
65953,Falkental,SL,DUV
65960,Nebelwald,SL,DUV
65963,Unterfeld,SL,DUV
65964,Erleningen,SL,DUV
65971,Espental,SL,DUV
65976,Sommerthal,SL,DUV
65977,Altkirchen,SL,DUV
65982,Sonnenstadt,SL,DUV
65989,Neuweiler,SL,DUV
65990,Nordstein,SL,DUV
65991,Kleinsee,SL,DUV
66004,Burgingen,HE,JEW
66050,Sternau-Süd,HE,JEW
66053,Bad Bergweiler,HE,JEW
66089,Talhofen,HE,JEW
66096,Südfeld-Nord,HE,JEW
66121,Espenhagen,HE,JEW
66126,Fährfurt,HE,JEW
66134,Winterweiler,HE,JEW
66164,Königsthal,HE,JEW
66194,Niederbach im Grund,HE,JEW
66202,Bad Rabenfeld,HE,JEW
66252,Ritterweiler,HE,KCC
66265,Feldheim,HE,KCC
66269,Nordfurt am Berg,HE,KCC
66278,Bad Winterkirchen,HE,KCC
66284,Fährkirchen,HE,KCC
66298,Mönchsbrunn an der Aue,HE,KCC
66307,Südheim,HE,KCC
66315,Sommerstein,HE,KCC
66320,Wiesenhausen,HE,KCC
66321,Schlossscheid,HE,KCC
66331,Kleinheim-West,HE,KCC
66339,Brückenstadt-West,HE,KCC
66355,Heidetal,HE,KCC
66362,Lindenroda,HE,KCC
66366,Winterau,HE,KCC
66384,Bergwald,HE,KCC
66391,Nebeldorf,HE,KCC
66392,Espenthal,HE,KCC
66393,Adlerscheid,HE,KCC
66397,Westburg,HE,KCC
66400,Bischofsfeld,HE,KCC
66414,Grünbach-Nord,HE,KCC
66417,Bischofsburg,HE,KCC
66419,Fuchsbrück,HE,KCC
66431,Feldstadt-Nord,HE,KCC
66437,Großbrunn am See,HE,KCC
66440,Adlerthal,HE,KCC
66446,Bischofsstadt,HE,KCC
66458,Steinhofen,HE,KCC
66459,Grünstein,HE,KCC
66475,Mondbrunn,HE,KCC
66478,Sommerbrunn,HE,KCC
66480,Oberbach,HE,KCC
66485,Fürstenscheid,HE,KCC
66486,Grünberg,HE,KCC
66487,Sandbrunn,HE,KCC
66489,Birkeningen an der Warne,HE,KCC
66491,Erlenwald,HE,KCC
66492,Mönchskirchen-Ost,HE,KCC
66494,Niederwald,HE,KCC
66519,Königsau,HE,WIT
66540,Ahornau,HE,WIT
66561,Sandsee,HE,WIT
66577,Mühlthal,HE,WIT
66618,Grünberg,HE,WIT
66619,Sommerburg,HE,WIT
66631,Sandingen,HE,WIT
66671,Rabenweiler,HE,WIT
66682,Rottal am Moor,HE,WIT
66683,Rotau,HE,WIT
66692,Grünthal,HE,WIT
66693,Adlerstein im Grund,HE,WIT
66694,Falkenfurt,HE,WIT
66712,Rothagen an der Warne,HE,WIT
66718,Westdorf,HE,WIT
66721,Rehbrunn,HE,WIT
66747,Westscheid,HE,WIT
66775,Sternhofen,RP,QN
66781,Erlendorf,RP,QN
66785,Ahornau,RP,QN
66804,Winterfeld,RP,QN
66830,Ahornkirchen an der Warne,RP,QN
66888,Rotsee,RP,QN
66917,Sandhausen,RP,QN
66930,Sonnenbach,RP,QN
67003,Bergbrunn-West,HE,VY
67015,Birkeningen,HE,VY
67018,Neustadt,HE,VY
67027,Rabenthal,HE,VY
67080,Mönchsweiler,HE,VY
67083,Moorbrunn,HE,VY
67084,Birkenbach,HE,VY
67088,Lindenbach,HE,VY
67101,Bergtal,HE,VY
67103,Wiesenheim,HE,VY
67108,Buchenbrück-Nord,HE,VY
67114,Eichenbrunn-Ost,HE,VY
67117,Espenau,HE,VY
67120,Südbrunn an der Warne,HE,VY
67124,Talfeld am Berg,HE,VY
67128,Schlossingen,HE,VY
67130,Fährroda,HE,VY
67131,Ahornstein,HE,VY
67152,Steinhausen,HE,VY
67156,Sonnenwald,HE,VY
67159,Fuchswald,HE,VY
67162,Bergbrück an der Aue,HE,VY
67164,Bruchbrunn-West,HE,VY
67166,Mühlscheid,HE,VY
67168,Mondau,HE,VY
67177,Hohenstadt,HE,VY
67189,Burgweiler,HE,VY
67197,Hohenfurt,HE,VY
67205,Hirschstadt,HE,VY
67213,Sandstadt,HE,VY
67231,Ostweiler,HE,VY
67232,Fährstadt,HE,VY
67235,Marktthal,HE,VY
67240,Rehau,HE,VY
67321,Falkenbrunn-West,RP,FUY
67331,Bergau,RP,FUY
67368,Birkensee an der Aue,RP,FUY
67375,Steinscheid,RP,FUY
67393,Ahornberg,RP,FUY
67421,Oberburg,RP,FUY
67451,Fürstenstein,RP,FUY
67492,Nordfeld,RP,FUY
67540,Mönchsbrück-Nord,HE,PTB
67552,Bärenbrunn-West,HE,PTB
67565,Burgthal,HE,PTB
67590,Wiesenbach-Süd,HE,PTB
67599,Sonnenroda-West,HE,PTB
67601,Großbach,HE,PTB
67636,Eichenweiler,HE,PTB
67648,Bischofskirchen,HE,PTB
67679,Oberbrück,HE,PTB
67694,Bergfeld,HE,PTB
67706,Nebelingen am Moor,HE,PTB
67733,Hafenbach an der Warne,HE,PTB
67803,Mönchsroda im Tal,HE,JGA
67817,Steinroda,HE,JGA
67821,Kiesbrück,HE,JGA
67823,Burgfeld,HE,JGA
67833,Bruchhausen,HE,JGA
67849,Espeningen-West,HE,JGA
67886,Altwald,HE,JGA
67900,Mönchsbach,HE,JGA
67901,Fürstenstadt,HE,JGA
67908,Ritterwald am See,HE,JGA
67932,Mondwald,HE,JGA
67937,Mondbrück,HE,JGA
67952,Ostroda,HE,JGA
68001,Ostheim,HE,P
68003,Weidenbrunn,HE,P
68006,Mühldorf,HE,P
68012,Westau,HE,P
68013,Steindorf-West,HE,P
68016,Altkirchen,HE,P
68019,Wiesenthal-Süd,HE,P
68031,Nordbach,HE,P
68034,Bruchbach,HE,P
68043,Erlenkirchen an der Ilm,HE,P
68044,Hafenweiler,HE,P
68051,Wiesenbrück,HE,P
68057,Marktroda,HE,P
68064,Erlenbrunn,HE,P
68067,Königsfurt,HE,P
68076,Heidesee,HE,P
68089,Birkenhofen,HE,P
68093,Bärenstein,HE,P
68094,Rotsee,HE,P
68120,Mondingen,HE,P
68127,Mondbrück,HE,P
68155,Steinbach,HE,P
68159,Fuchsweiler,HE,P
68164,Fürstenhofen,HE,P
68165,Ahornthal,HE,P
68168,Hirschau,HE,P
68169,Neuingen,HE,P
68177,Unterstadt im Tal,HE,P
68182,Rehberg,HE,P
68198,Weidenbach,HE,P
68208,Brückenfurt an der Ilm,HE,P
68221,Königstal,HE,P
68232,Brückenroda,HE,P
68238,Wiesenburg,HE,P
68240,Lindensee,HE,P
68245,Nebelberg im Tal,HE,P
68260,Neusee,HE,TE
68264,Ostsee,HE,TE
68270,Talau,HE,TE
68275,Hohendorf,HE,TE
68293,Fährdorf,HE,TE
68369,Rabendorf,HE,TE
68370,Mönchsfeld,HE,TE
68388,Espenbrück,HE,TE
68394,Großfeld,HE,TE
68406,Fährdorf,HE,TE
68412,Großbrück,HE,TE
68446,Moorstein,HE,TE
68456,Brückenbach,HE,TE
68484,Rotstadt-Nord,HE,TE
68493,Moorbach,HE,TE
68504,Ahornberg,SL,UNU
68547,Eichenburg-Süd,SL,UNU
68548,Bärenthal,SL,UNU
68556,Oberhagen,SL,UNU
68570,Heidethal,SL,UNU
68571,Markthausen,SL,UNU
68577,Mondbrück,SL,UNU
68590,Grünbrück,SL,UNU
68645,Birkenfurt-Nord,SL,UNU
68658,Fährtal,SL,UNU
68663,Talhofen,SL,UNU
68679,Sandkirchen im Grund,SL,UNU
68683,Sommerbach,SL,UNU
68756,Rotfurt,SL,SCJ
68762,Hohenburg,SL,SCJ
68765,Winterau,SL,SCJ
68767,Niederthal,SL,SCJ
68772,Oststadt,SL,SCJ
68775,Adlerweiler-Ost,SL,SCJ
68779,Kleinfeld,SL,SCJ
68837,Birkenwald,SL,SCJ
68864,Großbach,SL,SCJ
68875,Heidestadt,SL,SCJ
68883,Eichenkirchen,SL,SCJ
68912,Niederbrunn-West,SL,SCJ
68924,Moorhofen,SL,SCJ
68929,Bergberg,SL,SCJ
68932,Sommerkirchen,SL,SCJ
68943,Lindenbach,SL,SCJ
68944,Brückenau,SL,SCJ
68972,Fährstadt am Berg,SL,SCJ
68999,Winterhagen,SL,SCJ
69046,Nordstadt,HE,VQP
69065,Adlerberg,HE,VQP
69089,Nordbrück,HE,VQP
69092,Markttal,HE,VQP
69109,Winterburg an der Ilm,HE,VQP
69113,Espenburg,HE,VQP
69153,Fürstenfurt,HE,VQP
69218,Talhausen am Berg,HE,VQP
69232,Schlosssee,HE,VQP
69245,Fuchsstein,HE,VQP
69256,Weststadt,HE,FFF
69286,Schlossberg am Berg,HE,FFF
69295,Bad Sommertal,HE,FFF
69299,Bad Rabenstadt,HE,FFF
69324,Sandstein,HE,FFF
69347,Nordburg im Tal,HE,FFF
69363,Bärenfeld,HE,FFF
69369,Nebeldorf,HE,FFF
69396,Altfeld,HE,FFF
69413,Königstal,HE,FFF
69436,Erlenkirchen,HE,FFF
69472,Buchenheim,HE,FFF
69488,Talthal,HE,FFF
69490,Königsscheid an der Warne,HE,FFF
69504,Fährthal,HE,NT
69509,Bad Sternbrunn,HE,NT
69511,Burghausen,HE,NT
69519,Sandthal,HE,NT
69526,Talwald-Ost,HE,NT
69537,Ahornburg,HE,NT
69538,Fährsee,HE,NT
69550,Heidestadt,HE,NT
69553,Sonnenwald,HE,NT
69556,Neutal-Süd,HE,NT
69558,Adlerroda,HE,NT
69566,Schlossstadt,HE,NT
69572,Bruchhofen,HE,NT
69576,Brückenfeld,HE,NT
69577,Bischofsstadt,HE,NT
69578,Hohenfeld,HE,NT
69587,Steinhagen,HE,NT
69592,Bärenfeld-Süd,HE,NT
69593,Brückenfurt-Ost,HE,NT
69613,Adlertal am See,HE,NT
69618,Falkensee,HE,NT
69623,Kleinhofen,HE,NT
69630,Moorheim,HE,NT
69631,Wolfshagen,HE,NT
69633,Winterstein,HE,NT
69638,Unterbrunn,HE,NT
69640,Wiesenweiler,HE,NT
69659,Sternbach,HE,NT
69660,Neuheim,HE,NT
69671,Bischofstal an der Aue,HE,NT
69687,Marktbach,HE,NT
69694,Südweiler,HE,NT
69697,Königsfeld,HE,NT
69703,Heideburg,HE,NT
69710,Bad Steintal,HE,NT
69717,Sandscheid,HE,NT
69721,Wiesenfurt,HE,NT
69723,Feldberg,HE,NT
69724,Bärenhausen,HE,NT
69727,Bad Brückenhagen,HE,NT
69728,Ritterthal am See,HE,NT
69736,Lindendorf,HE,NT
69744,Hirschthal,HE,NT
69746,Burgfeld-Süd,HE,NT
69755,Brückenhofen,HE,SVS
69758,Kiesscheid,HE,SVS
69770,Mühlscheid,HE,SVS
69777,Kleinheim,HE,SVS
69790,Bärenbrunn-West,HE,SVS
69797,Königsstadt,HE,SVS
69798,Erlenstadt,HE,SVS
69838,Westroda,HE,SVS
69849,Königskirchen,HE,SVS
69853,Adlerberg,HE,SVS
69858,Sommersee,HE,SVS
69871,Bergbrück,HE,SVS
69884,Bad Steinfurt,HE,SVS
69894,Kleinbrunn am Moor,HE,SVS
69902,Sternberg am Berg,HE,SVS
69908,Kiesbach an der Ilm,HE,SVS
69921,Nordheim,HE,SVS
69924,Wolfshagen,HE,SVS
69972,Eichenau,HE,SVS
69978,Nordweiler,HE,SVS
70000,Erlenfurt,BW,EDY
70001,Adlerroda am Berg,BW,EDY
70007,Bischofshagen,BW,EDY
70009,Falkenstadt am See,BW,EDY
70013,Weidenstadt,BW,EDY
70015,Markttal,BW,EDY
70016,Talhausen,BW,EDY
70023,Steinsee,BW,EDY
70028,Fürstenbrunn,BW,EDY
70040,Ahornthal an der Aue,BW,EDY
70042,Lindendorf-West,BW,EDY
70043,Sommerstadt-Ost,BW,EDY
70044,Marktbrück,BW,EDY
70051,Fuchskirchen,BW,EDY
70086,Eichenfeld,BW,EDY
70093,Großbrück,BW,EDY
70095,Bergfeld,BW,EDY
70119,Südhofen,BW,EDY
70124,Südburg-West,BW,EDY
70143,Mühlau,BW,EDY
70154,Mühlwald,BW,EDY
70162,Altroda,BW,EDY
70176,Buchenfeld,BW,EDY
70178,Lindenstein,BW,EDY
70180,Winterberg,BW,EDY
70186,Weidenkirchen,BW,EDY
70192,Espenhofen,BW,EDY
70195,Rabenroda,BW,EDY
70203,Ritterbach,BW,EDY
70207,Sommerbach,BW,EDY
70209,Talthal,BW,EDY
70210,Hirschsee,BW,EDY
70211,Talscheid,BW,EDY
70220,Kiesbach,BW,M
70221,Weidenroda,BW,M
70242,Mönchsroda,BW,M
70248,Altthal,BW,M
70278,Steinbrück-Ost,BW,M
70281,Falkenhausen,BW,M
70291,Mondweiler,BW,M
70295,Hafenweiler,BW,M
70306,Eichenwald,BW,M
70318,Wiesental,BW,M
70328,Sternheim,BW,M
70329,Altthal,BW,M
70331,Kleinberg,BW,M
70339,Mönchswald,BW,M
70340,Lindenburg,BW,M
70342,Falkenfurt,BW,M
70348,Eichenfeld,BW,M
70350,Erlenberg,BW,M
70368,Sommertal,BW,M
70372,Westberg am Moor,BW,M
70400,Weidenfeld an der Aue,BW,M
70403,Sandroda,BW,M
70406,Sternburg,BW,M
70412,Brückendorf,BW,M
70434,Brückenkirchen,BW,M
70444,Bärenbrunn-Ost,BW,FZL
70458,Nebelthal,BW,FZL
70459,Südwald-West,BW,FZL
70478,Lindenheim am Moor,BW,FZL
70483,Burgbach,BW,FZL
70486,Schlossthal,BW,FZL
70499,Südscheid,BW,FZL
70521,Wiesenhausen an der Ilm,BW,FZL
70532,Nordscheid,BW,FZL
70539,Ritterau im Tal,BW,FZL
70540,Ritterheim,BW,FZL
70541,Birkenfeld im Grund,BW,FZL
70547,Mondheim,BW,FZL
70599,Adlerweiler,BW,FZL
70641,Ahornsee im Grund,BW,FZL
70657,Mondhausen-Süd,BW,BQ
70665,Oberfurt,BW,BQ
70666,Bad Weidenberg,BW,BQ
70667,Erlenheim,BW,BQ
70673,Neuingen,BW,BQ
70679,Weideningen,BW,BQ
70684,Bruchtal,BW,BQ
70687,Wolfsstein,BW,BQ
70691,Bischofshofen im Tal,BW,BQ
70711,Großweiler an der Warne,BW,BQ
70719,Weidensee,BW,BQ
70724,Mondscheid,BW,BQ
70751,Bischofsbach an der Aue,BW,BQ
70755,Hirschheim,BW,BQ
70767,Adlerwald im Grund,BW,BQ
70769,Bärenheim-Ost,BW,BQ
70773,Ostsee am Moor,BW,BQ
70775,Sommerau am Berg,BW,BQ
70777,Espenroda,BW,BQ
70788,Gründorf,BW,BQ
70789,Talweiler im Grund,BW,BQ
70804,Ritterhofen im Tal,BW,BQ
70806,Nebelburg,BW,BQ
70815,Grünau-Ost,BW,BQ
70824,Bruchingen,BW,BQ
70826,Burghagen,BW,BQ
70827,Oberscheid,BW,BQ
70828,Hohenroda,BW,BQ
70837,Mühlweiler,BW,BQ
70839,Mühlau,BW,BQ
70842,Fährdorf,BW,BQ
70843,Mühlfeld,BW,BQ
70848,Espental am See,BW,BQ
70852,Brückenfurt im Tal,BW,BQ
70854,Bruchthal,BW,BQ
70860,Steinbrück,BW,BQ
70869,Wolfswald an der Warne,BW,BQ
70877,Großscheid,BW,SZ
70919,Grünbrück,BW,SZ
70935,Weidenbrück,BW,SZ
70939,Winterthal im Tal,BW,SZ
70943,Hirschburg,BW,SZ
70952,Moorfurt-Nord,BW,SZ
70953,Nebelbach,BW,SZ
70986,Königssee,BW,SZ
71044,Oberhofen,BW,SZ
71116,Bruchtal,BW,RGK
71117,Fuchsroda,BW,RGK
71128,Adlerstein-Süd,BW,RGK
71162,Adlerheim-West,BW,RGK
71175,Bischofsscheid,BW,RGK
71182,Unterthal,BW,RGK
71194,Kleinhofen,BW,RGK
71204,Buchensee,BW,RGK
71226,Westhofen,BW,RGK
71238,Ritterstadt,BW,RGK
71247,Burgkirchen,BW,RGK
71253,Buchenhausen,BW,RGK
71254,Nebelhausen,BW,RGK
71255,Erlenbach im Grund,BW,RGK
71257,Oberhausen,BW,RGK
71275,Eichenhofen,BW,RGK
71290,Ostkirchen,BW,RGK
71299,Kleinkirchen am Moor,BW,RGK
71324,Mühlhagen,BW,KR
71359,Ritterstein am Moor,BW,KR
71395,Sandbach,BW,KR
71409,Fürstenthal,BW,KR
71430,Rehhofen,BW,KR
71432,Hohenscheid,BW,KR
71535,Westbrunn-Nord,BW,IAB
71537,Niederroda am Berg,BW,IAB
71542,Kiesroda an der Aue,BW,IAB
71549,Grünhagen-West,BW,IAB
71550,Rabenstadt,BW,IAB
71553,Bärenheim am See,BW,IAB
71556,Weidendorf-Süd,BW,IAB
71561,Steinberg,BW,IAB
71565,Erlenscheid-West,BW,IAB
71566,Lindenhofen,BW,IAB
71582,Großau,BW,IAB
71586,Eichenwald,BW,IAB
71591,Oberthal,BW,IAB
71593,Lindeningen an der Ilm,BW,IAB
71594,Heidedorf-Süd,BW,IAB
71597,Südstein,BW,IAB
71608,Mönchsbach,BW,IAB
71609,Weidenhausen,BW,IAB
71612,Fürstensee-Ost,BW,IAB
71633,Bad Fürstenbach-Süd,BW,IAB
71636,Hafenroda,BW,IAB
71644,Rotsee,BW,IAB
71662,Fürstenthal,BW,IAB
71667,Bärenbrück,BW,IAB
71693,Bärenburg-Ost,BW,IAB
71703,Niederbrück,BW,IAB
71706,Marktkirchen-Ost,BW,IAB
71709,Lindenroda,BW,IAB
71711,Marktheim am Berg,BW,IAB
71712,Fürstenberg,BW,IAB
71722,Marktscheid,BW,IAB
71724,Talhausen,BW,IAB
71727,Fuchsroda am Berg,BW,IAB
71729,Schlossbrück,BW,IAB
71736,Ostingen,BW,IAB
71782,Buchendorf-Süd,BW,RTM
71797,Falkenstadt,BW,RTM
71850,Falkenweiler,BW,RTM
71865,Fährstein,BW,RTM
71886,Rotthal,BW,RTM
71892,Althagen,BW,RTM
71908,Heidefeld,BW,RTM
71928,Schlossstein,BW,RTM
71932,Erlenbrunn,BW,RTM
71945,Schlosssee,BW,RTM
71998,Marktweiler im Grund,BW,CK
72041,Kleinkirchen,BW,CK
72083,Bärenbrunn,BW,CK
72101,Rehfeld,BW,CK
72138,Bärenfeld-West,BW,CK
72142,Burgburg an der Ilm,BW,CK
72180,Sommerbach,BW,TGA
72198,Kleinberg-Nord,BW,TGA
72201,Großburg,BW,TGA
72204,Mühlheim,BW,TGA
72209,Kleinheim,BW,TGA
72242,Rotheim,BW,TGA
72244,Bärendorf,BW,TGA
72272,Steintal an der Ilm,BW,TGA
72279,Grüntal an der Aue,BW,TGA
72281,Sonnenweiler,BW,TGA
72301,Rabenkirchen,BW,TGA
72310,Südthal,BW,TGA
72315,Burgtal-West,BW,TGA
72320,Espenburg am Moor,BW,TGA
72350,Wiesenstein,BW,TGA
72359,Steiningen im Grund,BW,TGA
72403,Königshausen,BW,JP
72410,Schlossheim,BW,JP
72454,Falkenhagen,BW,JP
72461,Steinhagen im Tal,BW,JP
72501,Grünfeld,BW,JP
72542,Kiessee,BW,JP
72557,Unterbrunn,BW,JP
72603,Sonnenhofen,BW,JP
72616,Westtal,BW,ULP
72620,Sonnenhausen,BW,ULP
72627,Eichenburg-Nord,BW,ULP
72630,Steinkirchen,BW,ULP
72631,Hohenkirchen,BW,ULP
72634,Burgroda,BW,ULP
72637,Neuhausen,BW,ULP
72638,Bärenstadt,BW,ULP
72639,Birkenbrück,BW,ULP
72647,Niederingen,BW,ULP
72652,Ritterbach,BW,ULP
72655,Nordstadt,BW,ULP
72657,Neusee,BW,ULP
72658,Grünthal,BW,ULP
72664,Nebelweiler,BW,ULP
72670,Espenroda,BW,ULP
72674,Mönchsburg,BW,ULP
72681,Schlosshausen,BW,ULP
72682,Königsburg,BW,ULP
72685,Hafenhofen,BW,ULP
72686,Ritterstein,BW,ULP
72687,Espenheim,BW,ULP
72696,Buchenwald-Süd,BW,ULP
72699,Fährbach,BW,ULP
72707,Wolfsscheid,BW,ULP
72711,Espenfurt,BW,ULP
72712,Nordfeld,BW,ULP
72713,Hirschfurt,BW,ULP
72716,Marktstadt,BW,ULP
72718,Großbrunn,BW,ULP
72719,Nebelberg-Ost,BW,ULP
72720,Neukirchen im Tal,BW,ULP
72736,Weidenheim,BW,ULP
72738,Sonnendorf,BW,ULP
72740,Sommerbrück,BW,ULP
72741,Hirschthal,BW,ULP
72745,Nordhausen,BW,ULP
72746,Königsthal,BW,ULP
72748,Kleinsee-West,BW,ULP
72753,Rehfurt,BW,ULP
72755,Bad Rotthal,BW,ULP
72762,Ahornsee an der Aue,BW,ULP
72763,Mondkirchen,BW,ULP
72767,Kiesheim,BW,ULP
72769,Sandbach,BW,ULP
72773,Rehberg,BW,ULP
72775,Mondweiler,BW,ULP
72778,Sommerstadt,BW,ULP
72779,Falkenstadt,BW,ULP
72781,Mönchsfeld,BW,ULP
72785,Burgroda,BW,ULP
72788,Unterfeld,BW,ULP
72796,Unterfurt,BW,ULP
72797,Fährdorf,BW,ULP
72801,Schlossfurt,BW,ULP
72803,Sommerhofen,BW,ULP
72808,Brückenscheid,BW,ULP
72812,Bad Bischofshofen,BW,ULP
72813,Buchenwald,BW,ULP
72816,Kleinau im Grund,BW,ULP
72818,Buchenkirchen,BW,ULP
72821,Hoheningen an der Aue,BW,ULP
72825,Sommerkirchen,BW,ULP
72827,Kiesdorf,BW,ULP
72831,Hohenweiler,BW,ULP
72958,Fuchsbrück an der Warne,BW,YD
72960,Bischofsbach,BW,YD
72991,Bärendorf,BW,YD
73031,Steinbrunn,BW,YD
73034,Bad Sonnenstadt an der Ilm,BW,YD
73042,Moorsee,BW,YD
73043,Bärenfeld,BW,YD
73060,Bucheningen,BW,LX
73074,Rehberg,BW,LX
73081,Birkenfeld,BW,LX
73086,Rabenfeld,BW,LX
73089,Rabenbrunn,BW,LX
73096,Westbrunn am Moor,BW,LX
73099,Heidefeld,BW,LX
73100,Mühltal am Berg,BW,LX
73117,Fährburg,BW,LX
73169,Nordhagen-Süd,BW,LX
73193,Eichenstadt an der Aue,BW,LX
73194,Birkenscheid,BW,LX
73201,Osttal an der Warne,BW,LX
73205,Fürstenburg im Tal,BW,LX
73209,Rehscheid,BW,LX
73210,Feldburg,BW,LX
73220,Bad Hafenbrunn,BW,LX
73224,Ostkirchen,BW,LX
73231,Neubrück im Tal,BW,LX
73245,Hohenheim,BW,LX
73265,Fuchsthal,BW,LX
73275,Kleinkirchen,BW,JD
73302,Hafenwald,BW,JD
73308,Moorfeld,BW,JD
73314,Neuscheid,BW,JD
73352,Talburg,BW,JD
73362,Bäreningen im Tal,BW,JD
73381,Weidenwald,BW,JD
73405,Neufurt,BW,JD
73437,Mooringen-West,BW,JD
73443,Erlenweiler,BW,JD
73461,Marktingen am Berg,BW,JD
73462,Fürstenstein,BW,JD
73478,Lindenstein,BW,JD
73482,Talbrück-Süd,BW,JD
73509,Espeningen,BW,VNG
73512,Unterhofen,BW,VNG
73545,Altsee,BW,VNG
73549,Unterkirchen am Moor,BW,VNG
73561,Niederstein am Moor,BW,VNG
73592,Bärensee,BW,VNG
73616,Burgbrück,BW,VNG
73619,Hirschbach an der Aue,BW,VNG
73626,Burgfurt,BW,VNG
73631,Wolfskirchen im Grund,BW,VNG
73633,Bärenhofen an der Aue,BW,VNG
73650,Ostwald,BW,VNG
73656,Buchenscheid,BW,VNG
73668,Hirschberg,BW,VNG
73676,Mondwald an der Warne,BW,VNG
73679,Westkirchen am Moor,BW,VNG
73683,Grünsee-West,BW,VNG
73687,Ahornthal,BW,VNG
73688,Weststadt an der Warne,BW,VNG
73694,Moorsee-Süd,BW,VNG
73699,Moorfeld,BW,VNG
73706,Grünburg am Berg,BW,PS
73707,Mönchsdorf,BW,PS
73709,Königsstein am Moor,BW,PS
73712,Talsee,BW,PS
73713,Mönchswald-Nord,BW,PS
73714,Sandbrück,BW,PS
73716,Neusee-Süd,BW,PS
73720,Oberdorf-Nord,BW,PS
73722,Talfeld,BW,PS
73726,Hirschingen,BW,PS
73729,Ritterroda am Berg,BW,PS
73730,Falkenweiler,BW,PS
73735,Marktau an der Aue,BW,PS
73737,Grünhagen,BW,PS
73738,Falkenburg,BW,PS
73740,Burgberg,BW,PS
73743,Sternbrunn,BW,PS
73744,Adlerberg,BW,PS
73747,Bad Nebelstein,BW,PS
73749,Heidethal,BW,PS
73753,Grünstadt am Moor,BW,PS
73762,Schlossbach,BW,PS
73765,Marktdorf,BW,PS
73774,Adlerthal-Nord,BW,PS
73775,Großscheid,BW,PS
73777,Winterbrück,BW,PS
73779,Bad Kiesberg an der Warne,BW,PS
73782,Hohenhagen,BW,PS
73785,Oberau,BW,PS
73786,Hohenheim,BW,PS
73790,Sonnenburg-West,BW,PS
73793,Ahornstein,BW,PS
73794,Sternberg,BW,PS
73797,Espeningen,BW,PS
73798,Talroda am Moor,BW,PS
73803,Erlenstein,BW,PS
73807,Adlerheim,BW,PS
73808,Espensee,BW,PS
73812,Erlenbach,BW,PS
73813,Birkendorf,BW,PS
73815,Fürstenfurt,BW,PS
73816,Kiesscheid,BW,PS
73817,Nordsee,BW,PS
73818,Sterndorf,BW,PS
73821,Sternberg-Ost,BW,PS
73825,Nebelburg,BW,PS
73832,Rothofen an der Aue,BW,PS
73837,Rabenkirchen,BW,PS
73838,Bergstein,BW,PS
73840,Nordsee-Ost,BW,PS
73844,Bad Hirschheim,BW,PS
73847,Espenhausen,BW,PS
73852,Marktdorf am Berg,BW,PS
73855,Brückenstadt,BW,PS
73857,Niederau,BW,PS
73859,Mondstadt-Süd,BW,PS
73860,Adlerthal,BW,PS
73861,Mönchsroda im Tal,BW,PS
73864,Adlerhagen im Grund,BW,PS
73868,Westfeld,BW,PS
73871,Weidenhausen,BW,PS
73872,Sandingen,BW,PS
73873,Unterwald,BW,PS
73876,Bischofsbach-Süd,BW,PS
73881,Großwald-West,BW,PS
73885,Neuhausen,BW,PS
73887,Rehdorf,BW,PS
73888,Rabenhausen-Ost,BW,PS
73890,Erlenroda,BW,PS
73903,Sommerhausen-Ost,BW,PS
73907,Unterheim,BW,PS
73908,Bad Mühlthal-Nord,BW,PS
73909,Bergheim,BW,PS
73910,Königsberg-Nord,BW,PS
73912,Mondbrück,BW,PS
73914,Osthausen-Nord,BW,PS
73920,Brückenbrück,BW,PS
73922,Winterdorf,BW,PS
73934,Ahornstein,BW,OU
73949,Mühlhausen,BW,OU
73951,Rittersee,BW,OU
73976,Adlerstein,BW,OU
73978,Wiesensee im Grund,BW,OU
73980,Espendorf,BW,OU
73991,Wolfsfurt,BW,OU
73993,Espenbrunn,BW,OU
74010,Mondweiler an der Ilm,BW,OU
74014,Nebelstein,BW,OU
74022,Felddorf,BW,OU
74024,Rehfurt an der Ilm,BW,OU
74027,Hohenwald im Grund,BW,OU
74028,Bärenhofen im Grund,BW,OU
74029,Bruchdorf,BW,OU
74032,Heideburg,BW,OU
74033,Sonnenau-Ost,BW,OU
74045,Fürstenstein,BW,OU
74052,Großhofen,BW,OU
74054,Fürstenbrück-Nord,BW,OU
74055,Neuhofen,BW,OU
74062,Weidenbrück,BW,OU
74063,Wiesenbrück,BW,OU
74076,Niederroda,BW,OU
74095,Feldbach an der Aue,BW,OU
74098,Mühlroda im Tal,BW,OU
74104,Mönchstal an der Warne,BW,OU
74105,Talwald,BW,OU
74109,Hirschberg,BW,OU
74117,Rehstadt,BW,OU
74119,Sternwald,BW,OU
74123,Hafeningen-Süd,BW,OU
74139,Westbach,BW,OU
74143,Espenberg,BW,GI
74156,Moorkirchen,BW,GI
74157,Espenstadt,BW,GI
74165,Bischofshagen,BW,GI
74172,Kleinthal,BW,GI
74175,Kiesroda,BW,GI
74176,Niederscheid,BW,GI
74184,Bischofsbrunn-Nord,BW,GI
74190,Niedersee,BW,GI
74197,Marktsee,BW,GI
74206,Niederdorf,BW,GI
74207,Schlossfeld,BW,GI
74209,Schlossberg,BW,GI
74210,Lindenberg,BW,GI
74212,Espensee,BW,GI
74217,Großkirchen,BW,GI
74223,Buchenbrück-Nord,BW,GI
74231,Mondingen,BW,GI
74232,Rabenbrunn an der Ilm,BW,GI
74237,Sonnenhausen,BW,GI
74241,Bad Eichental im Tal,BW,GI
74246,Ritterscheid,BW,GI
74256,Burgthal,BW,GI
74257,Mühlroda,BW,GI
74259,Bischofsstein,BW,GI
74263,Altweiler,BW,GI
74267,Bischofssee,BW,GI
74269,Eichenberg-West,BW,GI
74274,Rotstadt an der Aue,BW,GI
74286,Bad Hirschingen,BW,GI
74296,Mondfeld,BW,GI
74297,Burgthal,BW,GI
74301,Adlertal,BW,GI
74303,Schlossingen,BW,GI
74304,Sandfurt im Grund,BW,GI
74308,Nebelroda,BW,GI
74312,Nebelheim am See,BW,GI
74316,Adlerroda,BW,GI
74328,Ahornau,BW,GI
74331,Eichenweiler,BW,GI
74343,Mondbrück,BW,GI
74347,Brückeningen,BW,GI
74350,Hirschstadt,BW,GI
74354,Sonnenberg,BW,GI
74355,Talthal,BW,GI
74356,Ahornroda,BW,GI
74360,Espenwald,BW,AE
74373,Erlenhagen,BW,AE
74377,Sommerkirchen im Grund,BW,AE
74408,Marktscheid,BW,AE
74415,Sommerscheid,BW,AE
74421,Falkenhofen,BW,AE
74432,Lindenroda,BW,AE
74453,Bad Hohenstein am Berg,BW,AE
74468,Mühlhagen,BW,AE
74478,Bad Ritterau,BW,AE
74506,Rothausen an der Ilm,BW,AE
74511,Berghagen am Moor,BW,AE
74512,Heidebrück,BW,AE
74531,Hafenthal,BW,AE
74538,Sanddorf im Grund,BW,AE
74541,Bärenbach im Grund,BW,AE
74551,Brückenroda,BW,AE
74556,Rabenweiler,BW,AE
74616,Schlossau,BW,IQ
74620,Rabenbach,BW,IQ
74644,Lindenburg im Tal,BW,IQ
74648,Sternhagen,BW,IQ
74656,Birkenburg,BW,IQ
74678,Brückenberg im Grund,BW,IQ
74705,Burgsee,BW,IQ
74706,Steinbrunn,BW,IQ
74709,Bärensee,BW,IQ
74726,Südingen,BW,IQ
74740,Sternscheid im Grund,BW,IQ
74745,Fürstenbrück,BW,IQ
74749,Bergingen,BW,IQ
74753,Adlerstein,BW,IQ
74755,Steinfeld,BW,IQ
74774,Burgtal,BW,IQ
74783,Nebelheim,BW,IQ
74822,Südwald,BW,PV
74847,Sonnenfeld am Moor,BW,PV
74865,Ahornhausen,BW,PV
74874,Ahorningen,BW,PV
74879,Steinweiler,BW,PV
74893,Altstein im Grund,BW,PV
74900,Fürstenroda-West,BW,PV
74917,Mondwald-West,BW,PV
74919,Sandtal,BW,PV
74932,Ahornburg,BW,PV
74938,Marktberg,BW,PV
74939,Mondberg,BW,PV
74944,Westwald,BW,PV
74951,Mühlweiler,BW,PV
74998,Wiesenweiler,BW,PV
75016,Bärenfurt,BW,LS
75088,Königsau,BW,LS
75120,Ahornau im Tal,BW,LS
75134,Hafenkirchen,BW,LS
75146,Rotthal,BW,LS
75183,Nebeltal,BW,LS
75206,Fürstenhofen-Ost,BW,LS
75221,Wolfsbrunn-West,BW,LS
75243,Niederfeld-West,BW,UV
75249,Unterberg,BW,UV
75281,Niederwald,BW,UV
75293,Falkendorf,BW,UV
75298,Fuchsstein,BW,UV
75309,Talbrück im Grund,BW,UV
75311,Mönchsdorf,BW,UV
75328,Grünroda-Süd,BW,UV
75354,Rothofen am See,BW,UV
75365,Bärenscheid an der Ilm,BW,UV
75451,Nebelsee,BW,KVV
75454,Westscheid,BW,KVV
75483,Winterstadt-Nord,BW,KVV
75489,Steinberg-Nord,BW,KVV
75490,Bischofsbrück-Ost,BW,KVV
75493,Lindenheim,BW,KVV
75495,Nebelbrunn,BW,KVV
75500,Neuheim,BW,KVV
75501,Erlenroda,BW,KVV
75503,Weidenkirchen,BW,KVV
75505,Fuchsscheid,BW,KVV
75506,Rotfurt-Ost,BW,KVV
75520,Königsweiler,BW,KVV
75538,Feldhagen,BW,KVV
75588,Fürstenthal,BW,KVV
75597,Bergfurt,BW,KVV
75600,Südfurt,BW,KVV
75610,Sommertal,BW,KVV
75615,Südroda,BW,KVV
75633,Felddorf,BW,KVV
75634,Erlenfeld,BW,KVV
75638,Buchenheim,BW,KVV
75664,Birkenburg,BW,HBC
75665,Ahornthal-Nord,BW,HBC
75670,Königssee,BW,HBC
75676,Adlersee,BW,HBC
75686,Rotbrunn-West,BW,HBC
75687,Wolfsheim,BW,HBC
75699,Rabenbach,BW,HBC
75705,Heideweiler,BW,HBC
75710,Mönchsbrunn am See,BW,HBC
75724,Wiesenstein,BW,HBC
75731,Birkenburg,BW,HBC
75732,Heidebach am See,BW,HBC
75734,Moorthal,BW,HBC
75739,Ostscheid,BW,HBC
75740,Rehhagen an der Warne,BW,HBC
75756,Marktberg,BW,HBC
75770,Moorfurt,BW,HBC
75796,Schlosshofen im Grund,BW,HBC
75804,Hohenwald,BW,HBC
75807,Südburg,BW,HBC
75813,Rotweiler am Berg,BW,HBC
75823,Oberingen-Nord,BW,HBC
75825,Großhausen,BW,HBC
75827,Kiesingen,BW,HBC
75845,Fuchsheim,BW,HBC
75864,Sternbrunn,BW,HBC
75869,Buchenbrunn-Süd,BW,HBC
75880,Altweiler-Ost,BW,TF
75887,Ostkirchen im Tal,BW,TF
75906,Espenburg am Berg,BW,TF
75910,Buchenscheid,BW,TF
75926,Altweiler,BW,TF
75933,Hafenstadt,BW,TF
75939,Moorstein,BW,TF
75948,Burgsee,BW,TF
75958,Brückenhagen,BW,TF
75961,Bischofstal,BW,TF
75964,Mondberg an der Aue,BW,TF
75967,Unterwald,BW,TF
75969,Ahornroda,BW,TF
75980,Burgthal,BW,TF
75985,Feldheim,BW,TF
75998,Niederhofen,BW,TF
76002,Birkenheim,BW,TF
76026,Kiesstadt,BW,TF
76034,Königsscheid,BW,TF
76035,Wiesenberg am Berg,BW,TF
76084,Ritterfurt,BW,TF
76093,Winterthal an der Warne,BW,TF
76096,Oberbrück am Berg,BW,JW
76099,Ahornstein,BW,JW
76101,Weidenroda,BW,JW
76141,Brückenbrück,BW,JW
76149,Mondheim,BW,JW
76155,Sommerhausen,BW,JW
76171,Sommertal,BW,JW
76179,Großwald,BW,JW
76180,Altdorf,BW,JW
76205,Nordstadt,BW,JW
76216,Großburg,BW,JW
76226,Bärenbrunn,BW,JW
76249,Fuchsdorf,BW,JW
76250,Steinfeld,BW,JW
76256,Kleinfurt,BW,JW
76266,Birkenfurt,BW,JW
76321,Weidenstein,BW,NYF
76332,Sonnenbrück,BW,NYF
76359,Kleinweiler,BW,NYF
76371,Brückenhagen,BW,NYF
76378,Rottal-Süd,BW,NYF
76382,Sandthal im Grund,BW,NYF
76402,Burgfeld im Tal,BW,NYF
76415,Wolfsberg,BW,NYF
76417,Eichenhofen,BW,NYF
76418,Bärenhofen,BW,NYF
76421,Buchenhausen,BW,NYF
76456,Fuchshausen-Süd,BW,NYF
76472,Hafenthal,BW,NYF
76473,Altthal,BW,NYF
76502,Lindenhofen am See,BW,NYF
76505,Ahornroda,BW,NYF
76530,Adleringen,BW,VKM
76591,Mühlfeld,BW,VKM
76622,Heidekirchen,BW,VKM
76639,Falkenbrunn,BW,VKM
76660,Ahornthal,BW,VKM
76746,Erlenhofen,BW,UFW
76754,Eichenbrück,BW,UFW
76761,Wolfstal,BW,UFW
76763,Moorberg,BW,UFW
76769,Mühlfurt,BW,UFW
76770,Neuburg,BW,UFW
76778,Grünthal,BW,UFW
76790,Ostroda,BW,UFW
76796,Moordorf,BW,UFW
76799,Moorsee,BW,UFW
76800,Weidental,BW,UFW
76808,Winterfurt,BW,UFW
76815,Unterbach-West,BW,UFW
76818,Hohenbrück,BW,UFW
76826,Mönchsburg,BW,UFW
76827,Bärenthal an der Aue,BW,UFW
76828,Großroda,BW,UFW
76835,Sandfurt-Ost,BW,UFW
76839,Moordorf-West,BW,UFW
76840,Wiesenkirchen,BW,UFW
76844,Hafenscheid,BW,UFW
76847,Lindental im Grund,BW,UFW
76852,Birkenhofen,BW,UFW
76859,Nebelstadt,BW,UFW
76861,Sommerdorf,BW,UFW
76862,Schlossweiler,BW,UFW
76870,Burgbrück,BW,UFW
76872,Mondtal-West,BW,UFW
76875,Kiesheim,BW,UFW
76877,Eichenthal,BW,UFW
76898,Bad Lindenberg,BW,UFW
76905,Rehkirchen an der Warne,BW,UFW
76906,Wiesenstadt,BW,UFW
76907,Rehheim,BW,UFW
76909,Sonnenfeld-Nord,BW,UFW
76910,Bruchkirchen im Grund,BW,UFW
76918,Niedersee,BW,UFW
76926,Eichental,BW,UFW
76928,Erlenberg am Moor,BW,UFW
76934,Grünthal,BW,UFW
76944,Feldhagen-Ost,BW,UFW
76946,Rabenbach,BW,UFW
76957,Wieseningen,BW,UFW
76960,Mondthal,BW,UFW
76961,Hirschbrück,BW,UFW
76973,Mondbach,BW,HIJ
77018,Fährburg,BW,HIJ
77062,Niederthal,BW,HIJ
77103,Westwald,BW,HIJ
77142,Bischofshofen am See,BW,HIJ
77168,Grünthal-Ost,BW,HIJ
77189,Niederdorf,BW,HI
77244,Brückeningen,BW,HI
77262,Falkenhagen-West,BW,HI
77338,Moorhausen am Berg,BW,HI
77369,Adlerroda,BW,HI
77383,Talberg-Nord,BW,HI
77497,Bruchkirchen,BW,SJ
77499,Bergsee,BW,SJ
77517,Marktheim,BW,SJ
77519,Mondroda,BW,SJ
77621,Bärenheim,BW,ULT
77628,Fährstein an der Warne,BW,ULT
77650,Fürstenbach am Berg,BW,ULT
77680,Sommerwald,BW,ULT
77698,Westroda,BW,ULT
77724,Mühlwald an der Ilm,BW,ULT
77739,Hirschthal am Berg,BW,ULT
77741,Rothausen,BW,ULT
77745,Mönchshagen,BW,ULT
77746,Fuchshausen,BW,ULT
77757,Westroda,BW,ULT
77782,Ahornroda,BW,ULT
77795,Bärenhausen,BW,ULT
77806,Rehheim,BW,ULT
77857,Steinthal,BW,JDD
77894,Rabenthal,BW,JDD
77899,Grünau,BW,JDD
77900,Nebelthal,BW,JDD
77920,Brückendorf,BW,JDD
77933,Unterstadt,BW,JDD
77937,Talstadt im Grund,BW,JDD
77944,Wolfsdorf,BW,JDD
77959,Bischofsroda,BW,JDD
77968,Bruchsee,BW,JDD
77985,Bruchfurt am Moor,BW,JDD
77986,Niedertal,BW,JDD
77991,Unterberg,BW,JDD
77999,Neudorf,BW,JDD
78011,Mönchsbrück,BW,JDD
78015,Steinburg,BW,JDD
78034,Fährroda,BW,JDD
78067,Kiesingen,BW,JA
78069,Ahornstadt,BW,JA
78070,Südhausen an der Aue,BW,JA
78072,Schlosssee,BW,JA
78082,Ahornhagen,BW,JA
78095,Fährwald,BW,JA
78102,Sandhagen,BW,JA
78114,Buchenfeld,BW,JA
78125,Westburg,BW,JA
78132,Hirschsee,BW,JA
78144,Grüntal an der Aue,BW,JA
78149,Mönchsfeld,BW,JA
78151,Bischofsthal-Süd,BW,JA
78157,Südroda,BW,JA
78158,Falkenweiler,BW,JA
78160,Sternfeld,BW,JA
78185,Wiesenkirchen,BW,JA
78203,Neuroda,BW,JA
78204,Fürstenfurt im Grund,BW,JA
78206,Westkirchen,BW,JA
78207,Sommerthal-Süd,BW,JA
78222,Neuau,BW,JA
78239,Hafenhofen,BW,JA
78259,Hirschweiler,BW,JA
78272,Mönchsbach,BW,NJP
78274,Hafenthal,BW,NJP
78279,Ostburg-West,BW,NJP
78291,Brückenroda,BW,NJP
78299,Nebelburg,BW,NJP
78322,Bad Ritterkirchen,BW,NJP
78329,Schlossdorf,BW,NJP
78332,Feldhagen,BW,NJP
78352,Unterhagen,BW,NJP
78356,Heidehagen,BW,NJP
78367,Kieswald,BW,NJP
78389,Gründorf,BW,NJP
78407,Sonnenroda,BW,NJP
78410,Erlenfeld,BW,NJP
78417,Wolfshofen,BW,NJP
78418,Bergburg,BW,NJP
78423,Rehsee,BW,NJP
78434,Bruchhagen,BW,NJP
78435,Bad Steinhausen,BW,NJP
78444,Ahornweiler,BW,NJP
78462,Wolfstal,BW,NJP
78464,Rottal,BW,NJP
78467,Falkenbrunn,BW,NJP
78499,Fährstadt an der Warne,BW,RO
78538,Adlerbach,BW,RO
78539,Hohenhofen,BW,RO
78626,Bad Talhofen,BW,RO
78651,Fährheim an der Aue,BW,RO
78708,Eichenfeld,BW,JGZ
78711,Bischofsweiler,BW,JGZ
78737,Königsbrunn,BW,JGZ
78758,Fürstenfurt,BW,JGZ
78774,Neuscheid-West,BW,JGZ
78776,Großberg im Tal,BW,JGZ
78796,Sonnenhofen,BW,JGZ
78805,Falkensee an der Ilm,BW,JGZ
78820,Nordstadt,BW,JGZ
78832,Fuchsstein,BW,JGZ
78834,Rabenfeld,BW,JGZ
78852,Mühlhausen an der Ilm,BW,JGZ
78876,Brückenweiler,BW,JGZ
78896,Oberau,BW,JGZ
78898,Moorsee,BW,JGZ
78935,Burghofen,BW,RJ
78977,Falkenau,BW,RJ
78979,Königssee,BW,RJ
78998,Neuheim,BW,RJ
79027,Mondfeld,BW,RJ
79028,Erlenfeld am Berg,BW,RJ
79029,Rabenheim am Berg,BW,RJ
79033,Weidenau,BW,RJ
79043,Eichenweiler,BW,RJ
79051,Hafenbrück,BW,RJ
79052,Nebeltal-Nord,BW,RJ
79137,Schlosskirchen im Tal,BW,RE
79145,Rabenbrück,BW,RE
79146,Mühlhausen,BW,RE
79162,Mönchsfurt,BW,RE
79163,Hafeningen,BW,RE
79167,Feldberg am Moor,BW,RE
79177,Mühltal,BW,RE
79182,Wiesenhagen,BW,RE
79186,Heidethal im Tal,BW,RE
79201,Burgingen,BW,RE
79214,Espenbrück,BW,RE
79215,Falkenberg,BW,RE
79217,Falkenweiler,BW,RE
79226,Westroda,BW,RE
79237,Königsbrück,BW,RE
79244,Espeningen,BW,RE
79253,Osttal,BW,RE
79262,Erleningen,BW,RE
79269,Bruchau,BW,RE
79284,Fuchsbrück am Berg,BW,RE
79293,Neuweiler an der Warne,BW,RE
79294,Bärental,BW,RE
79310,Adlerbrück-Nord,BW,RE
79325,Bruchsee,BW,RE
79340,Erlenhagen,BW,RE
79348,Winterdorf,BW,RE
79350,Bad Grünbrunn,BW,HZK
79351,Westfurt,BW,HZK
79367,Ostwald,BW,HZK
79375,Feldfeld,BW,HZK
79377,Unterstein im Grund,BW,HZK
79382,Ahornweiler,BW,HZK
79388,Oberbach,BW,HZK
79391,Rabenkirchen,BW,HZK
79394,Sonnenstein,BW,HZK
79402,Rabenheim,BW,HZK
79405,Hohensee im Tal,BW,HZK
79424,Wolfsdorf,BW,HZK
79448,Buchenroda-Nord,BW,HZK
79468,Birkenbrück,BW,HZK
79501,Fürstental,BW,HZK
79505,Bad Sternbrunn an der Aue,BW,HZK
79508,Nordkirchen,BW,HZK
79558,Südroda,BW,HZK
79561,Falkenberg,BW,HZK
79576,Ostthal,BW,HDE
79592,Rehheim,BW,HDE
79627,Erlenstein,BW,HDE
79633,Fürstenkirchen,BW,HDE
79672,Mühlkirchen an der Ilm,BW,HDE
79675,Steinthal,BW,HDE
79698,Mondweiler,BW,HDE
79723,Südkirchen,BW,HDE
79739,Bärenkirchen,BW,HDE
79758,Bad Heidescheid,BW,HDE
79803,Unterau,BW,SHF
79815,Neuau-Ost,BW,SHF
79833,Adlerhagen,BW,SHF
79855,Niederstadt,BW,SHF
79863,Eicheningen,BW,SHF
79873,Hirschstein-West,BW,SHF
79877,Sterningen,BW,SHF
79878,Großbach,BW,SHF
79889,Lindenkirchen,BW,SHF
79893,Taltal,BW,SHF
79911,Hafenhofen,BW,SHF
79939,Wintertal,BW,SHF
79960,Ritterstein,BW,SHF
79969,Sonnenhagen,BW,SHF
79983,Weidenheim,BW,SHF
79989,Ostfurt,BW,SHF
80061,Weidenweiler,BY,ICD
80072,Oberwald,BY,ICD
80109,Oberscheid,BY,ICD
80121,Obertal,BY,ICD
80126,Espenroda,BY,ICD
80127,Oberfeld,BY,ICD
80140,Wiesenstein,BY,ICD
80187,Mönchssee-Nord,BY,ICD
80232,Hirschburg,BY,N
80239,Fürstenberg,BY,N
80245,Nebelfurt,BY,N
80268,Hirschbach,BY,N
80328,Bad Buchenbrunn,BY,N
80337,Bärenthal-West,BY,N
80338,Falkenstein,BY,N
80339,Erlendorf-Ost,BY,N
80357,Ahornroda,BY,N
80363,Südhagen,BY,N
80383,Hafenwald,BY,N
80417,Oberbrück,BY,N
80419,Südweiler,BY,N
80423,Mönchsthal,BY,N
80433,Neustadt,BY,N
80443,Kleinbach im Tal,BY,N
80445,Espendorf im Grund,BY,N
80510,Winterdorf,BY,XF
80540,Fährtal im Tal,BY,XF
80543,Mönchsfeld im Grund,BY,XF
80572,Birkenhofen,BY,XF
80594,Großweiler,BY,XF
80602,Lindenscheid,BY,XF
80619,Königsweiler am Moor,BY,XF
80632,Falkenbrunn an der Ilm,BY,XF
80637,Winterberg im Tal,BY,XF
80641,Oberhausen,BY,XF
80658,Bad Steiningen,BY,XF
80714,Schlossdorf,BY,OGZ
80734,Brückenbrunn-Ost,BY,OGZ
80742,Winterstein,BY,OGZ
80747,Sonnenau,BY,OGZ
80774,Birkenscheid,BY,OGZ
80823,Unterheim,BY,OGZ
80830,Nebelheim,BY,OGZ
80839,Nebelfurt,BY,OGZ
80870,Sonnenweiler,BY,OGZ
80909,Eichenhagen an der Aue,BY,OGZ
80912,Moorburg,BY,NQ
80925,Sonnensee an der Warne,BY,NQ
80935,Birkenbrunn,BY,NQ
80939,Ostbrück,BY,NQ
80944,Ritterscheid,BY,NQ
80947,Rehkirchen,BY,NQ
80952,Adlerau-Süd,BY,NQ
80953,Westsee,BY,NQ
80958,Rabenstein,BY,NQ
80959,Erlenkirchen,BY,NQ
80978,Sandfurt,BY,NQ
80984,Weidenthal am See,BY,NQ
80993,Bischofsweiler,BY,NQ
80995,Bärenroda im Tal,BY,NQ
80999,Königshagen,BY,NQ
81007,Eichenheim,BY,NQ
81009,Mondfurt,BY,NQ
81014,Eichenfeld am See,BY,NQ
81032,Brückenstein an der Ilm,BY,NQ
81034,Ostsee,BY,NQ
81037,Rabenburg an der Ilm,BY,NQ
81039,Kieshofen,BY,NQ
81046,Sommerstein,BY,NQ
81050,Rehingen,BY,NQ
81068,Mönchsbach-West,BY,NQ
81069,Sternbach,BY,NQ
81074,Bärenhagen im Grund,BY,NQ
81078,Mondroda an der Ilm,BY,NQ
81093,Bischofsdorf,BY,NQ
81094,Mönchsbrück,BY,NQ
81101,Feldscheid,BY,NQ
81102,Bad Bruchhofen im Tal,BY,NQ
81107,Eichenfeld,BY,NQ
81111,Lindenberg-West,BY,NQ
81112,Bärenscheid-Nord,BY,NQ
81113,Kleinbach,BY,NQ
81116,Ritterstadt,BY,NQ
81118,Bärenbach-Nord,BY,NQ
81119,Oberheim-West,BY,NQ
81121,Lindeningen,BY,NQ
81125,Hafensee an der Ilm,BY,NQ
81126,Neuberg-Ost,BY,NQ
81131,Neuau,BY,NQ
81142,Sonnenburg,BY,PVO
81194,Großstadt an der Ilm,BY,PVO
81203,Königsbrück,BY,PVO
81210,Adlerkirchen,BY,PVO
81221,Sommerroda,BY,PVO
81329,Schlossstein,BY,PVO
81349,Nordroda,BY,PVO
81366,Wiesental,BY,PVO
81370,Bergingen-Ost,BY,MN
81386,Winterstein,BY,MN
81403,Marktbach,BY,MN
81423,Bad Ostweiler im Tal,BY,MN
81425,Mondau,BY,MN
81429,Ritterscheid,BY,MN
81450,Bad Großthal,BY,MN
81511,Nordstadt-Süd,BY,MN
81512,Niedertal,BY,MN
81524,Sterndorf,BY,MN
81534,Wiesenburg,BY,MN
81556,Espenbach,BY,MN
81634,Nebelthal im Grund,BY,DKY
81644,Fürstenheim,BY,DKY
81647,Wolfsstein,BY,DKY
81679,Mondhausen,BY,DKY
81685,Sommerberg,BY,DKY
81728,Westburg,BY,DKY
81733,Heidestadt-Ost,BY,DKY
81746,Altthal am Berg,BY,DKY
81763,Espenroda,BY,DKY
81767,Altfeld,BY,DKY
81779,Untersee,BY,DKY
81785,Rittersee,BY,DKY
81800,Rotstadt,BY,DKY
81804,Unterhagen,BY,DKY
81806,Neukirchen,BY,DKY
81808,Hohenbrück an der Warne,BY,DKY
81824,Kiesbach an der Warne,BY,KRQ
81826,Westscheid an der Warne,BY,KRQ
81849,Fuchshagen,BY,KRQ
81854,Adlerheim,BY,KRQ
81862,Neustein,BY,KRQ
81863,Feldbrück an der Warne,BY,KRQ
81866,Moorbrunn,BY,KRQ
81869,Weidenstadt-Süd,BY,KRQ
81890,Sommerthal,BY,KRQ
81896,Wolfshagen,BY,KRQ
81911,Hirschau an der Warne,BY,KRQ
81913,Neuroda,BY,KRQ
81936,Westhofen an der Warne,BY,KRQ
81947,Grünweiler am Moor,BY,KRQ
81978,Sandheim,BY,KRQ
82011,Buchenscheid,BY,KRQ
82031,Bischofsstein,BY,KRQ
82040,Sternhausen an der Warne,BY,KRQ
82042,Kiesau am Berg,BY,KRQ
82055,Königsheim am See,BY,CAE
82064,Oberscheid,BY,CAE
82066,Sternstein am Berg,BY,CAE
82092,Niederbrück,BY,CAE
82130,Fährfeld,BY,CAE
82156,Nordscheid-West,BY,CAE
82161,Schlosssee,BY,CAE
82162,Espendorf,BY,CAE
82166,Eichenstein-Ost,BY,CAE
82183,Mondingen am Berg,BY,CAE
82187,Falkenheim,BY,CAE
82194,Mondhofen,BY,CAE
82197,Ahornfeld,BY,CAE
82200,Neuau,BY,CAE
82203,Schlosstal,BY,CAE
82217,Großwald,BY,CAE
82218,Hirschbach,BY,CAE
82233,Sterntal,BY,CAE
82236,Niederbach,BY,CAE
82238,Mönchsstein am Moor,BY,CAE
82267,Königstal,BY,CAE
82276,Sonnenroda am See,BY,CAE
82284,Südwald,BY,MZQ
82342,Mühlfeld,BY,MZQ
82379,Bergweiler,BY,MZQ
82436,Talbrunn,BY,MZQ
82439,Unterdorf,BY,MZQ
82442,Schlosshausen,BY,MZQ
82466,Falkenroda-Nord,BY,MZQ
82494,Winterfeld,BY,MZQ
82496,Unterkirchen,BY,MZQ
82530,Rotroda,BY,KWV
82541,Winterfeld,BY,KWV
82553,Kleinhagen an der Ilm,BY,KWV
82592,Weidenhofen-West,BY,KWV
82593,Fuchsbrück an der Aue,BY,KWV
82597,Talhofen,BY,KWV
82613,Brückenhausen,BY,KWV
82615,Westdorf,BY,KWV
82637,Nordtal,BY,KWV
82655,Feldbrück,BY,KWV
82673,Nordstein,BY,KWV
82675,Brückeningen,BY,KWV
82683,Nebelingen,BY,KWV
82693,Mühlbrunn-Nord,BY,KWV
82730,Steinberg,BY,KWV
82737,Ostthal,BY,DC
82739,Niederhofen,BY,DC
82740,Burgfurt,BY,DC
82747,Hafeningen,BY,DC
82751,Heidewald,BY,DC
82753,Mönchsstadt,BY,DC
82754,Ahornhagen,BY,DC
82756,Westwald,BY,DC
82762,Ahornstein,BY,DC
82763,Königstal,BY,DC
82773,Mönchsheim,BY,DC
82788,Adlersee,BY,DC
82789,Niederhausen im Tal,BY,DC
82793,Birkenstadt,BY,DC
82796,Feldberg,BY,DC
82799,Eichenkirchen,BY,DC
82800,Südroda,BY,DC
82801,Hirschdorf,BY,DC
82802,Wolfshofen,BY,DC
82809,Hirschroda,BY,DC
82810,Bäreningen,BY,DC
82814,Königsstadt an der Warne,BY,DC
82816,Birkensee,BY,DC
82818,Sommerwald,BY,DC
82825,Rehheim,BY,DC
82831,Kieshofen,BY,DC
82836,Hafenweiler,BY,DC
82844,Birkenfeld,BY,DC
82846,Königssee,BY,DC
82847,Bruchstein,BY,DC
82850,Kleinfeld,BY,DC
82854,Hohenstadt-Nord,BY,DC
82858,Neuberg,BY,DC
82864,Rabenwald,BY,DC
82871,Eichenstein,BY,DC
82879,Lindendorf,BY,DC
82882,Hirschroda,BY,DC
82883,Winterweiler,BY,DC
82884,Rehscheid,BY,DC
82885,Mondbach,BY,DC
82892,Königswald,BY,DC
82894,Bad Großfurt,BY,DC
82897,Hafenwald,BY,DC
82898,Sternweiler,BY,DC
82903,Wiesenberg an der Warne,BY,DC
82908,Schlosstal,BY,DC
82928,Bischofsdorf,BY,DC
82929,Kleinsee,BY,DC
82930,Espenkirchen,BY,DC
82933,Bärenhofen,BY,DC
82935,Niederdorf,BY,DC
82936,Altbrunn,BY,DC
82941,Südbrunn,BY,DC
82942,Heideroda,BY,DC
82946,Altscheid,BY,DC
82953,Lindenkirchen,BY,DC
82954,Ahornau,BY,DC
82965,Kleinhofen,BY,LON
82969,Feldstein,BY,LON
82973,Ostkirchen im Grund,BY,LON
82974,Fährstein,BY,LON
82978,Niederthal,BY,LON
82979,Hohenstein am Berg,BY,LON
82981,Königsroda am See,BY,LON
82986,Neuhofen,BY,LON
82989,Hohenroda,BY,LON
82992,Nebelhofen,BY,LON
82994,Sternfurt,BY,LON
82996,Rehstein,BY,LON
82997,Lindenroda,BY,LON
83005,Nordbrunn,BY,LON
83007,Wolfsbach,BY,LON
83014,Neuberg,BY,LON
83017,Kiesheim,BY,LON
83018,Steinbach am Moor,BY,LON
83021,Hohenau am Berg,BY,LON
83022,Westheim,BY,LON
83023,Südfurt,BY,LON
83026,Rehkirchen,BY,LON
83031,Ritterscheid,BY,LON
83032,Bad Sternburg-West,BY,LON
83034,Adlerhausen-Süd,BY,LON
83039,Westingen,BY,LON
83042,Eichenbrück,BY,LON
83044,Wiesenbach,BY,LON
83048,Bad Eichenhausen,BY,LON
83055,Bad Steinau,BY,LON
83056,Altberg-Ost,BY,LON
83058,Bad Westfurt-Nord,BY,LON
83059,Hohenroda,BY,LON
83060,Steinheim,BY,LON
83061,Markthagen,BY,LON
83062,Heidekirchen an der Warne,BY,LON
83070,Schlossfurt,BY,LON
83072,Espenthal,BY,LON
83074,Rabeningen,BY,LON
83077,Adlerburg,BY,LON
83078,Bruchsee,BY,LON
83080,Erlenthal,BY,LON
83081,Birkenweiler,BY,LON
83087,Rehdorf im Grund,BY,LON
83089,Kleinkirchen,BY,LON
83092,Talfurt,BY,LON
83093,Hafenbrunn,BY,LON
83095,Hafenroda,BY,LON
83098,Falkenfurt,BY,LON
83104,Ahornau,BY,LON
83105,Birkenberg,BY,LON
83106,Talheim,BY,LON
83108,Fuchswald am See,BY,LON
83113,Grünhagen am Moor,BY,LON
83115,Oberhagen im Grund,BY,LON
83116,Adlerthal,BY,LON
83117,Ritterthal,BY,LON
83121,Fürstenfurt,BY,LON
83122,Eichenroda,BY,LON
83128,Hafenberg,BY,LON
83129,Kieshofen am Berg,BY,LON
83131,Mondbrück im Tal,BY,LON
83135,Ritterburg,BY,LON
83136,Heidefeld,BY,LON
83137,Heideburg,BY,LON
83138,Kleinburg,BY,LON
83140,Bergfurt,BY,LON
83142,Feldfeld,BY,LON
83143,Bad Talkirchen,BY,LON
83144,Kleinau am Moor,BY,LON
83151,Sommerthal,BY,LON
83158,Unterhausen,BY,LON
83159,Schlossbrück,BY,LON
83160,Westthal,BY,LON
83161,Lindenberg,BY,LON
83162,Heidefurt,BY,LON
83166,Fuchsstein,BY,LON
83168,Neusee,BY,LON
83170,Sommerheim,BY,LON
83171,Ritterhausen im Grund,BY,LON
83172,Erlenau-West,BY,LON
83175,Neubrück,BY,LON
83178,Bad Nordsee,BY,LON
83179,Mühlwald,BY,LON
83180,Wiesenstein-Nord,BY,LON
83184,Bärenheim,BY,LON
83187,Königsburg,BY,LON
83189,Königsfurt,BY,LON
83192,Kiesingen an der Ilm,BY,VU
83213,Brückendorf,BY,VU
83229,Buchenfeld,BY,VU
83260,Espenfeld-Ost,BY,VU
83265,Moorheim am See,BY,VU
83267,Hirschstadt,BY,VU
83279,Rehingen,BY,VU
83291,Moorheim-Süd,BY,VU
83320,Südthal,BY,VU
83336,Mühlthal im Tal,BY,VU
83352,Bärendorf,BY,VU
83363,Südbrunn,BY,VU
83367,Bärenhagen am Berg,BY,VU
83379,Buchenau,BY,VU
83396,Mönchsroda am See,BY,VU
83408,Bischofsthal,BY,VU
83435,Nebelfurt,BY,SI
83454,Ritterweiler,BY,SI
83456,Ahornfeld am See,BY,SI
83462,Hafenwald,BY,SI
83482,Talstein,BY,SI
83485,Fuchsweiler,BY,SI
83489,Rotberg,BY,SI
83491,Niederburg,BY,SI
83507,Wolfsfeld,BY,SI
83510,Adlertal,BY,SI
83516,Oberingen,BY,SI
83519,Kiesroda-Nord,BY,SI
83527,Lindenbrunn,BY,SI
83534,Bruchbrunn,BY,SI
83536,Niederwald,BY,SI
83543,Steinwald,BY,SI
83547,Schlossdorf,BY,SI
83590,Falkenberg,BY,SI
83597,Bad Ostfeld,BY,SI
83611,Hirschbrück,BY,SI
83623,Wolfsstadt an der Warne,BY,SI
83633,Hohenbrunn,BY,SI
83644,Sommerburg,BY,ZDY
83674,Rotdorf,BY,ZDY
83760,Bruchhagen-Ost,BY,ZDY
83785,Fürstenfurt an der Ilm,BY,ZDY
83816,Wiesenberg,BY,ZDY
83825,Kiesfurt,BY,ZDY
83836,Brückenhagen,BY,ZDY
83840,Markthausen,BY,ZDY
83861,Grünhofen-West,BY,ZDY
83872,Bärenhofen,BY,KD
83924,Marktbrück,BY,KD
83931,Hohendorf,BY,KD
83960,Wiesenbrück-Ost,BY,KD
83985,Sandfurt-Ost,BY,KD
84002,Schlosshagen,BY,KD
84038,Rabenbrunn,BY,KD
84047,Hafendorf,BY,KD
84123,Ahornscheid,BY,PO
84124,Mondkirchen,BY,PO
84152,Grünhofen,BY,PO
84158,Eichenstadt,BY,PO
84185,Bad Birkenfurt,BY,PO
84195,Bischofsau,BY,PO
84209,Rehbrück,BY,PO
84212,Adlerbrunn,BY,PO
84236,Erlenstein,BY,PO
84238,Hafenfeld,BY,PO
84244,Winterbach,BY,PO
84264,Wiesenhofen,BY,PO
84269,Burgfurt im Tal,BY,PO
84279,Schlossberg,BY,PO
84280,Weidenthal,BY,PO
84296,Burgfurt,BY,PO
84323,Fährhausen,BY,PO
84326,Bruchweiler,BY,WIY
84330,Mühltal an der Warne,BY,WIY
84334,Mondingen,BY,WIY
84338,Heideburg im Grund,BY,WIY
84343,Königswald-Ost,BY,WIY
84345,Mönchswald,BY,WIY
84348,Kiesstein-West,BY,WIY
84367,Grünthal,BY,WIY
84370,Ritterbach-Nord,BY,WIY
84374,Steinburg an der Ilm,BY,WIY
84375,Hirschberg,BY,WIY
84380,Bruchtal,BY,WIY
84399,Rotbach,BY,WIY
84406,Sternhagen,BY,WIY
84410,Talhofen,BY,WIY
84413,Hirschhagen,BY,WIY
84416,Neuwald im Tal,BY,WIY
84418,Altau im Grund,BY,WIY
84423,Mühlbrunn,BY,WIY
84427,Großtal an der Aue,BY,WIY
84434,Lindenweiler-Nord,BY,WIY
84440,Talbrück,BY,WIY
84450,Osttal,BY,WIY
84456,Hirschingen,BY,WIY
84458,Adleringen,BY,WIY
84459,Grünhofen,BY,WIY
84461,Fuchsfeld am Moor,BY,WIY
84470,Hohenburg,BY,WIY
84475,Rotfeld,BY,WIY
84491,Feldingen,BY,WIY
84506,Niederhausen,BY,WIY
84515,Mönchskirchen,BY,WIY
84517,Bischofsbrück,BY,WIY
84533,Bad Sonnenkirchen im Tal,BY,WIY
84538,Weidenthal-Süd,BY,WIY
84541,Rabenstadt,BY,WIY
84543,Erlenkirchen-Ost,BY,WIY
84544,Marktingen-West,BY,WIY
84546,Ahornfeld,BY,WIY
84551,Sonnenbrunn,BY,WIY
84557,Talscheid,BY,CD
84564,Wiesenfeld,BY,CD
84566,Hirschfeld an der Ilm,BY,CD
84588,Westsee,BY,CD
84597,Winterheim,BY,CD
84598,Sommerbrück,BY,CD
84604,Adlertal-West,BY,CD
84617,Moorwald,BY,CD
84635,Heidehausen am Moor,BY,CD
84684,Mondweiler,BY,CD
84728,Nordberg am Moor,BY,CD
84733,Bergthal,BY,CD
84745,Großscheid,BY,CD
84748,Feldbrück im Tal,BY,CD
84772,Hohenstadt,BY,CD
84794,Birkensee-Ost,BY,GWH
84802,Rotkirchen,BY,GWH
84824,Adlerthal,BY,GWH
84825,Oberbrunn,BY,GWH
84831,Schlossberg,BY,GWH
84836,Hirschhausen,BY,GWH
84843,Ahornbach-Ost,BY,GWH
84849,Rehkirchen,BY,GWH
84850,Kleinthal am See,BY,GWH
84859,Rabenbrunn,BY,GWH
84867,Sonnenbach,BY,GWH
84887,Bad Sommerhofen,BY,GWH
84889,Bergingen im Tal,BY,GWH
84893,Hohenfurt,BY,GWH
84902,Heidewald an der Aue,BY,GWH
84925,Mönchsstein,BY,GWH
84926,Bad Espendorf am Moor,BY,GWH
84952,Schlosswald-Ost,BY,GWH
84980,Schlossfurt an der Warne,BY,GWH
84986,Grünberg,BY,GWH
84991,Kleinbrunn,BY,GWH
84998,Bad Mondbach,BY,GWH
85000,Heidescheid,BY,GWH
85015,Hirschfeld,BY,QCP
85016,Sonneningen,BY,QCP
85024,Rabenstein,BY,QCP
85039,Fährheim,BY,QCP
85047,Westingen,BY,QCP
85054,Wiesenfeld,BY,QCP
85073,Niederau,BY,QCP
85087,Bergsee,BY,QCP
85096,Mühlkirchen,BY,QCP
85116,Südingen,BY,QCP
85124,Hirschbach,BY,QCP
85128,Ritterthal,BY,QCP
85147,Mönchsbach,BY,QCP
85159,Steinroda,BY,QCP
85161,Talbach,BY,QCP
85170,Mühlbach,BY,QCP
85183,Marktkirchen,BY,QCP
85200,Altheim,BY,QCP
85223,Lindenbrunn,BY,QCP
85235,Ritterweiler,BY,TQB
85263,Untersee an der Aue,BY,TQB
85265,Winterheim,BY,TQB
85266,Ritterheim,BY,TQB
85267,Hirschheim,BY,TQB
85269,Fährthal,BY,TQB
85276,Nebelau,BY,TQB
85283,Adlerwald,BY,TQB
85291,Bischofsfurt,BY,TQB
85294,Oberstadt,BY,TQB
85311,Weidenbrück am Berg,BY,TQB
85313,Bärenkirchen im Tal,BY,TQB
85324,Rotstein,BY,TQB
85325,Grünberg am Moor,BY,TQB
85329,Wintertal,BY,TQB
85335,Adlerweiler,BY,TQB
85342,Heidestein am Moor,BY,TQB
85345,Kleinhofen,BY,TQB
85347,Sternburg-Ost,BY,TQB
85353,Brückental-Ost,BY,TQB
85356,Feldstein,BY,TQB
85362,Bruchtal,BY,TQB
85387,Hirschthal an der Ilm,BY,TQB
85404,Ahorntal,BY,TQB
85406,Burgweiler,BY,TQB
85415,Fuchssee,BY,TQB
85420,Bucheningen-Nord,BY,TQB
85429,Mönchshofen-Süd,BY,TQB
85444,Hirschbrunn am See,BY,TQB
85445,Eichenberg,BY,TQB
85469,Schlossheim,BY,ZXV
85599,Ahornstein,BY,ZXV
85623,Heidehofen,BY,ZXV
85643,Fuchsburg,BY,ZXV
85644,Bärenhausen,BY,ZXV
85645,Neutal an der Warne,BY,ZXV
85662,Birkenthal,BY,ZXV
85694,Oberfeld,BY,DTV
85705,Südberg,BY,DTV
85707,Wiesenhausen,BY,DTV
85740,Feldfeld,BY,DTV
85744,Nebelsee,BY,DTV
85767,Nebelfurt,BY,DTV
85783,Rehwald am See,BY,DTV
85801,Adlerroda im Grund,BY,DTV
85820,Bischofsroda-Ost,BY,DTV
85831,Niederfeld,BY,DTV
85840,Grünstein,BY,DTV
85847,Heidefurt an der Ilm,BY,DTV
85860,Steinwald,BY,DTV
85873,Hafenau,BY,DTV
85883,Fuchsfeld,BY,DTV
85885,Bischofsbrück,BY,DTV
85886,Altfeld,BY,DTV
85909,Grüningen am See,BY,DTV
85912,Espensee,BY,DTV
85917,Mühltal,BY,YYT
85930,Königsheim an der Ilm,BY,YYT
85933,Rotheim am Berg,BY,YYT
85987,Bärenhofen,BY,YYT
86019,Rotberg-West,BY,YYT
86028,Adleringen,BY,YYT
86083,Kleinwald,BY,YYT
86087,Nebelhagen,BY,YYT
86090,Brückenbrück,BY,YYT
86100,Feldhofen,BY,YYT
86132,Niederhausen,BY,YYT
86140,Neuingen,BY,YYT
86150,Wiesendorf,BY,YIZ
86153,Kleinburg,BY,YIZ
86168,Winterau,BY,YIZ
86169,Weidenfurt,BY,YIZ
86177,Winterau,BY,YIZ
86186,Rehfurt,BY,YIZ
86190,Burgbach,BY,YIZ
86216,Buchenfeld,BY,YIZ
86225,Fuchsweiler,BY,YIZ
86228,Grünfeld,BY,YIZ
86230,Moorscheid,BY,YIZ
86231,Sternbrück,BY,YIZ
86245,Grünberg,BY,YIZ
86270,Sandhofen am Moor,BY,YIZ
86290,Bergroda-Nord,BY,YIZ
86297,Ritterroda,BY,YIZ
86306,Falkenhagen-Süd,BY,YIZ
86311,Mondhagen,BY,YIZ
86314,Grünroda,BY,YIZ
86325,Rotau,BY,YIZ
86337,Großau,BY,YIZ
86352,Mönchsburg,BY,YIZ
86358,Unterburg,BY,YIZ
86359,Kiesbrunn,BY,YIZ
86363,Buchenscheid,BY,YIZ
86376,Mühlhofen,BY,VUR
86381,Buchenhofen,BY,VUR
86390,Südhofen,BY,VUR
86400,Neuweiler,BY,VUR
86401,Rabenfeld im Grund,BY,VUR
86402,Ostsee,BY,VUR
86418,Bad Niederfeld an der Ilm,BY,VUR
86445,Oberstein,BY,VUR
86450,Winterfeld,BY,VUR
86451,Winterdorf,BY,VUR
86454,Fuchsstadt,BY,VUR
86456,Rotberg,BY,VUR
86460,Bad Bärenburg,BY,VUR
86461,Bischofswald,BY,VUR
86481,Hirschau,BY,VUR
86505,Ostroda,BY,VUR
86508,Fürstenthal,BY,VUR
86513,Altberg-Süd,BY,VUR
86522,Sandscheid,BY,VUR
86525,Kleinsee am See,BY,VUR
86534,Mönchswald,BY,VUR
86537,Wiesenbach,BY,VUR
86550,Lindenfeld am Moor,BY,VUR
86565,Schlossroda,BY,VUR
86570,Altfeld,BY,VUR
86571,Rabeningen,BY,VUR
86591,Talroda an der Warne,BY,VUR
86594,Niederbach,BY,VUR
86596,Südheim,BY,JXO
86601,Moordorf,BY,JXO
86609,Eichenfurt-Süd,BY,JXO
86635,Fürstenhausen,BY,JXO
86694,Mondstadt,BY,JXO
86716,Buchenbrück,BY,JXO
86718,Buchenstein,BY,JXO
86735,Weidenbrunn,BY,JXO
86738,Unterfeld,BY,JXO
86740,Birkenbrunn,BY,JXO
86757,Eichenweiler-West,BY,JXO
86767,Fährheim an der Warne,BY,JXO
86779,Sterntal,BY,JXO
86791,Nordhausen,BY,JXO
86855,Großheim am See,BY,WAK
86856,Mönchsstadt,BY,WAK
86862,Kleinkirchen,BY,WAK
86886,Südwald,BY,WAK
86905,Grünhausen,BY,WAK
86907,Kleinweiler,BY,WAK
86914,Ahornau,BY,WAK
86937,Großfurt an der Ilm,BY,WAK
86978,Oberbrück,BY,WAK
87015,Ostfurt,BY,WAK
87025,Lindenkirchen-Nord,BY,WAK
87051,Wiesendorf,BY,ZG
87052,Ahornthal,BY,ZG
87073,Nebelfurt,BY,ZG
87085,Espeningen,BY,ZG
87134,Talwald,BY,ZG
87144,Oberthal,BY,ZG
87149,Grünthal,BY,ZG
87172,Oberdorf,BY,ZG
87182,Fährbrück-Süd,BY,ZG
87198,Sternfeld,BY,ZG
87211,Heideweiler,BY,ZG
87217,Bruchfeld,BY,ZG
87220,Niederfeld,BY,ZG
87223,Erlenfurt,BY,ZG
87227,Sommerkirchen,BY,ZG
87230,Falkensee,BY,ZG
87243,Wolfsau im Tal,BY,ZG
87245,Erlenthal-Süd,BY,ZG
87246,Hafenbrück,BY,ZG
87249,Hohenweiler an der Ilm,BY,ZG
87258,Bruchfurt im Grund,BY,ZG
87266,Birkenhagen,BY,ZG
87274,Bärenau,BY,ZG
87321,Fuchsbrück,BY,JER
87328,Steinweiler am Moor,BY,JER
87340,Wiesensee im Tal,BY,JER
87344,Westhagen,BY,JER
87366,Grünfeld,BY,JER
87367,Großkirchen,BY,JER
87370,Marktau,BY,JER
87383,Feldhausen,BY,JER
87407,Burghausen,BY,JER
87416,Falkenkirchen,BY,JER
87427,Falkenbrück-Ost,BY,JER
87429,Niederbrück,BY,JER
87432,Nordstadt,BY,JER
87444,Unterburg,BY,JER
87449,Unterwald,BY,JER
87500,Wiesensee,BY,JER
87515,Winterhofen,BY,YEE
87523,Bruchhausen,BY,YEE
87528,Bergbrunn,BY,YEE
87530,Bärenhofen,BY,YEE
87554,Großsee,BY,YEE
87573,Heidekirchen,BY,YEE
87574,Adlertal,BY,YEE
87590,Feldhofen,BY,YEE
87591,Wolfsheim,BY,YEE
87599,Rabeningen,BY,YEE
87609,Mönchssee,BY,YEE
87627,Brückenthal,BY,YEE
87628,Heidehofen,BY,YEE
87648,Hafenbrunn,BY,YEE
87650,Schlossfeld,BY,YEE
87666,Feldhausen,BY,YEE
87672,Espenweiler,BY,YEE
87678,Sandingen an der Aue,BY,YEE
87769,Sandfeld,BY,UC
87775,Sommertal-Ost,BY,UC
87798,Unterfurt,BY,UC
87818,Kleinhofen,BY,UC
87838,Großroda,BY,UC
87844,Rabenfurt,BY,UC
87860,Wiesenburg,BY,UC
87863,Rehbrück,BY,UC
87869,Buchendorf,BY,UC
87886,Niederkirchen,BY,UC
87887,Ritterheim an der Warne,BY,UC
87896,Ahornkirchen,BY,UC
87901,Grünbach-Nord,BY,UC
87912,Espenbrück,BY,UC
87914,Ostkirchen,BY,UC
87930,Bergau,BY,UC
87943,Sternkirchen,BY,UC
87948,Brückenhagen,BY,UC
87956,Winterheim,BY,UC
87960,Sternheim am Berg,BY,XD
87962,Hohental,BY,XD
87964,Hirschweiler,BY,XD
87971,Sonnenheim,BY,XD
87973,Moorhausen,BY,XD
87980,Winterheim,BY,XD
87994,Burgau,BY,XD
88000,Steinscheid,BY,XD
88009,Espenbrunn im Tal,BY,XD
88014,Wolfsscheid,BY,XD
88016,Fürstenkirchen,BY,XD
88019,Fuchsberg,BY,XD
88022,Bischofsdorf-Nord,BY,XD
88032,Königsbrunn,BY,XD
88038,Burgstein,BY,XD
88042,Mönchsweiler an der Aue,BY,XD
88053,Hohenfeld im Tal,BY,XD
88055,Rabenhofen,BY,XD
88068,Weidenhofen,BY,XD
88072,Kiessee-Nord,BY,XD
88074,Hirschau an der Ilm,BY,XD
88093,Steinstein,BY,XD
88105,Moorstein,BY,XD
88126,Espenfeld an der Aue,BY,XD
88137,Wolfswald,BY,XD
88154,Fährhagen,BY,XD
88168,Fährberg,BY,XD
88192,Althausen,BY,WEY
88223,Bruchbrunn,BY,WEY
88238,Marktsee am Moor,BY,WEY
88276,Ritterdorf,BY,WEY
88284,Grünthal,BY,WEY
88436,Niederhausen am Moor,BY,SNG
88439,Grünsee,BY,SNG
88458,Neubrück,BY,SNG
88459,Mönchsburg,BY,SNG
88462,Niederburg-Ost,BY,SNG
88478,Steinbrück,BY,SNG
88497,Kiesbrück,BY,SNG
88501,Südau,BY,SNG
88505,Buchenbrunn,BY,SNG
88518,Sternbrück,BY,SNG
88537,Nebelhofen,BY,SNG
88543,Bruchberg,BY,SNG
88549,Hoheningen,BY,SNG
88556,Weidenbrück,BY,SNG
88563,Rotthal,BY,SNG
88604,Sternbrück,BY,SNG
88625,Hafenhagen,BY,SNG
88632,Bad Rotsee,BY,SNG
88665,Königssee,BY,TT
88682,Rabensee,BY,TT
88699,Grünberg,BY,TT
88701,Birkenfeld,BY,TT
88714,Sternscheid an der Aue,BY,TT
88717,Markthausen,BY,TT
88727,Rotingen-Nord,BY,TT
88743,Königsbrück,BY,TT
88747,Hirschsee,BY,TT
88772,Neuwald,BY,TT
88775,Winterroda,BY,TT
88778,Mondbrunn,BY,TT
88781,Birkenau,BY,TT
88800,Ostsee,BY,TT
88801,Fuchsbrück-Süd,BY,TT
88804,Falkeningen-Nord,BY,TT
88823,Nordhofen,BY,TT
88825,Hirschberg am Moor,BY,TT
88852,Birkendorf,BY,TT
88862,Sommeringen,BY,TT
88869,Moorfurt,BY,XYU
88873,Berghofen,BY,XYU
88877,Sommersee an der Warne,BY,XYU
88880,Steinheim,BY,XYU
88903,Bad Westweiler,BY,XYU
88909,Erlenweiler,BY,XYU
88916,Nebelbrück-Süd,BY,XYU
88923,Mondkirchen,BY,XYU
88925,Lindenau,BY,XYU
88928,Bad Wolfshagen,BY,XYU
88934,Adlerkirchen,BY,XYU
88943,Ritterbrück,BY,XYU
88952,Talkirchen,BY,XYU
88958,Weidenbrunn im Grund,BY,XYU
88964,Feldkirchen an der Warne,BY,XYU
88977,Neufeld am Moor,BY,XYU
88985,Kleinkirchen an der Warne,BY,XYU
88988,Heidetal am See,BY,XYU
88991,Kleiningen,BY,XYU
89003,Weidenthal,BY,XYU
89009,Hafental,BY,XYU
89019,Adlerbach an der Aue,BY,XYU
89025,Fuchsscheid,BY,XYU
89028,Fuchshagen,BY,XYU
89030,Rabensee,BY,XYU
89032,Bruchstadt,BY,XYU
89046,Marktstadt am Berg,BY,XYU
89052,Rothagen,BY,XYU
89054,Bad Feldbrunn an der Warne,BY,XYU
89089,Burgstein,BY,XYU
89120,Talhausen am Berg,BY,ERX
89146,Winterthal,BY,ERX
89179,Hirschdorf,BY,ERX
89213,Rehfeld,BY,ERX
89220,Neubach,BY,ERX
89230,Nebelkirchen,BY,ERX
89353,Steinheim,BY,SXE
89354,Neubrunn an der Ilm,BY,SXE
89359,Nebelstein,BY,SXE
89376,Wiesenwald,BY,SXE
89380,Brückenbach-Süd,BY,SXE
89383,Kiesberg,BY,SXE
89436,Kieshagen,BY,SXE
89522,Wolfsheim,BY,SXE
89528,Rabenstadt,BY,SXE
89583,Mondburg am Berg,BY,LTN
89586,Wiesenfurt,BY,LTN
89593,Mondberg im Grund,BY,LTN
89608,Sommeringen am See,BY,LTN
89674,Königsburg,BY,LTN
89696,Taltal,BY,LTN
89701,Fährau,BY,LTN
89707,Niederbrunn,BY,LTN
89748,Buchenbach,BY,LTN
89756,Burgscheid,BY,LTN
89795,Lindenbrück,BY,WOB
89803,Ritterscheid,BY,WOB
89811,Ostscheid an der Warne,BY,WOB
89814,Heidesee,BY,WOB
89815,Bucheningen,BY,WOB
89818,Sommerhausen-Nord,BY,WOB
89853,Falkenwald an der Ilm,BY,WOB
89854,Altbach,BY,WOB
89856,Marktbrück am See,BY,WOB
89861,Oberstein-Ost,BY,WOB
89876,Steindorf,BY,WOB
89878,Westbach,BY,WOB
89895,Nordsee,BY,WOB
89896,Grünweiler,BY,WOB
89897,Mönchsstadt-Ost,BY,WOB
89911,Unterstein,BY,WOB
89917,Birkeningen,BY,WOB
89924,Falkendorf,BY,WOB
89926,Großhagen,BY,WOB
89928,Heideweiler im Tal,BY,WOB
89931,Rabenau-West,BY,WOB
89936,Winterscheid,BY,WOB
89951,Nebelbrunn an der Aue,BY,WOB
89953,Grünkirchen,BY,WOB
89973,Adlerau an der Ilm,BY,WOB
89979,Nebelburg,BY,WOB
89986,Buchenstein an der Aue,BY,WOB
89990,Hohenscheid,BY,WOB
89995,Niederbrück,BY,WOB
90024,Ritterbrunn,BY,JG
90033,Lindenkirchen,BY,JG
90035,Königsstadt,BY,JG
90050,Rehhausen an der Ilm,BY,JG
90063,Bad Steinhausen,BY,JG
90079,Unterroda,BY,JG
90088,Winterwald,BY,JG
90103,Talweiler-Ost,BY,JG
90112,Eichental-West,BY,JG
90115,Rotscheid,BY,JG
90132,Bad Unterwald,BY,JG
90136,Weidenfurt,BY,JG
90151,Hafenheim,BY,JG
90153,Mondsee-Süd,BY,JG
90177,Steinkirchen am Moor,BY,JG
90182,Sonnental,BY,JG
90194,Oberkirchen,BY,JG
90203,Moorthal,BY,JG
90208,Bergdorf am Moor,BY,JG
90210,Weideningen,BY,JG
90213,Rehingen,BY,JG
90227,Sonnenhofen am Berg,TH,PIP
90240,Südfeld,TH,PIP
90247,Bergstadt an der Aue,TH,PIP
90253,Lindenfurt,TH,PIP
90263,Rotingen,TH,PIP
90276,Fuchsau,TH,PIP
90284,Hohenburg an der Warne,TH,PIP
90289,Weidenkirchen,TH,PIP
90301,Unterroda,TH,PIP
90303,Bergau,TH,PIP
90313,Hirschberg-Ost,TH,PIP
90324,Sommerscheid,TH,PIP
90325,Nebelfeld,TH,PIP
90343,Königsingen,TH,PIP
90345,Moorthal,TH,PIP
90354,Weidenfeld,TH,PIP
90358,Neustadt,TH,PIP
90394,Weidenhofen-Nord,TH,PIP
90416,Winterroda,TH,PIP
90489,Rehbrück,TH,T
90511,Rabenthal,TH,T
90606,Burgkirchen-West,TH,T
90610,Brückenstadt,TH,T
90613,Bruchbach,TH,T
90629,Schlossbrunn,TH,T
90631,Bucheningen,TH,T
90689,Wiesenroda,BY,MJF
90697,Niedertal an der Aue,BY,MJF
90731,Winterburg,BY,MJF
90737,Espenhofen,BY,MJF
90742,Brückendorf an der Aue,BY,MJF
90766,Heidedorf,BY,MJF
90767,Erlenwald,BY,MJF
90808,Wiesenhausen an der Warne,BY,MJF
90843,Winterbrunn,BY,MJF
90901,Bergsee,BY,STH
90903,Wolfsingen,BY,STH
90911,Schlossfurt,BY,STH
90916,Neuhausen-Nord,BY,STH
90943,Nebelweiler,BY,STH
90990,Rehtal,BY,STH
90998,Talhausen,BY,STH
91006,Nebelingen,BY,STH
91054,Lindenbach,BY,STH
91098,Unterburg,BY,ID
91133,Wiesenbach,BY,ID
91135,Großhagen,BY,ID
91146,Kiestal,BY,ID
91149,Bischofssee,BY,ID
91188,Bischofsbrunn,BY,ID
91195,Schlosstal,BY,ID
91197,Rabenhausen,BY,ID
91241,Bischofsau,BY,ID
91289,Südfeld,BY,ID
91349,Sommerburg,BY,HB
91353,Neutal,BY,HB
91366,Erlenberg,BY,HB
91378,Fuchshausen,BY,HB
91380,Marktstadt-Nord,BY,HB
91416,Winterhausen,BY,HB
91417,Mühlhagen,BY,HB
91424,Adlerwald,BY,HB
91434,Rotscheid,BY,HB
91442,Hohenhausen,BY,HB
91452,Eichental-Ost,BY,HB
91460,Brückendorf,BY,HB
91463,Bruchweiler,BY,HB
91475,Wolfsstadt am Moor,BY,HB
91479,Grünhagen-West,BY,HB
91480,Brückenbrunn,BY,HB
91494,Falkenroda,BY,HB
91497,Marktfurt,BY,HB
91525,Espenkirchen,BY,HB
91530,Mondhausen im Tal,BY,HDI
91531,Kiesbrück,BY,HDI
91539,Wolfsbrunn,BY,HDI
91554,Mondbrück am See,BY,HDI
91575,Burgsee,BY,HDI
91581,Bruchscheid,BY,HDI
91607,Ahornbrunn am See,BY,HDI
91615,Heidewald,BY,HDI
91620,Königsfeld,BY,HDI
91628,Steinroda,BY,HDI
91671,Schlossscheid am See,BY,HDI
91744,Neuwald,BY,PHW
91746,Fürstenthal an der Warne,BY,PHW
91771,Steinwald,BY,PHW
91775,Steinroda an der Aue,BY,PHW
91807,Ahornweiler,BY,PHW
91811,Wiesenwald,BY,PHW
91824,Bruchhofen-Nord,BY,PHW
91835,Steinwald,BY,PHW
91853,Niederbach-West,BY,PHW
91880,Rehstadt,BY,PHW
91906,Bischofsstadt,BY,PHW
91913,Buchenfeld,BY,PHW
91931,Unterhagen,BY,PHW
91934,Oberbrück,BY,PHW
91945,Bruchkirchen,BY,PHW
91948,Großberg,BY,PHW
91950,Erlenscheid,BY,PHW
91953,Ostscheid,BY,PHW
91966,Winterbach,TH,TDI
91983,Heidekirchen,TH,TDI
92014,Kleinbrück,TH,TDI
92037,Hafenweiler,TH,TDI
92057,Großingen,TH,TDI
92071,Königsfurt,TH,TDI
92087,Oberfurt,TH,TDI
92105,Adlerfeld,TH,TDI
92165,Weidenbrück-Nord,TH,TDI
92181,Falkenfurt am Berg,BY,EG
92194,Westfurt,BY,EG
92197,Fuchsbrunn,BY,EG
92198,Sandthal,BY,EG
92201,Eichenau,BY,EG
92202,Fürstenstadt,BY,EG
92203,Steinfeld,BY,EG
92204,Eichenau,BY,EG
92212,Bischofshofen-West,BY,EG
92215,Rotheim,BY,EG
92227,Eichenheim,BY,EG
92230,Bad Weidental,BY,EG
92234,Kiesthal,BY,EG
92238,Mönchskirchen,BY,EG
92241,Grünhausen am See,BY,EG
92249,Mondstadt,BY,EG
92251,Marktthal,BY,EG
92259,Bergscheid-Nord,BY,EG
92267,Wolfshofen am Berg,BY,EG
92269,Fuchsroda,BY,EG
92270,Rotstadt,BY,EG
92273,Wolfsstein,BY,EG
92274,Grüningen,BY,EG
92276,Hohenheim am Berg,BY,EG
92279,Hirschkirchen,BY,EG
92283,Marktfeld,BY,EG
92291,Ahornbrunn-Nord,BY,EG
92295,Mönchsthal,BY,EG
92303,Eichenstein am See,BY,EG
92307,Hafensee,BY,EG
92314,Fährscheid an der Ilm,BY,EG
92318,Fuchsbach am See,BY,EG
92322,Bergbach-Nord,BY,EG
92340,Marktbrück-West,BY,EG
92346,Hohenhausen im Grund,BY,EG
92349,Brückensee am Moor,BY,EG
92353,Kleinbach,BY,EG
92367,Espenstein,BY,EG
92368,Rotdorf-Nord,BY,EG
92373,Erlenberg,BY,EG
92377,Mönchsberg,BY,EG
92379,Kleinstein,BY,EG
92384,Sommerwald-West,BY,EG
92386,Rehburg,BY,EG
92394,Großsee,BY,EG
92405,Wolfsberg,BY,WXY
92427,Nordbrück,BY,WXY
92432,Rabenkirchen,BY,WXY
92460,Mühlstadt-West,BY,WXY
92477,Nebelbrück,BY,WXY
92480,Unterweiler am Moor,BY,WXY
92495,Erlenstein,BY,WXY
92519,Birkental,BY,WXY
92547,Wiesenkirchen,BY,WXY
92570,Talscheid,BY,WXY
92589,Hafenau,BY,WXY
92624,Erlenstein,BY,AH
92627,Lindenhagen,BY,AH
92630,Königsstein,BY,AH
92633,Schlossbach-Süd,BY,AH
92640,Burgscheid,BY,AH
92660,Espental,BY,AH
92685,Buchenfeld,BY,AH
92708,Buchenwald im Tal,BY,AH
92714,Wolfsroda,BY,AH
92737,Osttal im Grund,BY,AH
92770,Königsstein,BY,AH
92792,Grünscheid,BY,AH
92796,Wolfsberg an der Ilm,BY,AH
92819,Schlossau,BY,AH
92838,Falkenhofen im Tal,BY,HM
92848,Ostbrück,BY,HM
92864,Hafenkirchen,BY,HM
92872,Bärenfeld,BY,HM
92914,Sonnenberg,BY,HM
92918,Espenfeld,BY,HM
92941,Erlendorf-Nord,BY,HM
92949,Rehdorf,BY,HM
92951,Bad Steinhagen,BY,HM
92954,Nebelbrunn-Nord,BY,HM
92971,Fuchsweiler,BY,HM
92972,Bärenhagen,BY,HM
92987,Sandberg,BY,HM
92998,Hirschdorf,BY,HM
93000,Bad Ritterheim,BY,HM
93004,Bergau im Grund,BY,HM
93008,Fuchsdorf,BY,HM
93010,Westwald-Süd,BY,HM
93011,Mühldorf,BY,HM
93057,Bad Bucheningen,TH,MZS
93060,Ritterfurt,TH,MZS
93067,Birkendorf-West,TH,MZS
93074,Wiesenwald-Nord,TH,MZS
93097,Nordstein,TH,MZS
93108,Espenthal,TH,MZS
93125,Altstein,TH,MZS
93127,Mühlroda,TH,MZS
93130,Bischofshausen,TH,MZS
93131,Erlenberg,TH,MZS
93147,Marktsee am Berg,TH,MZS
93152,Mondstein,TH,MZS
93159,Ostburg-Ost,TH,MZS
93164,Buchensee am Berg,TH,MZS
93168,Lindenburg,TH,MZS
93169,Erlenau,TH,MZS
93172,Lindenhofen,TH,MZS
93177,Fuchsweiler,TH,MZS
93181,Falkenheim,TH,MZS
93207,Fuchswald an der Aue,TH,MZS
93228,Oberscheid,TH,MZS
93233,Eichenwald,TH,MZS
93241,Wolfsstein,TH,MZS
93255,Niederwald,TH,MZS
93259,Ritterscheid,TH,MZS
93278,Kiesstein,TH,VLV
93290,Königstal,TH,VLV
93322,Adlerhofen,TH,VLV
93327,Fürstental an der Aue,TH,VLV
93342,Niederstein,TH,VLV
93373,Erlenroda,TH,VLV
93387,Sommerhausen,TH,VLV
93445,Falkenwald,TH,VLV
93451,Steinbrunn,TH,VLV
93589,Rothofen,BY,GZ
93604,Marktbrunn,BY,GZ
93626,Schlosswald,BY,GZ
93632,Wolfshagen,BY,GZ
93672,Mondweiler,BY,GZ
93682,Ostroda,BY,GZ
93699,Grünroda,BY,GZ
93708,Adlerkirchen,BY,VS
93739,Wiesensee,BY,VS
93749,Eichenheim,BY,VS
93756,Lindenweiler am See,BY,VS
93833,Buchenbrück an der Warne,BY,VS
93845,Bad Mönchsheim,BY,VS
93864,Moorstein,BY,VS
93870,Bischofskirchen,BY,VS
93900,Talingen,BY,VS
93933,Hafendorf,TH,WU
93941,Weidenwald im Grund,TH,WU
93963,Unterbrück,TH,WU
93971,Winteringen,TH,WU
93980,Unterstadt,TH,WU
93983,Westtal im Grund,TH,WU
93986,Bad Oststadt,TH,WU
94000,Südberg,TH,WU
94002,Oberheim,TH,WU
94013,Schlosstal,TH,WU
94029,Adleringen,TH,WU
94038,Ritterbrunn,TH,WU
94054,Bergfurt,TH,WU
94066,Espenfeld-Süd,TH,WU
94098,Niedertal,TH,WU
94100,Kleinwald,TH,WU
94109,Hirschingen,TH,WU
94114,Bergingen,TH,WU
94120,Eichenbach im Grund,TH,WU
94123,Bruchbrück,TH,WU
94127,Falkeningen,TH,WU
94129,Fuchsroda,TH,WU
94133,Niederfeld,TH,WU
94149,Ostsee,BY,SU
94214,Kiesfurt,BY,SU
94304,Hafenheim an der Warne,BY,SU
94313,Bergroda,BY,SU
94314,Weidenhagen,BY,SU
94358,Steinhofen,BY,QXX
94374,Espenheim,BY,QXX
94401,Kiesfeld,BY,QXX
94411,Hafental im Tal,BY,QXX
94413,Hohenwald,BY,QXX
94428,Wiesenbrunn,BY,QXX
94448,Fürstenbrück-Süd,BY,QXX
94490,Bad Nebelberg im Tal,BY,QXX
94517,Niederheim an der Ilm,BY,QXX
94545,Großhofen,BY,QXX
94548,Bad Ritterwald,BY,QXX
94549,Birkenbrück im Grund,BY,QXX
94551,Marktburg,BY,QXX
94569,Schlossfurt,BY,QXX
94578,Südhausen,TH,AFH
94581,Großburg an der Ilm,TH,AFH
94590,Sonnenstadt an der Ilm,TH,AFH
94595,Bad Bischofsberg am Berg,TH,AFH
94596,Espenberg am Moor,TH,AFH
94610,Heideweiler,TH,AFH
94615,Rotsee,TH,AFH
94628,Grünbrück,TH,AFH
94629,Neutal,TH,AFH
94633,Neubach,TH,AFH
94640,Oberfeld-Süd,TH,AFH
94649,Brückenkirchen,TH,AFH
94666,Steinheim,TH,AFH
94669,Bad Königstal,TH,AFH
94672,Talstein,TH,AFH
94677,Schlossau,TH,AFH
94685,Steintal,TH,AFH
94699,Bärenhausen,TH,AFH
94706,Nordhausen,TH,AFH
94710,Burgroda,TH,AFH
94718,Hirschingen an der Ilm,TH,AFH
94722,Nebelbach im Tal,TH,AFH
94728,Wolfswald,TH,AFH
94733,Fürstenwald,TH,AFH
94741,Sterntal,TH,AFH
94743,Großstein,TH,AFH
94755,Fürstenkirchen,TH,AFH
94764,Erlenroda,TH,AFH
94765,Fährau,TH,AFH
94773,Sommerkirchen,TH,AFH
94777,Ostburg,TH,AFH
94778,Hirschhofen-Nord,TH,AFH
94780,Bischofssee-Nord,TH,AFH
94783,Westberg,TH,AFH
94785,Moorwald,TH,AFH
94786,Fürstenhausen,TH,AFH
94853,Moorwald an der Warne,TH,BVV
94889,Hohenhagen-West,TH,BVV
94917,Schlosssee,TH,BVV
94923,Niederheim im Tal,TH,BVV
94955,Bergthal,TH,BVV
95029,Weststadt an der Ilm,BY,ES
95044,Buchenheim an der Warne,BY,ES
95071,Hohensee,BY,ES
95098,Eichenbrück an der Warne,BY,ES
95117,Bischofsbach,BY,ES
95126,Wiesenscheid,BY,ES
95145,Eichenheim,BY,ES
95179,Grünbach an der Ilm,BY,ES
95198,Nebelwald an der Warne,BY,ES
95204,Birkenbrück,BY,ES
95224,Ostau an der Aue,BY,ES
95237,Erlenscheid,TH,CZ
95250,Bad Grünheim,TH,CZ
95256,Eichenbach,TH,CZ
95257,Erlental,TH,CZ
95262,Wiesenhofen,TH,CZ
95263,Bärenfeld,TH,CZ
95268,Ritterstadt,TH,CZ
95277,Falkenroda,TH,CZ
95285,Eichenroda,TH,CZ
95287,Heidehausen,TH,CZ
95288,Norddorf-Nord,TH,CZ
95289,Sonnendorf an der Ilm,TH,CZ
95299,Fürstenburg,TH,CZ
95314,Ostroda an der Aue,TH,CZ
95315,Brückenberg am Moor,TH,CZ
95335,Buchenbach,TH,CZ
95339,Adlersee,TH,CZ
95341,Hirschfeld,TH,CZ
95345,Fährthal-Ost,TH,CZ
95350,Weidenweiler,TH,CZ
95358,Schlossbrunn,TH,CZ
95368,Sonnenbrück,TH,CZ
95374,Untertal,TH,CZ
95375,Winterhausen,TH,CZ
95393,Erlensee,TH,CZ
95399,Steinhofen,TH,CZ
95403,Talberg,TH,CZ
95406,Erlenweiler,TH,CZ
95413,Espenhofen,TH,CZ
95424,Königsau am Berg,TH,CZ
95427,Grünroda,TH,CZ
95430,Westfurt,TH,CZ
95445,Mondwald,TH,SV
95463,Espenfurt,TH,SV
95475,Unterheim,TH,SV
95482,Fährhausen am Berg,TH,SV
95498,Burgstein,TH,SV
95504,Bruchbrück,TH,SV
95581,Adlerhofen,TH,SV
95596,Bruchburg,TH,SV
95598,Talroda,TH,SV
95666,Steinthal,BY,YR
95670,Mondwald,BY,YR
95683,Talkirchen,BY,YR
95687,Südscheid,BY,YR
95691,Rabental,BY,YR
95698,Hohenbrunn,BY,YR
95699,Kleinfurt am Moor,BY,YR
95716,Eichenau an der Warne,BY,YR
95720,Buchendorf,BY,YR
95735,Falkenthal-Nord,BY,YR
95742,Erlenheim,BY,YR
95745,Kiesheim,BY,YR
95746,Heidedorf,BY,YR
95747,Weidenthal,BY,YR
95750,Ostfurt am Moor,BY,YR
95755,Buchenwald-West,BY,YR
95758,Grüntal,BY,YR
95762,Burgtal,BY,YR
95764,Fährhausen,BY,YR
95776,Mondroda,BY,YR
95778,Espental-West,BY,YR
95785,Schlosswald,BY,YR
95792,Weidenau,BY,YR
95799,Bärenhagen,BY,YR
95800,Mondstadt,BY,YR
95804,Bischofshagen,BY,YR
95807,Falkenscheid,BY,YR
95811,Hirschkirchen,BY,YR
95817,Mühlhausen im Grund,BY,YR
95823,Südfeld,BY,YR
95837,Fährheim,BY,YR
95841,Königstal,BY,YR
95844,Nordthal,BY,YR
95855,Hirschbrück,BY,YR
95874,Bärenscheid,BY,YR
95875,Eichenroda,BY,YR
95876,Rotsee,BY,YR
95894,Wiesenau,BY,PKL
95903,Wiesendorf an der Aue,BY,PKL
95922,Ahornweiler,BY,PKL
95958,Burgberg,BY,PKL
95969,Bad Falkenhofen,BY,PKL
96063,Königsfurt,BY,PKL
96090,Fürstenthal,BY,PKL
96117,Schlossweiler-Nord,BY,CWU
96144,Neuweiler,BY,CWU
96148,Feldfeld im Grund,BY,CWU
96154,Ritterweiler,BY,CWU
96155,Rabenbrück,BY,CWU
96160,Weidenfeld,BY,CWU
96162,Unterbrunn,BY,CWU
96167,Bischofsingen,BY,CWU
96169,Bergwald,BY,CWU
96171,Markthausen,BY,CWU
96183,Hirschstadt,BY,CWU
96187,Bad Neuroda,BY,CWU
96191,Niederburg,BY,CWU
96200,Nordtal-Nord,BY,CWU
96204,Rotburg am Berg,BY,CWU
96206,Rehsee-Ost,BY,CWU
96209,Bärenbrück,BY,CWU
96217,Sandfurt,BY,CWU
96218,Hohenhofen,BY,CWU
96231,Feldwald an der Ilm,BY,CWU
96234,Mondhausen-Nord,BY,CWU
96235,Erlenstein,BY,CWU
96237,Espenthal,BY,CWU
96241,Steintal am Berg,BY,CWU
96248,Steinweiler am Moor,BY,CWU
96249,Altweiler-West,BY,CWU
96251,Bischofswald,BY,CWU
96257,Nordkirchen,BY,CWU
96268,Wolfsingen,BY,CWU
96274,Brückenthal im Grund,BY,CWU
96283,Eichenheim im Tal,BY,CWU
96292,Buchenhofen,BY,CWU
96299,Sternhofen,BY,CWU
96303,Marktkirchen,BY,CWU
96306,Erlenstadt,BY,CWU
96308,Ritterscheid,BY,CWU
96309,Adlerburg-Süd,BY,CWU
96310,Rabenhausen,BY,CWU
96311,Espenbrück,BY,BO
96322,Buchenroda,BY,BO
96328,Hohenfeld,BY,BO
96332,Nordhausen im Tal,BY,BO
96337,Brückenweiler,BY,BO
96344,Feldweiler,BY,BO
96353,Kleinhagen im Grund,BY,BO
96363,Sonnenfurt,BY,BO
96368,Kiesstadt,BY,BO
96388,Rehheim,BY,BO
96395,Sanddorf-Süd,BY,BO
96415,Rehingen,BY,BO
96449,Sommerscheid,BY,BO
96461,Großhausen-West,BY,BO
96462,Sandfeld,BY,BO
96488,Obertal-Nord,BY,BO
96490,Südbrück,BY,BO
96494,Talheim an der Ilm,BY,BO
96500,Niederbrunn an der Warne,BY,BO
96515,Sonnenscheid,BY,BO
96523,Königsingen,BY,BO
96528,Westhagen,BY,XMY
96529,Erlenhagen am See,BY,XMY
96530,Kleinheim,BY,XMY
96531,Adleringen,BY,XMY
96533,Königskirchen,BY,XMY
96534,Bad Rehburg,BY,XMY
96536,Feldsee am Berg,BY,XMY
96539,Rotroda,BY,XMY
96540,Mönchsberg,BY,XMY
96541,Königsau,BY,XMY
96544,Burgau,BY,XMY
96545,Wiesenfurt an der Warne,BY,XMY
96546,Südbrunn an der Ilm,BY,XMY
96551,Buchenroda an der Warne,BY,XMY
96552,Bärenau,BY,XMY
96553,Rotberg,BY,XMY
96556,Lindenhagen am See,BY,XMY
96557,Bad Bärenwald am Berg,BY,XMY
96559,Altbrunn,BY,XMY
96561,Bergtal,BY,XMY
96563,Hafenwald,BY,XMY
96564,Rabenbrück-Ost,BY,XMY
96565,Berghagen,BY,XMY
96568,Heidehofen,BY,XMY
96572,Rabental,BY,XMY
96574,Feldbrück,BY,XMY
96575,Unterstein,BY,XMY
96576,Mondbach an der Aue,BY,XMY
96578,Kiesbrück,BY,XMY
96579,Unterhofen,BY,XMY
96580,Königsscheid,BY,XMY
96581,Feldtal,BY,XMY
96582,Großhofen,BY,XMY
96584,Hafendorf,BY,XMY
96586,Kiesdorf-Süd,BY,XMY
96588,Nordsee-West,BY,XMY
96591,Markthofen,BY,XMY
96593,Bruchbrück,BY,XMY
96595,Hafenroda,BY,XMY
96598,Kleinscheid,BY,XMY
96600,Niederburg an der Aue,BY,XMY
96601,Erlenwald,BY,XMY
96603,Brückenberg an der Warne,BY,XMY
96605,Hohental,BY,XMY
96606,Espenbrück,BY,XMY
96607,Südstein,BY,XMY
96613,Ritterroda,BY,XMY
96615,Ahornhagen-West,BY,XMY
96617,Winterhausen,BY,XMY
96621,Nordhagen,BY,XMY
96622,Mönchsberg-Süd,BY,XMY
96624,Heidewald,BY,XMY
96625,Weidenkirchen,BY,XMY
96629,Bergfeld,BY,XMY
96632,Rehdorf,BY,XMY
96636,Hafenbrunn,BY,XMY
96637,Mondstadt-Süd,BY,XMY
96638,Wolfsstein,BY,XMY
96639,Mondhagen,BY,XMY
96640,Grünbach,BY,XMY
96641,Fürstenscheid,BY,XMY
96643,Winterscheid,BY,XMY
96648,Rotbrunn,BY,XMY
96649,Ostheim,BY,XMY
96654,Rabenfurt,BY,XMY
96655,Wiesenfeld,BY,XMY
96656,Sonnenstadt,BY,XMY
96657,Rabenhausen,BY,XMY
96659,Schlosssee,BY,XMY
96660,Oberthal,BY,XMY
96662,Westfurt,BY,XMY
96667,Bergingen,BY,XMY
96669,Hohenstein,BY,XMY
96672,Bad Eichensee am Moor,BY,XMY
96673,Ritterfurt,BY,XMY
96674,Bergkirchen,BY,XMY
96680,Bad Ritterkirchen,BY,XMY
96681,Erlenwald,BY,XMY
96682,Bad Talthal,BY,XMY
96687,Espenstadt,BY,XMY
96692,Brückenbrunn,BY,XMY
96694,Talstadt,BY,XMY
96698,Oststein,BY,XMY
96699,Sommerweiler,BY,XMY
96700,Neustadt,BY,XMY
96712,Kieskirchen,BY,XMY
96713,Königsfeld,BY,XMY
96716,Hafenau,BY,XMY
96720,Heideberg an der Aue,BY,XMY
96721,Rabenweiler,BY,XMY
96723,Königsingen,BY,XMY
96724,Ahornbach,BY,XMY
96725,Mühlwald,BY,XMY
96726,Rabental,BY,XMY
96730,Eichenscheid-West,BY,XMY
96732,Großingen-Ost,BY,XMY
96735,Winterfeld am See,BY,XMY
96742,Bischofssee,BY,XMY
96747,Moorfurt,BY,TM
96756,Moorthal am Berg,BY,TM
96810,Großroda,BY,TM
96873,Ritterberg,BY,TM
96936,Bärenbrunn,BY,TM
96966,Bischofswald,BY,ECI
96969,Nebelstadt,BY,ECI
96970,Kleinwald,BY,ECI
96988,Bucheningen,BY,ECI
96998,Schlosswald-Süd,BY,ECI
97001,Nordbrück,BY,ECI
97002,Fürstenthal,BY,ECI
97020,Westthal,BY,ECI
97037,Adlerbrunn an der Warne,BY,ECI
97044,Ahornwald,BY,ECI
97051,Sommeringen,BY,ECI
97079,Ahornheim-Süd,BY,ECI
97120,Erlenburg an der Ilm,BY,ECI
97121,Birkenbach,BY,ECI
97145,Birkenwald,BY,ECI
97146,Markthofen an der Ilm,BY,ECI
97162,Rabenstadt,BY,ECI
97167,Nordburg im Tal,BY,ECI
97173,Eichensee,BY,ECI
97179,Wolfsberg,BY,OMW
97206,Hafendorf,BY,OMW
97265,Hohenwald,BY,OMW
97285,Großscheid-Ost,BY,OMW
97291,Falkenhausen an der Aue,BY,OMW
97304,Rabenbrück,BY,OMW
97312,Moorheim,BY,OMW
97320,Rabenfurt,BY,OMW
97332,Falkenwald,BY,OMW
97346,Niedertal-Nord,BY,OMW
97349,Steinfeld,BY,OMW
97350,Mühlstein,BY,OMW
97353,Fürstenau am Berg,BY,OMW
97354,Adlerberg,BY,OMW
97377,Fürstenkirchen,BY,OMW
97378,Burghausen,BY,OMW
97384,Lindenbrunn,BY,OMW
97407,Moorhagen,BY,IB
97408,Oberbrunn,BY,IB
97420,Taldorf-Ost,BY,IB
97428,Steinwald,BY,IB
97434,Niederau im Grund,BY,IB
97446,Hoheningen,BY,IB
97451,Kleinhausen,BY,IB
97453,Brückental,BY,IB
97460,Obertal,BY,IB
97465,Talroda,BY,IB
97482,Markthofen,BY,IB
97488,Brückenscheid,BY,IB
97490,Espenfurt,BY,IB
97500,Althagen,BY,IB
97511,Nebelbrunn,BY,IB
97530,Birkenhagen,BY,IB
97539,Grünfeld,BY,IB
97544,Rotsee,BY,IB
97550,Adlerroda,BY,IB
97556,Sonnenthal,BY,IB
97565,Kiesberg,BY,IB
97566,Nebelau,BY,IB
97567,Sterndorf,BY,IB
97585,Unterhausen am Moor,BY,IB
97592,Südingen,BY,IB
97596,Sternau,BY,IB
97598,Eichenbrunn an der Ilm,BY,IB
97603,Altwald-Ost,BY,IB
97606,Oberbach an der Aue,BY,IB
97608,Fürstenfurt,BY,IB
97609,Espenstadt,BY,IB
97612,Falkenbach am See,BY,IB
97635,Nebelroda,BY,HS
97650,Kleinthal am See,BY,HS
97657,Westbrunn-Süd,BY,HS
97680,Feldthal am Moor,BY,HS
97720,Bad Ostheim-West,BY,HS
97722,Bad Eichenthal an der Ilm,BY,HS
97761,Rabenstein,BY,HS
97772,Osthausen,BY,HS
97779,Oberheim,BY,HS
97795,Adlerburg,BY,HS
97822,Königshagen,BY,HS
97837,Sandbach,TH,NZG
97844,Eichenfurt,TH,NZG
97848,Sonnenberg im Tal,TH,NZG
97849,Heideweiler,TH,NZG
97853,Birkental,TH,NZG
97912,Burgburg am Moor,TH,NZG
97917,Fürstenscheid,TH,NZG
97923,Nordscheid,TH,NZG
97944,Hafenroda,TH,NZG
97974,Birkenburg,TH,NZG
97991,Kiesburg am Berg,TH,NZG
97993,Rotingen,TH,NZG
97995,Mondhagen,TH,NZG
97998,Schlosshofen-West,TH,NZG
98000,Althausen-Ost,TH,NZG
98008,Burgfurt,TH,NZG
98009,Niederstein,TH,NZG
98021,Großweiler,TH,NZG
98031,Sonnenbrunn,TH,NZG
98037,Feldbrück,TH,NZG
98041,Ritterdorf am Berg,TH,NZG
98052,Kiessee,BY,R
98107,Niederfurt im Tal,BY,R
98110,Winterfurt,BY,R
98118,Brückenberg an der Warne,BY,R
98130,Fürstental am Berg,BY,R
98144,Hohenstadt,BY,R
98162,Feldscheid,BY,R
98177,Rotfeld,BY,R
98185,Bergbrunn,BY,R
98195,Eichenhausen,BY,R
98211,Ahorningen,BY,R
98231,Brückenbrunn,BY,R
98239,Fuchsweiler,BY,R
98242,Lindenkirchen-Nord,BY,R
98264,Grünscheid,BY,KAB
98266,Winteringen im Tal,BY,KAB
98268,Königsau-Süd,BY,KAB
98282,Südfurt,BY,KAB
98293,Birkenau,BY,KAB
98301,Hirschheim-Ost,BY,KAB
98313,Ritterau,BY,KAB
98323,Neuburg im Grund,BY,KAB
98335,Ostbrück am Moor,BY,KAB
98354,Ahornhagen,BY,KAB
98357,Bischofsbrück-Ost,BY,KAB
98360,Bischofsscheid,BY,KAB
98364,Nordbach,BY,KAB
98397,Sommerhofen,BY,KAB
98408,Altkirchen,BY,KAB
98418,Winterbrück,BY,KAB
98420,Hirschbrück,BY,KAB
98421,Ahornsee am See,BY,KAB
98424,Eichenthal,BY,KAB
98464,Erlenfurt,BY,KAB
98472,Kleinheim,BY,KAB
98489,Grünwald,BY,H
98492,Espenau,BY,H
98498,Hohenstadt,BY,H
98519,Buchenhagen,BY,H
98527,Sandweiler,BY,H
98583,Ahornkirchen,BY,H
98589,Neuheim-Ost,BY,H
98599,Bergingen,BY,H
98631,Adlerheim-Süd,BY,H
98635,Birkensee,BY,H
98636,Oberthal,BY,H
98658,Rehroda,BY,H
98660,Mönchstal am Berg,BY,H
98665,Nebelbrück,BY,H
98673,Königsbrück,BY,H
98676,Oberscheid,BY,H
98683,Steinsee am Moor,BY,H
98709,Norddorf,BY,OXS
98759,Wiesenhausen,BY,OXS
98760,Eichenscheid,BY,OXS
98777,Brückenhagen,BY,OXS
98783,Bischofsheim,BY,OXS
98791,Neubrunn,BY,OXS
98796,Nordsee,BY,OXS
98812,Bischofshagen,BY,OXS
98825,Fährdorf im Grund,BY,OXS
98863,Königsbrück,BY,OXS
98871,Fuchsstein,BY,OXS
98890,Rabenthal,BY,OXS
98905,Bergingen,BY,OXS
98914,Bad Bischofstal,BY,OXS
98919,Bruchhofen,BY,BP
98920,Lindenwald am Moor,BY,BP
98921,Niederheim,BY,BP
98922,Nebelthal,BY,BP
98923,Marktbrunn,BY,BP
98924,Eichenfurt,BY,BP
98925,Bad Falkenberg,BY,BP
98931,Hohental an der Ilm,BY,BP
98935,Neuberg,BY,BP
98937,Buchenburg,BY,BP
98938,Rabenberg,BY,BP
98941,Rehfeld,BY,BP
98942,Moorhofen,BY,BP
98943,Eicheningen an der Aue,BY,BP
98947,Fährbach,BY,BP
98950,Heideau am Moor,BY,BP
98951,Espenhausen-Süd,BY,BP
98952,Ahorningen,BY,BP
98955,Kiesberg,BY,BP
98967,Wolfsthal,BY,BP
98968,Espeningen am Berg,BY,BP
98973,Niederau,BY,BP
98975,Ostbrück,BY,BP
98976,Fährbrück,BY,BP
98981,Altroda,BY,BP
98982,Marktkirchen,BY,BP
98983,Nebelweiler,BY,BP
98985,Sommersee an der Aue,BY,BP
98990,Steinbrunn,BY,BP
98992,Bischofsthal im Grund,BY,BP
98999,Weidenroda,BY,BP
99001,Rehbach,BY,BP
99002,Eichenscheid,BY,BP
99003,Kiesscheid am Moor,BY,BP
99004,Nebelhofen-Süd,BY,BP
99005,Mühlburg,BY,BP
99010,Lindenwald,BY,BP
99013,Rotberg,BY,BP
99015,Erlenbach an der Warne,BY,BP
99021,Burghofen am See,BY,BP
99022,Burgau,BY,BP
99023,Schlossheim,BY,BP
99024,Erlenhausen,BY,BP
99030,Bischofsweiler,BY,BP
99038,Wiesental,BY,BP
99041,Mönchsheim,BY,BP
99042,Schlossburg,BY,BP
99049,Eichenstadt,BY,BP
99052,Eichenwald,BY,BP
99053,Hafendorf,BY,BP
99054,Bad Adlersee an der Ilm,BY,BP
99057,Rabenweiler,BY,BP
99061,Bischofsburg,BY,BP
99065,Nordtal-Süd,BY,BP
99069,Nordweiler,BY,BP
99073,Südfeld-Ost,BY,BP
99074,Mondsee,BY,BP
99080,Ostbrunn,BY,BP
99082,Steinheim,BY,BP
99084,Fürstenfurt am See,BY,BP
99085,Neuthal,BY,BP
99086,Bischofsweiler,BY,BP
99087,Hirschthal,BY,BP
99090,Bergbrück,BY,BP
99094,Hirschtal,BY,BP
99096,Steinheim-Ost,BY,BP
99097,Mönchstal,BY,BP
99098,Winteringen im Tal,BY,BP
99099,Großfurt,BY,BP
99101,Wiesenwald-Süd,BY,BP
99103,Brückenau,BY,BP
99106,Burgscheid,BY,BP
99107,Wolfsberg,BY,BP
99114,Sandbach,BY,BP
99115,Bärenweiler,BY,BP
99116,Moorhagen,BY,BP
99119,Unterhausen,BY,BP
99120,Lindendorf,BY,BP
99122,Kiesweiler,BY,BP
99123,Altbach,BY,BP
99129,Weidenau,BY,BP
99313,Wiesental,TH,AL
99336,Bärenau,TH,AL
99351,Schlosshagen,TH,DT
99417,Taldorf,TH,DT
99432,Espenstein,TH,DT
99451,Sonnenfurt an der Ilm,TH,DT
99456,Bruchstein,TH,DT
99458,Heidehagen im Grund,TH,DT
99463,Espenhofen,TH,DT
99466,Schlosswald am See,TH,DT
99488,Burgheim,TH,DT
99502,Bruchthal,TH,DT
99534,Großscheid-Ost,TH,DT
99571,Wiesenwald am Berg,BY,TJM
99574,Falkenhausen,BY,TJM
99583,Moorau,BY,TJM
99586,Althofen,BY,TJM
99624,Kieswald,BY,TJM
99625,Talbrück am See,BY,TJM
99708,Schlossstein,BY,TJM
99728,Eichenwald,BY,TJM
99730,Feldkirchen an der Aue,BY,TJM
99758,Birkenhausen im Tal,BY,TJM
99790,Bad Weststein,TH,HEO
99791,Hohenstadt,TH,HEO
99800,Unterstein,TH,HEO
99801,Rabenscheid an der Aue,TH,HEO
99804,Kleinberg,TH,HEO
99814,Bischofsburg,TH,HEO
99821,Altstein,TH,HEO
99823,Neuthal,TH,HEO
99830,Niederingen an der Warne,TH,HEO
99858,Talsee,TH,HEO
99860,Hohenhagen-Nord,TH,HEO
99865,Ahornau,TH,HEO
99875,Fährbrück,TH,HEO
99878,Rehau,TH,HEO
99879,Sandau,TH,HEO
99885,Bad Adlerbrück,TH,HEO
99886,Grünfurt,TH,HEO
99887,Talbrück am Moor,TH,HEO
99894,Kiesdorf,TH,HEO
99895,Ritterfurt,TH,HEO
99902,Bärenwald,TH,HEO
99909,Nebelscheid,TH,HEO
99916,Kiesfurt,TH,HEO
99919,Eichenwald,TH,HEO
99923,Nebelhofen am Moor,TH,HEO
99925,Sommerscheid,TH,HEO
99934,Bad Steiningen,TH,HEO
99936,Kleinfeld,TH,HEO
99942,Nordingen-West,TH,HEO
99943,Ritterbach,TH,HEO
99944,Neubrück,TH,HEO
99946,Fähringen,TH,HEO
99949,Ahornhofen,TH,HEO
99954,Unterhofen im Tal,TH,HEO
99962,Buchendorf,TH,HEO
99974,Falkenkirchen an der Warne,TH,HEO
99978,Rehthal,TH,HEO
99993,Mönchsheim,TH,HEO
