hsn,tsn,hersteller,modell,leistung_kw,antriebsart,typklasse_hp,typklasse_tk,typklasse_vk,neupreis_eur
0258,0NC,Aurex,Bora 1.2,147,DIESEL,23,27,33,71200.00
0258,0Q0,Aurex,Yuka 1.4,201,ELEKTRO,22,30,33,73950.00
0258,18G,Aurex,Zenit 2.5,141,HYBRID,22,33,28,97580.00
0258,1C0,Aurex,Sirio Kombi,285,BENZIN,25,31,33,99990.00
0258,1GN,Aurex,Nova Coupé,93,DIESEL,22,24,21,45620.00
0258,1HT,Aurex,Kite 1.4,175,DIESEL,23,28,31,72210.00
0258,1PF,Aurex,Vela Kombi,60,HYBRID,12,24,10,20750.00
0258,1WD,Aurex,Aeon 2.5,60,BENZIN,11,12,15,34490.00
0258,1YK,Aurex,Mira 1.6,106,BENZIN,14,14,15,23810.00
0258,326,Aurex,Lyra Sport,66,BENZIN,11,15,15,28480.00
0258,3BT,Aurex,Zenit 1.6,136,ELEKTRO,18,24,31,63440.00
0258,3RV,Aurex,Kite Coupé,141,BENZIN,24,33,30,67720.00
0258,3YR,Aurex,Yuka Kombi,110,HYBRID,15,21,23,37010.00
0258,41H,Aurex,Delta Comfort,262,BENZIN,25,33,33,102780.00
0258,4D4,Aurex,Zenit Kombi,137,DIESEL,14,21,17,37860.00
0258,4G6,Aurex,Vela Comfort,88,HYBRID,12,17,12,17000.00
0258,4VD,Aurex,Mira Avant,75,DIESEL,11,12,15,26690.00
0258,5QW,Aurex,Eos 2.0,109,GAS,14,13,20,34350.00
0258,617,Aurex,Cirro GTX,85,BENZIN,14,17,23,39370.00
0258,69D,Aurex,Vela Kombi,100,BENZIN,23,23,18,52500.00
0258,7W3,Aurex,Lyra 1.4,153,DIESEL,24,31,33,69530.00
0258,8FM,Aurex,Eos 2.0,124,DIESEL,16,19,30,38360.00
0258,913,Aurex,Brise Comfort,188,HYBRID,17,33,33,76370.00
0258,93F,Aurex,Gale Sport,72,HYBRID,11,13,20,22450.00
0258,A6M,Aurex,Pika,129,BENZIN,19,27,22,57140.00
0258,AJE,Aurex,Pika 1.4,76,DIESEL,14,10,12,31050.00
0258,AWF,Aurex,Onyx GTX,76,DIESEL,15,21,14,42840.00
0258,AX4,Aurex,Garda,199,BENZIN,24,29,21,56490.00
0258,B0R,Aurex,Duna 1.6,49,BENZIN,10,10,16,20310.00
0258,B2Y,Aurex,Levante Prime,161,DIESEL,24,33,26,66720.00
0258,B9Y,Aurex,Pika Avant,75,GAS,11,21,24,29580.00
0258,BP3,Aurex,Bora Prime,165,DIESEL,25,29,26,89610.00
0258,BU2,Aurex,Gale 1.4,223,DIESEL,19,29,28,55530.00
0258,C9G,Aurex,Sirio Kombi,127,HYBRID,18,25,33,59800.00
0258,CA2,Aurex,Onyx 1.4,69,BENZIN,12,13,17,37670.00
0258,CD1,Aurex,Garda 2.0,36,ELEKTRO,10,10,10,11880.00
0258,CN4,Aurex,Yuka Cross,90,HYBRID,12,12,26,30390.00
0258,CWZ,Aurex,Delta Kombi,85,HYBRID,15,19,13,25910.00
0258,D2M,Aurex,Zenit 2.5,130,BENZIN,19,31,15,54430.00
0258,D2Q,Aurex,Garda,97,BENZIN,13,24,25,26080.00
0258,DC6,Aurex,Fjell 2.0,129,DIESEL,12,22,25,51410.00
0258,DER,Aurex,Aeon Comfort,123,HYBRID,25,30,33,104840.00
0258,DN5,Aurex,Elan 2.5,45,BENZIN,11,11,10,17450.00
0258,GFN,Aurex,Garda Kombi,231,GAS,24,30,34,67420.00
0258,GOO,Aurex,Vela GTX,137,BENZIN,20,29,25,60100.00
0258,H00,Aurex,Elan 1.2,112,BENZIN,17,24,19,27800.00
0258,H8W,Aurex,Eos Cross,71,BENZIN,16,15,25,38840.00
0258,HFR,Aurex,Faro 1.4,218,BENZIN,24,30,33,83640.00
0258,HWC,Aurex,Mistral 2.5,43,BENZIN,10,10,10,19270.00
0258,IKS,Aurex,Nova Avant,59,BENZIN,11,12,12,33400.00
0258,INM,Aurex,Sirio Coupé,89,BENZIN,12,17,20,40450.00
0258,IT4,Aurex,Halo 1.4,102,BENZIN,11,16,20,23970.00
0258,J04,Aurex,Juno 1.6,162,HYBRID,23,30,24,38360.00
0258,JLN,Aurex,Delta,134,BENZIN,19,30,33,67840.00
0258,JS4,Aurex,Rigel Avant,72,DIESEL,10,12,13,20860.00
0258,KBC,Aurex,Elan GT,171,BENZIN,23,33,32,55910.00
0258,KBD,Aurex,Wega 1.4,87,BENZIN,10,12,16,22690.00
0258,KE1,Aurex,Lyra 1.2,53,GAS,11,18,15,40230.00
0258,KGP,Aurex,Tessa Sport,196,ELEKTRO,25,30,34,107220.00
0258,KPN,Aurex,Lyra Avant,102,ELEKTRO,22,28,27,70960.00
0258,L75,Aurex,Quest Avant,157,BENZIN,25,31,30,58970.00
0258,L9Q,Aurex,Nimbus GT,122,BENZIN,22,24,28,50580.00
0258,LDA,Aurex,Vela GT,79,BENZIN,14,22,12,27370.00
0258,LNK,Aurex,Mistral Coupé,124,HYBRID,23,26,29,50780.00
0258,LOY,Aurex,Ibis,124,ELEKTRO,16,28,17,42480.00
0258,LS3,Aurex,Wega 1.6,142,BENZIN,23,27,31,68390.00
0258,M29,Aurex,Mira 2.5,62,BENZIN,10,10,10,23600.00
0258,MAV,Aurex,Cedro Sport,147,BENZIN,21,24,30,58820.00
0258,MF4,Aurex,Nova 1.6,70,GAS,11,14,12,31220.00
0258,MO9,Aurex,Sirio Sport,180,ELEKTRO,25,31,30,90370.00
0258,N30,Aurex,Aeon 2.0,146,ELEKTRO,20,23,24,46140.00
0258,NQ7,Aurex,Wega 2.0,62,ELEKTRO,15,14,22,33570.00
0258,NWN,Aurex,Ulme,136,DIESEL,22,32,28,52680.00
0258,O4P,Aurex,Nimbus 1.4,88,BENZIN,15,18,19,30670.00
0258,OEC,Aurex,Quest 2.5,124,DIESEL,17,13,23,34160.00
0258,OOI,Aurex,Fjell Kombi,228,GAS,23,33,32,80460.00
0258,PIY,Aurex,Brise Coupé,118,HYBRID,18,24,19,50910.00
0258,QHT,Aurex,Ulme Comfort,100,BENZIN,15,18,20,34960.00
0258,RA3,Aurex,Juno Kombi,60,ELEKTRO,13,16,12,35370.00
0258,RUG,Aurex,Eos Sport,129,BENZIN,20,31,21,58770.00
0258,S8U,Aurex,Halo 1.2,230,BENZIN,22,30,33,73210.00
0258,S91,Aurex,Quest 1.2,248,HYBRID,22,33,34,134880.00
0258,SUX,Aurex,Mistral 1.6,98,BENZIN,11,11,16,25130.00
0258,TIC,Aurex,Kobalt Prime,152,DIESEL,24,31,29,83920.00
0258,TMC,Aurex,Wega Avant,66,BENZIN,11,14,12,24500.00
0258,TV0,Aurex,Onyx Comfort,124,DIESEL,16,18,22,41210.00
0258,U0M,Aurex,Aria 2.0,102,BENZIN,16,16,23,36800.00
0258,U0Y,Aurex,Wega GT,107,BENZIN,12,22,22,30020.00
0258,U95,Aurex,Vela GTX,88,BENZIN,11,20,26,39790.00
0258,UDE,Aurex,Kite Comfort,162,BENZIN,18,20,27,58720.00
0258,UKQ,Aurex,Kobalt 2.0,111,HYBRID,18,24,25,39200.00
0258,V99,Aurex,Aeon 1.4,197,ELEKTRO,23,31,27,60700.00
0258,VAK,Aurex,Fjell,106,BENZIN,15,12,18,25620.00
0258,VKY,Aurex,Lyra,231,HYBRID,24,31,34,91340.00
0258,W2J,Aurex,Duna 1.2,208,BENZIN,25,33,34,91820.00
0258,W9L,Aurex,Kobalt Comfort,57,BENZIN,12,12,11,31770.00
0258,WEX,Aurex,Elan Sport,123,DIESEL,17,27,23,46950.00
0258,WFD,Aurex,Vela 1.4,78,BENZIN,15,15,20,40800.00
0258,WKO,Aurex,Cedro Sport,113,BENZIN,15,21,31,46390.00
0258,WYN,Aurex,Cedro Avant,266,BENZIN,25,32,34,106590.00
0258,XHV,Aurex,Juno 2.0,59,HYBRID,12,26,12,44850.00
0258,XIW,Aurex,Wega,72,GAS,14,15,14,22430.00
0258,XKM,Aurex,Nimbus GTX,117,HYBRID,14,20,24,39690.00
0258,XO8,Aurex,Wega GTX,205,BENZIN,24,24,31,61450.00
0258,XR3,Aurex,Onyx Comfort,134,BENZIN,19,22,23,49990.00
0258,XTG,Aurex,Garda Comfort,131,HYBRID,18,14,23,49880.00
0258,Y9X,Aurex,Rigel Avant,162,ELEKTRO,23,31,27,67050.00
0258,YEP,Aurex,Lyra 2.0,79,BENZIN,13,11,17,23250.00
0258,YW0,Aurex,Juno,146,BENZIN,21,29,30,68500.00
0258,Z6J,Aurex,Horizon 2.0,137,BENZIN,17,26,26,49270.00
0258,Z86,Aurex,Ulme 2.5,93,DIESEL,16,14,18,38400.00
0258,ZKH,Aurex,Mira 2.5,169,HYBRID,18,23,30,57650.00
0402,04K,Baltrum,Lyra Cross,60,DIESEL,15,12,19,43780.00
0402,07R,Baltrum,Lyra 1.6,122,DIESEL,25,21,31,52160.00
0402,09A,Baltrum,Sirio Comfort,101,ELEKTRO,24,25,25,73380.00
0402,0JS,Baltrum,Tessa Prime,126,BENZIN,18,30,25,46770.00
0402,0NP,Baltrum,Faro Cross,194,ELEKTRO,21,13,30,33210.00
0402,0QD,Baltrum,Eos GTX,68,BENZIN,12,19,11,31600.00
0402,1D2,Baltrum,Horizon Coupé,119,BENZIN,20,21,13,48600.00
0402,1MB,Baltrum,Cedro GT,192,BENZIN,24,30,32,57960.00
0402,1W8,Baltrum,Mistral 2.5,106,BENZIN,10,21,15,27910.00
0402,20W,Baltrum,Ulme Comfort,68,DIESEL,14,17,11,30740.00
0402,2N5,Baltrum,Quest 2.5,60,BENZIN,11,12,12,23920.00
0402,2NK,Baltrum,Yuka Coupé,183,DIESEL,24,32,33,48530.00
0402,2TW,Baltrum,Ulme Coupé,138,DIESEL,20,20,18,48690.00
0402,30I,Baltrum,Fjell Cross,117,DIESEL,20,23,28,47650.00
0402,33A,Baltrum,Nova Sport,50,BENZIN,10,10,12,20820.00
0402,34U,Baltrum,Xeno 1.4,119,BENZIN,13,12,18,42020.00
0402,36U,Baltrum,Mistral Cross,103,BENZIN,19,14,21,56700.00
0402,4VP,Baltrum,Aeon Avant,119,BENZIN,19,17,25,44680.00
0402,4Z3,Baltrum,Fjell Coupé,71,DIESEL,13,11,14,22320.00
0402,5D6,Baltrum,Faro 1.2,70,DIESEL,14,11,10,15760.00
0402,5HX,Baltrum,Rigel Cross,166,ELEKTRO,22,32,30,65250.00
0402,5PN,Baltrum,Vela Sport,70,BENZIN,16,17,16,35430.00
0402,5RU,Baltrum,Quest Kombi,76,BENZIN,12,20,19,40420.00
0402,5ZC,Baltrum,Quest Comfort,144,ELEKTRO,22,32,28,75900.00
0402,668,Baltrum,Ulme Coupé,207,BENZIN,21,23,34,74370.00
0402,6L2,Baltrum,Halo 1.4,65,DIESEL,12,10,14,21950.00
0402,6XE,Baltrum,Quest Kombi,113,BENZIN,15,21,20,35080.00
0402,6ZF,Baltrum,Mistral Avant,175,ELEKTRO,15,24,32,45210.00
0402,7BE,Baltrum,Eos 1.4,110,ELEKTRO,17,18,16,32050.00
0402,7CB,Baltrum,Rigel 1.6,117,BENZIN,22,25,27,40970.00
0402,7FU,Baltrum,Halo GT,120,GAS,23,25,23,61380.00
0402,87L,Baltrum,Ibis 2.0,110,BENZIN,19,13,12,25800.00
0402,89U,Baltrum,Vela Avant,83,DIESEL,15,29,22,56990.00
0402,89V,Baltrum,Fjell Kombi,75,DIESEL,19,19,12,39380.00
0402,8NG,Baltrum,Vela Avant,71,BENZIN,16,15,14,34700.00
0402,8SU,Baltrum,Nimbus GTX,143,DIESEL,18,27,30,58970.00
0402,95A,Baltrum,Ulme 1.4,179,BENZIN,23,25,29,38040.00
0402,9MZ,Baltrum,Onyx GT,59,GAS,18,19,22,34080.00
0402,9O0,Baltrum,Xeno GTX,113,DIESEL,18,29,23,56400.00
0402,A03,Baltrum,Garda GT,246,BENZIN,20,27,33,66200.00
0402,AAQ,Baltrum,Onyx Avant,132,DIESEL,18,25,23,55850.00
0402,APY,Baltrum,Brise Coupé,159,BENZIN,20,32,22,39310.00
0402,AR5,Baltrum,Xeno 2.0,219,DIESEL,22,33,27,58910.00
0402,AUJ,Baltrum,Lyra 2.0,226,HYBRID,22,25,29,48960.00
0402,B0U,Baltrum,Bora Kombi,149,DIESEL,23,28,29,65350.00
0402,BG6,Baltrum,Mira,236,ELEKTRO,24,33,33,115610.00
0402,BH9,Baltrum,Wega Kombi,88,DIESEL,13,17,14,30230.00
0402,BKO,Baltrum,Onyx 2.0,55,DIESEL,12,13,12,20460.00
0402,CDS,Baltrum,Halo 2.5,99,ELEKTRO,18,21,20,37260.00
0402,CDV,Baltrum,Iskra 2.0,142,DIESEL,17,16,14,27490.00
0402,CND,Baltrum,Duna 2.0,119,HYBRID,20,12,15,48370.00
0402,CQD,Baltrum,Ibis Comfort,91,DIESEL,16,26,24,40320.00
0402,CUK,Baltrum,Xeno 2.5,54,BENZIN,15,11,15,23310.00
0402,CW1,Baltrum,Nimbus Avant,117,BENZIN,25,26,21,58370.00
0402,D75,Baltrum,Juno Prime,95,DIESEL,15,13,24,33760.00
0402,DA0,Baltrum,Eos Cross,39,BENZIN,10,10,10,16030.00
0402,DD9,Baltrum,Yuka 2.0,181,DIESEL,24,33,30,84520.00
0402,DI6,Baltrum,Iskra Kombi,71,HYBRID,16,14,17,26100.00
0402,DOH,Baltrum,Garda Avant,85,BENZIN,13,13,10,28400.00
0402,E83,Baltrum,Elan 2.5,175,ELEKTRO,22,32,28,60650.00
0402,E8T,Baltrum,Juno 1.6,110,ELEKTRO,19,17,19,23150.00
0402,EFH,Baltrum,Eos 1.2,95,ELEKTRO,13,17,13,23510.00
0402,EZ7,Baltrum,Vela 1.6,214,BENZIN,22,31,29,56210.00
0402,FPP,Baltrum,Xeno 1.4,133,HYBRID,23,18,23,45360.00
0402,G6T,Baltrum,Pika Kombi,124,BENZIN,16,17,18,25660.00
0402,GJH,Baltrum,Bora 1.6,81,ELEKTRO,12,19,20,32380.00
0402,HAY,Baltrum,Cirro GTX,252,BENZIN,25,32,34,146840.00
0402,HNI,Baltrum,Faro 2.0,158,DIESEL,21,30,29,55360.00
0402,HYX,Baltrum,Onyx GTX,113,DIESEL,18,29,33,51790.00
0402,ITP,Baltrum,Zenit 2.5,137,ELEKTRO,20,27,15,49100.00
0402,IY3,Baltrum,Rigel Prime,84,BENZIN,16,15,19,49980.00
0402,IYZ,Baltrum,Levante Avant,134,BENZIN,20,22,25,54370.00
0402,K0N,Baltrum,Pika 1.2,96,BENZIN,16,16,16,37650.00
0402,K95,Baltrum,Zenit Coupé,136,BENZIN,15,25,28,49870.00
0402,KC3,Baltrum,Mira Prime,143,BENZIN,20,23,23,51660.00
0402,KD3,Baltrum,Gale Kombi,92,BENZIN,11,24,12,19780.00
0402,KH6,Baltrum,Brise Avant,67,DIESEL,17,17,14,41170.00
0402,KS5,Baltrum,Ulme Avant,180,ELEKTRO,21,30,24,47080.00
0402,KT8,Baltrum,Cirro,116,BENZIN,17,27,22,50500.00
0402,KUQ,Baltrum,Halo 2.5,134,BENZIN,18,18,20,28610.00
0402,KW8,Baltrum,Zenit 2.5,75,BENZIN,13,12,16,42880.00
0402,KXT,Baltrum,Iskra 1.2,88,GAS,18,19,18,44400.00
0402,LB0,Baltrum,Nimbus 1.2,117,DIESEL,16,15,30,48400.00
0402,LBM,Baltrum,Elan 1.6,117,BENZIN,14,29,32,59570.00
0402,LBV,Baltrum,Zenit 1.2,281,BENZIN,21,33,32,72310.00
0402,LI5,Baltrum,Jade GT,63,ELEKTRO,12,17,14,40690.00
0402,LXV,Baltrum,Brise Cross,75,HYBRID,11,12,15,23380.00
0402,MKQ,Baltrum,Fjell 1.2,64,BENZIN,12,10,11,34660.00
0402,MYW,Baltrum,Ibis Coupé,127,BENZIN,13,16,31,30990.00
0402,NE8,Baltrum,Eos Avant,57,BENZIN,15,11,15,31010.00
0402,NKQ,Baltrum,Aeon Comfort,117,DIESEL,21,29,29,56470.00
0402,NZF,Baltrum,Cedro 2.5,125,DIESEL,18,27,27,47610.00
0402,O7O,Baltrum,Tessa GT,221,HYBRID,24,31,30,88080.00
0402,O9J,Baltrum,Faro Avant,130,BENZIN,22,27,23,57460.00
0402,P10,Baltrum,Brise Cross,70,BENZIN,12,14,14,38440.00
0402,PG7,Baltrum,Fjell Coupé,95,BENZIN,19,24,18,49430.00
0402,PRS,Baltrum,Faro 2.5,111,BENZIN,15,20,29,39780.00
0402,Q7B,Baltrum,Cirro Cross,231,DIESEL,20,18,29,36040.00
0402,QUC,Baltrum,Mira 2.5,89,BENZIN,15,24,29,63660.00
0402,QWN,Baltrum,Kobalt,41,BENZIN,10,10,11,15790.00
0402,R12,Baltrum,Faro 2.0,160,BENZIN,23,33,32,57140.00
0402,R2P,Baltrum,Mistral Cross,123,BENZIN,18,28,23,52540.00
0402,R9U,Baltrum,Rigel GTX,202,DIESEL,18,25,21,31260.00
0402,STB,Baltrum,Mistral Avant,110,HYBRID,14,21,22,32030.00
0402,SXT,Baltrum,Nova Sport,52,BENZIN,10,14,12,15970.00
0402,T5U,Baltrum,Rigel Prime,89,HYBRID,14,12,25,39700.00
0402,T6W,Baltrum,Nimbus GT,162,DIESEL,18,31,30,66310.00
0402,TRM,Baltrum,Elan Avant,96,BENZIN,15,20,22,44000.00
0402,U4V,Baltrum,Mistral Comfort,104,BENZIN,21,19,16,31880.00
0402,UC4,Baltrum,Pika GTX,38,BENZIN,10,10,11,17620.00
0402,URG,Baltrum,Pika Avant,101,DIESEL,16,15,11,31120.00
0402,UUR,Baltrum,Delta 2.5,86,DIESEL,16,17,23,34660.00
0402,VY9,Baltrum,Onyx Comfort,166,BENZIN,24,23,22,60500.00
0402,VZ6,Baltrum,Duna Kombi,143,BENZIN,14,27,23,24090.00
0402,VZE,Baltrum,Elan Comfort,97,ELEKTRO,21,16,22,44340.00
0402,W2A,Baltrum,Iskra 1.4,201,ELEKTRO,21,32,33,86940.00
0402,WDE,Baltrum,Tessa Comfort,73,HYBRID,13,13,10,37980.00
0402,WMT,Baltrum,Quest Kombi,159,GAS,24,29,30,47300.00
0402,X75,Baltrum,Kite 1.6,74,DIESEL,11,19,11,31840.00
0402,XO1,Baltrum,Garda Cross,57,BENZIN,10,17,13,32560.00
0402,Y0S,Baltrum,Horizon Kombi,173,DIESEL,23,33,24,74840.00
0402,YDF,Baltrum,Lyra 1.2,169,BENZIN,19,29,22,64770.00
0402,YFT,Baltrum,Faro 2.0,98,ELEKTRO,14,19,20,37850.00
0402,YKV,Baltrum,Brise 1.4,96,DIESEL,15,16,16,28550.00
0402,YMO,Baltrum,Tessa 1.6,77,DIESEL,11,15,14,33690.00
0402,YSM,Baltrum,Gale 2.5,62,BENZIN,12,13,10,15470.00
0402,YYQ,Baltrum,Levante,88,DIESEL,17,15,13,32300.00
0402,ZU3,Baltrum,Iskra Prime,179,ELEKTRO,24,31,31,85940.00
0402,ZUM,Baltrum,Aria Avant,137,ELEKTRO,21,29,22,62680.00
0402,ZYG,Baltrum,Xeno 1.2,90,DIESEL,16,25,25,37210.00
0701,0SE,Carnex,Aria Sport,98,DIESEL,14,27,23,53230.00
0701,4IN,Carnex,Bora Prime,138,BENZIN,19,20,25,38220.00
0701,4PE,Carnex,Aeon Comfort,112,DIESEL,18,27,28,50550.00
0701,4YC,Carnex,Cirro Kombi,362,HYBRID,25,33,33,136670.00
0701,5EU,Carnex,Mistral Prime,109,BENZIN,17,13,14,38540.00
0701,7TW,Carnex,Nova Comfort,100,ELEKTRO,14,21,21,29300.00
0701,8FY,Carnex,Aria Coupé,79,GAS,17,12,16,44300.00
0701,92Q,Carnex,Quest Avant,98,BENZIN,15,17,27,37850.00
0701,97C,Carnex,Onyx Cross,151,BENZIN,22,23,22,55870.00
0701,9DQ,Carnex,Cirro Sport,90,HYBRID,12,16,19,33960.00
0701,A70,Carnex,Aeon 1.6,199,BENZIN,24,29,26,87250.00
0701,ALB,Carnex,Eos Prime,168,BENZIN,24,21,28,60150.00
0701,C8P,Carnex,Kobalt GTX,159,ELEKTRO,20,23,33,64790.00
0701,DA7,Carnex,Kite 1.6,67,DIESEL,20,11,17,39960.00
0701,F3Q,Carnex,Quest GTX,80,HYBRID,12,11,27,20770.00
0701,FS1,Carnex,Horizon Comfort,156,ELEKTRO,20,22,27,53290.00
0701,K68,Carnex,Bora Avant,184,DIESEL,24,26,30,66640.00
0701,L2K,Carnex,Zenit 1.6,94,BENZIN,18,15,23,24770.00
0701,LYT,Carnex,Ulme Prime,104,HYBRID,15,27,23,30800.00
0701,NA3,Carnex,Kobalt Comfort,287,BENZIN,25,33,34,119630.00
0701,UPZ,Carnex,Faro Coupé,87,DIESEL,19,27,17,39640.00
0701,VHY,Carnex,Nimbus Prime,132,DIESEL,15,28,31,61780.00
0701,VJD,Carnex,Yuka 1.4,119,BENZIN,23,19,26,68890.00
0701,VLR,Carnex,Aria 2.5,193,DIESEL,25,31,29,84550.00
0701,VVO,Carnex,Nimbus GTX,71,BENZIN,11,19,23,31490.00
0701,WCF,Carnex,Aeon Coupé,190,DIESEL,25,24,34,94970.00
0701,XYU,Carnex,Tessa 2.0,48,BENZIN,10,10,12,23710.00
0944,1MB,Delvo,Levante 1.6,173,DIESEL,20,23,23,41320.00
0944,3C0,Delvo,Iskra,148,HYBRID,18,26,31,56190.00
0944,48Y,Delvo,Levante Kombi,93,ELEKTRO,18,19,24,50520.00
0944,4IF,Delvo,Aeon Avant,114,DIESEL,20,20,12,34460.00
0944,6LZ,Delvo,Bora Avant,48,DIESEL,11,13,10,14600.00
0944,70H,Delvo,Onyx Kombi,140,HYBRID,19,31,32,88860.00
0944,7SW,Delvo,Gale Comfort,66,BENZIN,10,11,14,30550.00
0944,7WZ,Delvo,Faro 2.0,88,BENZIN,13,16,18,21900.00
0944,8LR,Delvo,Eos Avant,68,BENZIN,14,12,14,25090.00
0944,8OU,Delvo,Ulme 2.0,47,HYBRID,10,15,10,24870.00
0944,905,Delvo,Duna GT,165,BENZIN,22,22,20,72450.00
0944,9HV,Delvo,Pika,73,BENZIN,14,10,13,28630.00
0944,B2K,Delvo,Mira 1.6,205,BENZIN,24,32,26,91310.00
0944,BT1,Delvo,Fjell 1.4,144,HYBRID,22,27,26,49140.00
0944,CST,Delvo,Duna Prime,69,BENZIN,11,17,14,22380.00
0944,CWX,Delvo,Cedro GTX,120,BENZIN,14,32,24,62970.00
0944,DMS,Delvo,Brise 1.6,138,BENZIN,17,30,26,50600.00
0944,EZJ,Delvo,Iskra Sport,60,DIESEL,13,11,12,24720.00
0944,F7X,Delvo,Sirio 1.4,164,HYBRID,21,20,25,44950.00
0944,FO1,Delvo,Yuka Prime,147,HYBRID,23,31,33,63520.00
0944,G4Y,Delvo,Rigel Comfort,37,DIESEL,10,10,13,25820.00
0944,GBA,Delvo,Duna Sport,123,GAS,20,20,29,45270.00
0944,GQT,Delvo,Bora Coupé,63,BENZIN,10,12,11,25250.00
0944,HWJ,Delvo,Horizon 1.2,97,BENZIN,17,14,21,28920.00
0944,JD9,Delvo,Yuka GTX,157,DIESEL,23,28,27,50290.00
0944,K29,Delvo,Horizon Comfort,208,DIESEL,21,30,29,69190.00
0944,KF0,Delvo,Lyra GT,81,BENZIN,11,16,12,26700.00
0944,L60,Delvo,Aeon GTX,113,BENZIN,20,25,24,37270.00
0944,M27,Delvo,Aeon 2.5,106,BENZIN,13,16,22,52600.00
0944,M2J,Delvo,Faro Prime,104,ELEKTRO,12,21,31,47680.00
0944,M4D,Delvo,Ibis 2.5,116,BENZIN,21,18,13,46110.00
0944,MDU,Delvo,Kite Comfort,100,DIESEL,13,17,25,27710.00
0944,MHD,Delvo,Onyx Avant,272,BENZIN,25,31,33,96390.00
0944,OAK,Delvo,Sirio Kombi,84,DIESEL,16,13,15,32460.00
0944,OGA,Delvo,Kite Sport,170,BENZIN,22,21,18,52930.00
0944,RMR,Delvo,Aria 2.0,62,BENZIN,10,13,10,13710.00
0944,RQD,Delvo,Nimbus Cross,48,BENZIN,10,10,13,16640.00
0944,TPL,Delvo,Kite 1.2,82,HYBRID,16,12,12,27500.00
0944,TUV,Delvo,Iskra 2.0,122,DIESEL,15,15,17,39650.00
0944,TZ4,Delvo,Gale Prime,228,BENZIN,24,30,31,93160.00
0944,UQU,Delvo,Elan 1.2,61,BENZIN,11,14,11,16270.00
0944,UT1,Delvo,Lyra 1.6,177,DIESEL,25,32,31,76690.00
0944,X26,Delvo,Bora 2.0,86,BENZIN,14,13,15,36350.00
0944,Y39,Delvo,Quest 1.4,94,BENZIN,22,25,23,37960.00
0944,Z1H,Delvo,Levante,162,ELEKTRO,25,29,27,73780.00
0944,ZJA,Delvo,Quest Kombi,48,DIESEL,10,15,13,29990.00
1054,066,Ebertal,Ulme,215,ELEKTRO,25,31,34,106720.00
1054,0YP,Ebertal,Delta Kombi,230,HYBRID,25,33,34,198780.00
1054,15H,Ebertal,Mira Coupé,130,HYBRID,20,29,30,50370.00
1054,1L3,Ebertal,Eos Sport,108,DIESEL,15,14,18,43550.00
1054,1PF,Ebertal,Onyx Avant,134,BENZIN,22,26,29,52270.00
1054,1TC,Ebertal,Yuka 2.5,152,HYBRID,20,23,29,56570.00
1054,1TY,Ebertal,Ibis 1.4,36,DIESEL,10,12,12,18920.00
1054,2BG,Ebertal,Halo GT,187,HYBRID,22,26,34,95860.00
1054,2EA,Ebertal,Horizon Sport,112,BENZIN,17,24,23,81280.00
1054,2L0,Ebertal,Mira Sport,143,ELEKTRO,20,27,30,44500.00
1054,2LO,Ebertal,Aria Coupé,77,BENZIN,11,11,19,35300.00
1054,300,Ebertal,Bora GT,197,ELEKTRO,24,33,34,116100.00
1054,3DU,Ebertal,Jade Kombi,84,DIESEL,14,14,21,31010.00
1054,3G6,Ebertal,Halo Avant,124,HYBRID,17,21,15,43100.00
1054,3JN,Ebertal,Levante 1.2,120,BENZIN,23,25,30,71720.00
1054,3RL,Ebertal,Aria GT,222,BENZIN,23,29,24,62770.00
1054,3UM,Ebertal,Kobalt 2.0,107,BENZIN,14,21,18,53770.00
1054,4E7,Ebertal,Aria Prime,76,BENZIN,19,17,24,39250.00
1054,4H3,Ebertal,Wega GTX,150,ELEKTRO,25,31,31,47450.00
1054,4TI,Ebertal,Pika,65,ELEKTRO,17,15,10,36140.00
1054,4WE,Ebertal,Onyx Coupé,92,BENZIN,12,12,18,26860.00
1054,5AO,Ebertal,Xeno Sport,78,BENZIN,11,22,31,58560.00
1054,68B,Ebertal,Garda 1.6,100,BENZIN,13,31,27,33040.00
1054,69H,Ebertal,Iskra Sport,186,DIESEL,17,33,27,44930.00
1054,6JV,Ebertal,Juno Kombi,156,BENZIN,22,27,19,43580.00
1054,6RR,Ebertal,Quest GT,114,ELEKTRO,15,25,19,28300.00
1054,6Y8,Ebertal,Juno 1.6,137,BENZIN,20,31,15,41540.00
1054,75D,Ebertal,Onyx 2.5,132,BENZIN,20,17,30,41370.00
1054,7BY,Ebertal,Duna Avant,79,DIESEL,11,14,12,27410.00
1054,7D0,Ebertal,Nimbus 1.4,92,DIESEL,20,22,22,54730.00
1054,7F5,Ebertal,Elan Sport,128,BENZIN,24,25,27,76910.00
1054,807,Ebertal,Bora Cross,124,HYBRID,17,13,23,30540.00
1054,8HJ,Ebertal,Eos Kombi,56,BENZIN,11,17,14,29080.00
1054,8NL,Ebertal,Juno GT,112,BENZIN,16,14,18,32750.00
1054,8W1,Ebertal,Delta 1.2,119,HYBRID,12,17,16,29290.00
1054,9QB,Ebertal,Cedro GTX,141,BENZIN,18,21,20,48640.00
1054,9T1,Ebertal,Xeno 1.2,92,DIESEL,18,12,22,40620.00
1054,A30,Ebertal,Aeon 1.6,103,DIESEL,17,15,25,26860.00
1054,ANL,Ebertal,Bora Cross,118,DIESEL,16,19,12,23330.00
1054,AW7,Ebertal,Eos Avant,40,DIESEL,10,10,10,17980.00
1054,BBS,Ebertal,Garda Coupé,103,GAS,15,22,22,28030.00
1054,BL6,Ebertal,Juno Avant,105,ELEKTRO,15,23,26,40320.00
1054,BRZ,Ebertal,Pika 2.5,110,DIESEL,20,21,23,43690.00
1054,BTN,Ebertal,Halo Comfort,164,ELEKTRO,22,28,26,56050.00
1054,BUE,Ebertal,Ulme 1.2,108,DIESEL,19,20,20,28290.00
1054,BZX,Ebertal,Levante 1.4,120,ELEKTRO,20,16,13,40910.00
1054,C70,Ebertal,Rigel Cross,191,ELEKTRO,24,24,32,63510.00
1054,CFO,Ebertal,Xeno Sport,179,ELEKTRO,20,28,21,38360.00
1054,CQZ,Ebertal,Iskra Avant,103,BENZIN,21,30,32,56190.00
1054,CSX,Ebertal,Duna 2.5,111,DIESEL,16,20,19,50530.00
1054,D5M,Ebertal,Delta GT,52,DIESEL,11,11,15,27110.00
1054,DZA,Ebertal,Nimbus 2.5,460,HYBRID,25,33,34,148910.00
1054,FGK,Ebertal,Aria,208,ELEKTRO,24,29,33,82440.00
1054,FWD,Ebertal,Sirio GTX,179,ELEKTRO,20,28,25,46970.00
1054,G2F,Ebertal,Levante 1.6,83,BENZIN,16,12,18,50910.00
1054,G4D,Ebertal,Mistral Avant,179,BENZIN,25,29,28,73240.00
1054,G4W,Ebertal,Yuka Kombi,100,DIESEL,15,14,11,25210.00
1054,HLO,Ebertal,Tessa Coupé,170,BENZIN,21,19,22,40780.00
1054,HU7,Ebertal,Ibis Cross,219,BENZIN,25,33,32,80500.00
1054,I4K,Ebertal,Nimbus GTX,135,DIESEL,20,27,27,50670.00
1054,IBS,Ebertal,Eos 1.2,175,HYBRID,16,30,20,34510.00
1054,IEO,Ebertal,Bora 2.0,140,BENZIN,21,22,24,61410.00
1054,IOM,Ebertal,Halo 1.6,137,HYBRID,19,19,28,32220.00
1054,J5N,Ebertal,Kobalt GT,125,DIESEL,20,17,27,37140.00
1054,JLA,Ebertal,Kobalt Avant,88,DIESEL,18,17,30,42960.00
1054,JVD,Ebertal,Sirio Avant,117,BENZIN,22,25,25,52990.00
1054,JYY,Ebertal,Quest Sport,82,DIESEL,12,22,19,40050.00
1054,KOD,Ebertal,Pika Kombi,139,HYBRID,15,23,20,42380.00
1054,L41,Ebertal,Lyra,149,BENZIN,19,20,31,66250.00
1054,L81,Ebertal,Gale 2.0,86,GAS,14,22,26,70840.00
1054,LAV,Ebertal,Duna Kombi,112,BENZIN,16,26,28,45390.00
1054,LD4,Ebertal,Faro 2.5,74,BENZIN,11,19,24,31190.00
1054,LGU,Ebertal,Elan 1.2,89,ELEKTRO,14,25,23,44310.00
1054,LSD,Ebertal,Mistral GT,65,HYBRID,12,10,11,21500.00
1054,LT1,Ebertal,Iskra Prime,152,BENZIN,23,31,29,74740.00
1054,M8Q,Ebertal,Bora GT,106,BENZIN,20,15,22,43520.00
1054,MEB,Ebertal,Rigel,153,DIESEL,16,25,16,31310.00
1054,MFZ,Ebertal,Ibis Sport,198,BENZIN,23,31,29,57240.00
1054,MGD,Ebertal,Sirio 1.6,40,GAS,10,10,10,17940.00
1054,MNA,Ebertal,Mira Cross,111,DIESEL,18,22,32,49090.00
1054,MOC,Ebertal,Quest Sport,103,HYBRID,12,14,18,25620.00
1054,N6M,Ebertal,Pika Sport,112,DIESEL,19,22,14,33220.00
1054,N7S,Ebertal,Aria 2.5,133,BENZIN,11,30,19,37910.00
1054,NI4,Ebertal,Levante Cross,70,BENZIN,12,20,23,40500.00
1054,O2L,Ebertal,Delta GTX,107,BENZIN,19,26,16,42360.00
1054,O9V,Ebertal,Juno Comfort,137,ELEKTRO,15,16,15,33640.00
1054,OKV,Ebertal,Nimbus Avant,125,BENZIN,11,27,24,42820.00
1054,P1J,Ebertal,Onyx Cross,120,DIESEL,14,25,29,48260.00
1054,P68,Ebertal,Bora Cross,155,HYBRID,18,33,28,48030.00
1054,PAD,Ebertal,Horizon 1.2,235,HYBRID,24,32,30,75460.00
1054,PHX,Ebertal,Ibis 1.4,154,DIESEL,21,30,27,66740.00
1054,PQB,Ebertal,Elan 1.2,62,BENZIN,20,15,16,34380.00
1054,PX8,Ebertal,Jade 1.2,35,GAS,10,10,11,18550.00
1054,QMG,Ebertal,Vela 1.2,80,BENZIN,21,19,17,43650.00
1054,QRR,Ebertal,Lyra 1.2,68,BENZIN,14,12,16,45560.00
1054,RD4,Ebertal,Cirro Kombi,87,BENZIN,12,24,17,28680.00
1054,RH6,Ebertal,Vela GTX,59,DIESEL,11,10,10,19920.00
1054,RK3,Ebertal,Cedro Comfort,44,BENZIN,10,11,10,15040.00
1054,S87,Ebertal,Mira 1.2,90,DIESEL,14,22,18,45220.00
1054,SA3,Ebertal,Mira Comfort,68,BENZIN,11,11,12,23630.00
1054,SJS,Ebertal,Nimbus GT,182,HYBRID,25,33,32,101340.00
1054,SUY,Ebertal,Eos GTX,130,BENZIN,21,25,30,59300.00
1054,SYF,Ebertal,Aria GTX,90,DIESEL,22,26,21,60580.00
1054,T5A,Ebertal,Xeno Comfort,117,BENZIN,20,14,24,36500.00
1054,TBQ,Ebertal,Elan,82,BENZIN,10,14,20,31720.00
1054,TJF,Ebertal,Vela Cross,140,DIESEL,15,28,16,39680.00
1054,TZ2,Ebertal,Elan GTX,64,BENZIN,10,12,10,18220.00
1054,U3A,Ebertal,Zenit Sport,146,DIESEL,15,28,24,45490.00
1054,UXG,Ebertal,Xeno Comfort,87,ELEKTRO,14,16,18,25920.00
1054,UY5,Ebertal,Duna Coupé,148,HYBRID,21,17,33,52130.00
1054,VAP,Ebertal,Nimbus GT,45,DIESEL,10,10,10,10970.00
1054,VBU,Ebertal,Horizon GTX,48,GAS,10,15,11,29480.00
1054,VNT,Ebertal,Lyra Avant,159,HYBRID,22,32,29,52470.00
1054,VOA,Ebertal,Vela 1.6,150,ELEKTRO,16,20,25,35670.00
1054,WCZ,Ebertal,Mistral,135,DIESEL,14,21,20,38490.00
1054,X2K,Ebertal,Quest 2.0,176,DIESEL,23,24,33,56860.00
1054,X6A,Ebertal,Nova GTX,135,DIESEL,21,33,20,52160.00
1054,X74,Ebertal,Pika 1.2,141,BENZIN,18,30,34,89100.00
1054,X9J,Ebertal,Onyx 1.2,57,DIESEL,10,17,12,20210.00
1054,XVW,Ebertal,Vela 1.6,77,BENZIN,16,18,20,50820.00
1054,XZF,Ebertal,Iskra Avant,65,BENZIN,14,16,20,41340.00
1054,YQ5,Ebertal,Quest Cross,45,BENZIN,10,12,10,19780.00
1054,YRE,Ebertal,Aria Avant,123,DIESEL,23,31,33,96910.00
1054,Z4M,Ebertal,Tessa 1.2,238,ELEKTRO,25,32,33,111220.00
1054,ZH1,Ebertal,Elan GT,89,BENZIN,16,17,32,43070.00
1054,ZIU,Ebertal,Juno 2.5,87,BENZIN,21,22,25,41470.00
1054,ZWR,Ebertal,Quest 2.5,103,BENZIN,17,24,17,39260.00
1124,3E8,Falkor,Xeno Avant,79,HYBRID,20,17,20,28740.00
1124,4B9,Falkor,Brise Kombi,61,BENZIN,11,17,10,20780.00
1124,50K,Falkor,Kobalt 2.5,82,BENZIN,16,20,16,32130.00
1124,5ER,Falkor,Levante Avant,91,HYBRID,20,24,25,39330.00
1124,5Q6,Falkor,Juno GTX,103,HYBRID,20,17,25,42900.00
1124,66Z,Falkor,Aria 1.2,83,GAS,12,12,12,21590.00
1124,6R7,Falkor,Eos 2.0,162,ELEKTRO,23,29,33,57550.00
1124,819,Falkor,Garda 2.0,214,DIESEL,25,27,33,52470.00
1124,AX2,Falkor,Kobalt,76,BENZIN,15,15,26,43970.00
1124,B9H,Falkor,Garda GTX,139,ELEKTRO,20,26,34,72000.00
1124,BUQ,Falkor,Sirio 2.0,85,DIESEL,11,17,15,34980.00
1124,BVA,Falkor,Zenit GT,184,GAS,21,31,32,47740.00
1124,DK8,Falkor,Horizon 2.0,107,BENZIN,20,19,26,50870.00
1124,HZG,Falkor,Aeon 1.4,81,BENZIN,20,14,18,29600.00
1124,I27,Falkor,Mira,61,BENZIN,13,11,13,25680.00
1124,IEB,Falkor,Garda 1.4,56,BENZIN,12,15,13,43180.00
1124,IVB,Falkor,Elan 1.4,82,DIESEL,17,20,26,36970.00
1124,J4B,Falkor,Jade,158,ELEKTRO,21,29,33,74270.00
1124,K7W,Falkor,Juno Prime,224,BENZIN,20,28,33,76160.00
1124,LHI,Falkor,Cirro Comfort,69,ELEKTRO,15,17,14,25230.00
1124,N31,Falkor,Vela 1.4,93,DIESEL,20,19,21,47220.00
1124,O44,Falkor,Eos Kombi,181,DIESEL,15,28,31,53750.00
1124,Q40,Falkor,Nimbus GT,49,BENZIN,10,10,11,11810.00
1124,R9H,Falkor,Lyra Sport,163,BENZIN,22,31,32,59070.00
1124,S62,Falkor,Aria GTX,72,DIESEL,13,22,22,39390.00
1124,S9X,Falkor,Gale Comfort,43,BENZIN,10,10,10,10000.00
1124,WX1,Falkor,Juno 2.5,59,BENZIN,13,11,12,23320.00
1124,X9B,Falkor,Elan 1.6,105,DIESEL,19,21,23,43230.00
1124,ZTW,Falkor,Gale,137,HYBRID,15,28,31,50110.00
1182,0EX,Grimmwerk,Nimbus 2.5,73,BENZIN,11,20,12,21440.00
1182,0N2,Grimmwerk,Horizon 1.2,115,ELEKTRO,16,18,28,34110.00
1182,125,Grimmwerk,Yuka Prime,80,DIESEL,17,19,16,42960.00
1182,13Y,Grimmwerk,Onyx 1.4,90,BENZIN,16,20,13,35370.00
1182,1C7,Grimmwerk,Zenit,77,BENZIN,15,11,20,36040.00
1182,1I2,Grimmwerk,Cedro Comfort,92,BENZIN,14,15,12,26120.00
1182,20Q,Grimmwerk,Bora Kombi,99,BENZIN,15,18,27,40810.00
1182,2CS,Grimmwerk,Aeon 1.2,71,GAS,11,15,17,24610.00
1182,2J1,Grimmwerk,Nova 2.0,71,DIESEL,11,13,25,31980.00
1182,2M6,Grimmwerk,Wega GT,166,HYBRID,23,21,29,71980.00
1182,2RL,Grimmwerk,Nova Coupé,119,BENZIN,15,21,24,35870.00
1182,2VC,Grimmwerk,Quest 1.6,115,ELEKTRO,24,27,25,41570.00
1182,37R,Grimmwerk,Kobalt 1.6,120,BENZIN,11,21,11,42000.00
1182,3NB,Grimmwerk,Tessa Cross,163,BENZIN,19,25,32,59620.00
1182,3XM,Grimmwerk,Fjell Sport,162,BENZIN,18,22,34,37230.00
1182,506,Grimmwerk,Eos 2.5,61,DIESEL,13,13,14,51090.00
1182,532,Grimmwerk,Yuka 1.2,85,DIESEL,16,15,18,30720.00
1182,5HC,Grimmwerk,Fjell 1.6,136,HYBRID,22,21,29,48720.00
1182,5NJ,Grimmwerk,Aeon GTX,108,ELEKTRO,20,27,21,63660.00
1182,5O5,Grimmwerk,Aria Coupé,94,ELEKTRO,16,18,20,61310.00
1182,5SQ,Grimmwerk,Tessa 1.2,123,BENZIN,16,22,18,51960.00
1182,5TE,Grimmwerk,Juno 1.6,140,DIESEL,23,27,13,47140.00
1182,6M6,Grimmwerk,Eos 1.6,71,DIESEL,12,14,17,26610.00
1182,798,Grimmwerk,Mistral Prime,110,DIESEL,14,13,18,27750.00
1182,7KS,Grimmwerk,Jade Sport,103,BENZIN,13,17,32,58900.00
1182,8HU,Grimmwerk,Pika 1.4,55,ELEKTRO,12,10,12,24400.00
1182,9GL,Grimmwerk,Onyx Cross,165,BENZIN,21,27,27,60540.00
1182,A7D,Grimmwerk,Iskra Kombi,165,BENZIN,22,17,20,51570.00
1182,AK3,Grimmwerk,Iskra GTX,173,DIESEL,25,32,32,94670.00
1182,D1F,Grimmwerk,Horizon 1.6,104,BENZIN,20,17,16,31510.00
1182,F1S,Grimmwerk,Delta GTX,120,BENZIN,20,17,22,61630.00
1182,FJX,Grimmwerk,Wega GTX,133,BENZIN,12,23,23,35550.00
1182,FX8,Grimmwerk,Cirro,73,DIESEL,16,14,13,38450.00
1182,FXK,Grimmwerk,Cedro GT,195,ELEKTRO,24,33,22,72310.00
1182,H83,Grimmwerk,Kite Avant,86,ELEKTRO,12,21,14,52350.00
1182,I09,Grimmwerk,Wega GTX,156,DIESEL,17,24,28,44200.00
1182,IDE,Grimmwerk,Quest 1.6,110,BENZIN,19,23,16,36770.00
1182,IVQ,Grimmwerk,Delta Prime,247,DIESEL,19,29,33,61170.00
1182,K1R,Grimmwerk,Delta Avant,91,BENZIN,15,11,15,18790.00
1182,KBS,Grimmwerk,Wega Avant,122,DIESEL,19,21,17,36610.00
1182,L53,Grimmwerk,Aeon Prime,118,DIESEL,16,29,20,38290.00
1182,LSD,Grimmwerk,Eos 1.4,174,HYBRID,15,27,25,38300.00
1182,M27,Grimmwerk,Levante Cross,162,BENZIN,20,30,18,57920.00
1182,MOI,Grimmwerk,Xeno GTX,155,ELEKTRO,21,28,22,36500.00
1182,N8U,Grimmwerk,Bora Kombi,204,BENZIN,19,27,27,62800.00
1182,NAH,Grimmwerk,Nimbus Cross,75,BENZIN,13,13,15,26970.00
1182,NBZ,Grimmwerk,Pika GTX,98,GAS,18,28,27,44220.00
1182,NDR,Grimmwerk,Levante 1.2,88,BENZIN,16,13,31,46880.00
1182,O1Q,Grimmwerk,Quest Sport,74,DIESEL,11,14,14,21760.00
1182,O1R,Grimmwerk,Nova Comfort,112,DIESEL,12,24,19,41260.00
1182,OSL,Grimmwerk,Zenit,105,GAS,22,23,30,60000.00
1182,Q6U,Grimmwerk,Ulme Cross,80,BENZIN,12,12,14,22280.00
1182,Q8V,Grimmwerk,Cirro 2.5,110,DIESEL,15,17,28,35220.00
1182,QMG,Grimmwerk,Aeon GT,163,BENZIN,16,24,27,52980.00
1182,QQD,Grimmwerk,Halo Comfort,215,BENZIN,24,31,30,86060.00
1182,R4A,Grimmwerk,Lyra 1.2,279,HYBRID,25,28,28,81370.00
1182,RGB,Grimmwerk,Brise Kombi,155,BENZIN,21,24,19,47970.00
1182,RTY,Grimmwerk,Tessa Comfort,212,BENZIN,25,33,22,107610.00
1182,RU6,Grimmwerk,Cirro 1.6,72,BENZIN,11,18,17,23980.00
1182,S5H,Grimmwerk,Iskra GT,48,ELEKTRO,10,12,11,27710.00
1182,S6S,Grimmwerk,Delta,110,BENZIN,15,20,20,36640.00
1182,S7Z,Grimmwerk,Horizon 1.6,200,DIESEL,22,30,31,94760.00
1182,SM1,Grimmwerk,Vela Prime,112,DIESEL,15,17,12,24850.00
1182,SP4,Grimmwerk,Vela Kombi,171,HYBRID,22,30,31,84940.00
1182,SYH,Grimmwerk,Levante Avant,125,BENZIN,16,22,24,35410.00
1182,T7M,Grimmwerk,Fjell 2.0,100,ELEKTRO,15,19,23,39270.00
1182,UN6,Grimmwerk,Nimbus 1.2,70,DIESEL,11,19,19,36010.00
1182,UU0,Grimmwerk,Eos GTX,94,BENZIN,18,21,19,39990.00
1182,UVZ,Grimmwerk,Delta GTX,52,BENZIN,10,12,12,18200.00
1182,V0O,Grimmwerk,Cedro 2.5,124,HYBRID,15,29,30,76460.00
1182,V25,Grimmwerk,Elan GTX,167,HYBRID,22,28,31,68130.00
1182,V7R,Grimmwerk,Aeon GTX,189,DIESEL,24,31,30,91740.00
1182,VUU,Grimmwerk,Cirro Coupé,82,BENZIN,11,16,16,28320.00
1182,W9V,Grimmwerk,Garda Coupé,199,HYBRID,25,32,34,89910.00
1182,XJP,Grimmwerk,Sirio 2.5,364,HYBRID,24,33,33,116220.00
1182,XMA,Grimmwerk,Vela 2.0,188,DIESEL,22,33,30,79720.00
1182,YCR,Grimmwerk,Juno GT,188,HYBRID,23,29,27,75400.00
1182,Z1Z,Grimmwerk,Brise Prime,89,BENZIN,16,24,13,61400.00
1182,Z9D,Grimmwerk,Ulme Avant,157,BENZIN,21,31,33,79040.00
1182,ZGQ,Grimmwerk,Juno 1.4,79,BENZIN,14,12,13,27410.00
1274,1B9,Hanselt,Lyra 1.6,86,DIESEL,12,17,13,35300.00
1274,1GG,Hanselt,Delta Prime,143,BENZIN,21,25,29,63380.00
1274,1MZ,Hanselt,Aeon 2.0,135,ELEKTRO,23,17,14,19430.00
1274,1YM,Hanselt,Duna Comfort,148,BENZIN,16,26,25,32170.00
1274,2B2,Hanselt,Duna,95,DIESEL,17,21,30,52800.00
1274,2OF,Hanselt,Gale GT,110,BENZIN,11,20,13,19580.00
1274,2PE,Hanselt,Cirro 1.6,90,BENZIN,14,16,20,54060.00
1274,2Z2,Hanselt,Aria 2.0,282,ELEKTRO,25,31,32,79040.00
1274,341,Hanselt,Pika Avant,110,BENZIN,18,13,26,42070.00
1274,3BR,Hanselt,Garda Avant,85,DIESEL,20,14,19,50000.00
1274,3MW,Hanselt,Yuka Comfort,210,HYBRID,25,33,34,108970.00
1274,3VO,Hanselt,Garda Coupé,73,DIESEL,11,13,17,36430.00
1274,3XF,Hanselt,Faro Coupé,104,BENZIN,24,21,31,77020.00
1274,44N,Hanselt,Levante Cross,152,BENZIN,19,16,19,28140.00
1274,4IQ,Hanselt,Juno 1.4,154,HYBRID,17,25,20,51610.00
1274,571,Hanselt,Faro 1.6,246,HYBRID,22,30,29,83040.00
1274,5ED,Hanselt,Jade Comfort,188,ELEKTRO,17,30,28,72380.00
1274,5EF,Hanselt,Iskra GTX,126,BENZIN,14,19,19,46280.00
1274,61R,Hanselt,Halo GTX,402,BENZIN,23,33,34,95420.00
1274,6AS,Hanselt,Cedro Coupé,80,DIESEL,12,16,16,22030.00
1274,6LD,Hanselt,Garda 1.4,143,BENZIN,24,23,19,42720.00
1274,6UD,Hanselt,Halo,63,BENZIN,16,18,13,41260.00
1274,771,Hanselt,Bora Coupé,177,DIESEL,23,26,28,44730.00
1274,7EY,Hanselt,Jade 1.4,104,BENZIN,19,21,27,37250.00
1274,83I,Hanselt,Horizon Avant,97,DIESEL,13,28,11,27900.00
1274,894,Hanselt,Yuka Sport,75,DIESEL,20,20,13,37520.00
1274,8EZ,Hanselt,Nimbus 2.5,164,HYBRID,15,23,26,46330.00
1274,8KT,Hanselt,Levante,58,DIESEL,17,17,15,30980.00
1274,AB2,Hanselt,Onyx Avant,123,BENZIN,19,26,23,41270.00
1274,AC4,Hanselt,Mistral 1.6,139,BENZIN,21,27,29,71010.00
1274,AFK,Hanselt,Kite 2.5,168,DIESEL,20,27,29,45290.00
1274,AJW,Hanselt,Lyra Comfort,110,DIESEL,17,26,20,47250.00
1274,AS7,Hanselt,Jade 2.0,172,ELEKTRO,22,32,32,58080.00
1274,BI6,Hanselt,Elan Sport,270,HYBRID,25,33,34,127140.00
1274,BI7,Hanselt,Kobalt 1.4,57,BENZIN,15,12,11,24110.00
1274,BMT,Hanselt,Sirio Sport,80,BENZIN,15,22,14,27580.00
1274,BRZ,Hanselt,Tessa 1.4,93,DIESEL,23,26,14,48520.00
1274,BYN,Hanselt,Ulme 2.5,113,GAS,11,22,25,47440.00
1274,C9S,Hanselt,Ibis Kombi,85,DIESEL,17,22,12,32210.00
1274,CKG,Hanselt,Duna 1.6,116,BENZIN,16,25,30,50680.00
1274,CUT,Hanselt,Aeon 1.2,96,ELEKTRO,16,21,23,37590.00
1274,CZ5,Hanselt,Aria 1.2,74,HYBRID,14,20,17,35240.00
1274,DCG,Hanselt,Ulme Cross,284,BENZIN,25,33,34,143460.00
1274,DFB,Hanselt,Garda 2.0,88,DIESEL,15,18,17,36590.00
1274,DJR,Hanselt,Mistral 2.0,162,ELEKTRO,24,28,32,44480.00
1274,DU8,Hanselt,Delta Cross,135,BENZIN,24,20,22,41430.00
1274,DW3,Hanselt,Quest 1.4,130,DIESEL,22,32,24,69510.00
1274,E8G,Hanselt,Aria Coupé,99,BENZIN,16,23,30,41180.00
1274,EB9,Hanselt,Mistral 1.6,260,HYBRID,21,33,29,57990.00
1274,EC1,Hanselt,Horizon,60,DIESEL,10,18,11,23140.00
1274,EHK,Hanselt,Bora GTX,79,BENZIN,12,16,13,31670.00
1274,EIV,Hanselt,Eos 2.5,78,HYBRID,14,26,23,31420.00
1274,EOQ,Hanselt,Levante Cross,113,DIESEL,22,21,24,55140.00
1274,ESG,Hanselt,Horizon GT,79,HYBRID,13,11,17,22300.00
1274,EVB,Hanselt,Horizon Avant,138,BENZIN,24,33,31,65040.00
1274,FV6,Hanselt,Ulme Avant,128,BENZIN,18,27,14,48380.00
1274,GHC,Hanselt,Horizon Avant,77,BENZIN,10,13,12,18960.00
1274,GLH,Hanselt,Mira Comfort,109,DIESEL,17,16,33,38350.00
1274,GNW,Hanselt,Faro 1.2,161,DIESEL,17,25,30,61300.00
1274,H4G,Hanselt,Faro Sport,138,BENZIN,17,22,20,40010.00
1274,HOS,Hanselt,Aria Sport,97,HYBRID,21,25,28,56470.00
1274,HR0,Hanselt,Jade Coupé,118,BENZIN,21,24,29,63520.00
1274,HRO,Hanselt,Eos Avant,76,BENZIN,11,13,10,23050.00
1274,I21,Hanselt,Rigel 2.5,57,BENZIN,17,16,16,32520.00
1274,IBH,Hanselt,Halo Kombi,161,BENZIN,25,31,31,64800.00
1274,JAL,Hanselt,Lyra GT,83,ELEKTRO,16,10,17,33660.00
1274,JCZ,Hanselt,Xeno GTX,57,BENZIN,10,10,12,25030.00
1274,JEU,Hanselt,Eos 2.0,162,HYBRID,24,32,30,49450.00
1274,JSQ,Hanselt,Xeno Avant,131,BENZIN,21,21,20,44630.00
1274,K17,Hanselt,Fjell Coupé,71,BENZIN,10,15,13,39980.00
1274,K8U,Hanselt,Duna 2.5,177,BENZIN,24,25,28,52160.00
1274,KZP,Hanselt,Garda Kombi,161,BENZIN,19,22,22,50650.00
1274,LAH,Hanselt,Aria Comfort,78,DIESEL,13,20,22,39080.00
1274,LCG,Hanselt,Zenit,74,DIESEL,21,17,17,45300.00
1274,LN6,Hanselt,Aeon GT,80,BENZIN,13,12,19,31670.00
1274,LQJ,Hanselt,Jade Kombi,54,GAS,12,10,13,16290.00
1274,LWO,Hanselt,Garda 1.4,181,HYBRID,24,31,33,63590.00
1274,M5U,Hanselt,Bora Prime,154,BENZIN,18,18,24,48380.00
1274,MBN,Hanselt,Delta Sport,71,BENZIN,11,13,14,30100.00
1274,MJ8,Hanselt,Cedro Avant,134,BENZIN,23,24,24,39630.00
1274,MUA,Hanselt,Faro GT,128,DIESEL,18,27,20,38620.00
1274,MW0,Hanselt,Aeon 1.2,131,DIESEL,22,21,21,47730.00
1274,MX7,Hanselt,Nimbus Kombi,172,HYBRID,25,33,34,86340.00
1274,N2C,Hanselt,Ibis GTX,150,BENZIN,19,14,26,47100.00
1274,NIA,Hanselt,Duna 1.6,116,HYBRID,17,20,25,40760.00
1274,NQQ,Hanselt,Tessa Avant,129,BENZIN,22,18,29,42040.00
1274,NRN,Hanselt,Faro GTX,278,BENZIN,22,33,33,66270.00
1274,NRV,Hanselt,Aria 2.5,129,BENZIN,18,17,17,61110.00
1274,O4N,Hanselt,Mistral Cross,43,DIESEL,10,11,10,12130.00
1274,O63,Hanselt,Delta Kombi,153,BENZIN,19,26,21,36040.00
1274,O96,Hanselt,Jade 1.2,67,ELEKTRO,17,19,12,31160.00
1274,OQ9,Hanselt,Pika GT,105,ELEKTRO,16,18,30,59170.00
1274,PAN,Hanselt,Faro Avant,82,ELEKTRO,13,14,26,31590.00
1274,PGB,Hanselt,Jade Kombi,226,DIESEL,24,30,33,104470.00
1274,PHB,Hanselt,Fjell Prime,87,ELEKTRO,11,19,10,24700.00
1274,Q6H,Hanselt,Aria 1.6,148,BENZIN,25,28,22,40790.00
1274,R01,Hanselt,Juno 1.4,118,DIESEL,18,14,12,25560.00
1274,R4C,Hanselt,Horizon Comfort,79,GAS,12,23,25,41600.00
1274,R6Z,Hanselt,Jade Coupé,139,BENZIN,24,18,17,37880.00
1274,REH,Hanselt,Gale 2.0,158,ELEKTRO,16,30,24,67370.00
1274,RGF,Hanselt,Tessa 1.2,115,BENZIN,17,24,21,62510.00
1274,RGU,Hanselt,Halo Prime,167,DIESEL,25,30,28,75070.00
1274,RP6,Hanselt,Halo Cross,290,GAS,24,33,34,165730.00
1274,SFA,Hanselt,Sirio Avant,187,ELEKTRO,25,30,33,110120.00
1274,SJB,Hanselt,Zenit Comfort,135,BENZIN,19,22,29,44740.00
1274,T8F,Hanselt,Lyra Kombi,73,BENZIN,12,11,15,27350.00
1274,T9X,Hanselt,Gale GTX,132,BENZIN,23,17,25,53900.00
1274,U4Q,Hanselt,Eos 1.2,70,ELEKTRO,12,11,17,28130.00
1274,U7L,Hanselt,Bora 1.4,78,DIESEL,16,11,14,20640.00
1274,UD1,Hanselt,Tessa GT,81,DIESEL,12,12,11,26860.00
1274,URV,Hanselt,Kite 1.2,119,BENZIN,19,13,26,42980.00
1274,V8N,Hanselt,Aeon Comfort,90,DIESEL,11,27,21,47660.00
1274,VAX,Hanselt,Faro 2.0,84,DIESEL,12,14,16,33820.00
1274,VNI,Hanselt,Jade Kombi,93,HYBRID,22,19,15,31080.00
1274,VWA,Hanselt,Aeon Prime,223,HYBRID,23,33,33,87190.00
1274,W25,Hanselt,Rigel Avant,80,BENZIN,14,11,13,33050.00
1274,WAG,Hanselt,Rigel 2.0,259,BENZIN,25,33,34,157680.00
1274,WAH,Hanselt,Bora 2.0,170,BENZIN,14,32,24,51660.00
1274,WC3,Hanselt,Fjell 2.0,89,DIESEL,13,20,28,34430.00
1274,WIZ,Hanselt,Pika 1.4,81,DIESEL,12,19,12,32560.00
1274,WK9,Hanselt,Rigel 2.5,224,BENZIN,25,32,34,109310.00
1274,WRM,Hanselt,Horizon Sport,72,DIESEL,13,19,15,32510.00
1274,XED,Hanselt,Cirro GT,106,BENZIN,20,17,18,35510.00
1274,XNB,Hanselt,Pika 1.2,114,BENZIN,21,21,19,42800.00
1274,XS3,Hanselt,Pika 1.4,116,ELEKTRO,19,25,28,84290.00
1274,YBR,Hanselt,Mira 2.0,68,BENZIN,18,21,21,51790.00
1274,YFH,Hanselt,Eos 1.6,55,BENZIN,12,15,13,30400.00
1274,YGH,Hanselt,Bora Prime,108,HYBRID,20,18,23,47490.00
1274,Z9G,Hanselt,Zenit GTX,167,BENZIN,16,29,25,43490.00
1654,0WS,Ivarn,Ibis 1.6,143,BENZIN,15,28,29,61390.00
1654,1SZ,Ivarn,Tessa,100,DIESEL,19,25,26,51610.00
1654,6WB,Ivarn,Fjell,200,BENZIN,24,27,30,84310.00
1654,73C,Ivarn,Mira Prime,73,DIESEL,12,25,17,41450.00
1654,73S,Ivarn,Cedro 1.6,122,BENZIN,17,19,28,37510.00
1654,7A6,Ivarn,Pika Cross,87,HYBRID,15,21,28,55290.00
1654,8MV,Ivarn,Aria GT,137,HYBRID,19,21,18,36040.00
1654,AI2,Ivarn,Rigel 1.4,95,HYBRID,12,15,20,32410.00
1654,AIY,Ivarn,Vela 1.4,107,ELEKTRO,19,27,17,45940.00
1654,BT2,Ivarn,Horizon Comfort,66,BENZIN,13,11,10,35170.00
1654,FWQ,Ivarn,Wega Sport,89,BENZIN,15,17,11,27910.00
1654,GG1,Ivarn,Ulme Avant,62,DIESEL,14,13,12,19100.00
1654,H1M,Ivarn,Horizon Comfort,113,BENZIN,22,28,23,54940.00
1654,OGT,Ivarn,Aeon Prime,134,BENZIN,18,16,28,74930.00
1654,P8V,Ivarn,Sirio Sport,86,BENZIN,17,21,19,45060.00
1654,W2D,Ivarn,Nimbus 1.4,81,HYBRID,16,17,14,29610.00
1654,XA6,Ivarn,Pika Comfort,111,DIESEL,14,16,30,49610.00
1654,YW5,Ivarn,Cedro 2.0,137,GAS,18,20,19,36230.00
1699,06Y,Jarnvik,Cirro 1.2,88,DIESEL,19,26,17,31960.00
1699,0C2,Jarnvik,Halo Coupé,154,HYBRID,23,18,34,80210.00
1699,0O5,Jarnvik,Elan GTX,100,BENZIN,21,17,14,26920.00
1699,0O6,Jarnvik,Xeno Comfort,95,BENZIN,18,12,26,28410.00
1699,0SD,Jarnvik,Tessa 1.6,94,ELEKTRO,12,14,12,20920.00
1699,13D,Jarnvik,Tessa Kombi,262,BENZIN,25,33,33,110470.00
1699,17C,Jarnvik,Vela Comfort,244,HYBRID,25,33,33,74080.00
1699,188,Jarnvik,Onyx 2.5,113,ELEKTRO,16,20,23,46640.00
1699,1AP,Jarnvik,Onyx 1.2,84,BENZIN,11,17,19,37870.00
1699,1DH,Jarnvik,Eos 1.2,173,BENZIN,25,29,28,56990.00
1699,1EF,Jarnvik,Horizon,163,BENZIN,21,26,32,40520.00
1699,1JF,Jarnvik,Lyra Cross,80,ELEKTRO,14,14,13,30040.00
1699,1K0,Jarnvik,Halo Kombi,68,BENZIN,10,17,19,26490.00
1699,21U,Jarnvik,Faro GTX,281,ELEKTRO,25,33,34,113580.00
1699,28Z,Jarnvik,Quest Cross,81,BENZIN,13,25,17,37110.00
1699,2PH,Jarnvik,Cirro Comfort,77,DIESEL,13,11,13,28060.00
1699,2Q4,Jarnvik,Aria Kombi,72,BENZIN,10,17,21,24870.00
1699,37E,Jarnvik,Iskra Avant,99,HYBRID,20,18,19,46130.00
1699,38E,Jarnvik,Onyx Cross,157,DIESEL,24,26,25,57220.00
1699,3D0,Jarnvik,Wega Sport,70,BENZIN,12,21,20,40920.00
1699,3TU,Jarnvik,Onyx Cross,91,DIESEL,13,18,17,28430.00
1699,43L,Jarnvik,Sirio Coupé,114,BENZIN,20,30,22,81150.00
1699,495,Jarnvik,Nimbus 1.4,89,DIESEL,12,17,17,27970.00
1699,4GF,Jarnvik,Pika GT,73,DIESEL,11,17,15,28780.00
1699,4MH,Jarnvik,Sirio 2.0,117,BENZIN,21,16,26,35950.00
1699,54U,Jarnvik,Sirio 1.2,174,DIESEL,24,30,31,66570.00
1699,59U,Jarnvik,Nova Kombi,56,DIESEL,11,11,15,22150.00
1699,5KU,Jarnvik,Elan,143,BENZIN,16,23,26,56160.00
1699,5P0,Jarnvik,Nimbus Sport,69,ELEKTRO,12,18,12,23040.00
1699,5R4,Jarnvik,Lyra 2.0,152,BENZIN,23,31,26,55370.00
1699,5WV,Jarnvik,Elan Kombi,83,DIESEL,14,14,16,31060.00
1699,6LI,Jarnvik,Brise Comfort,117,DIESEL,13,18,25,40720.00
1699,6PU,Jarnvik,Nova 2.0,140,ELEKTRO,18,25,22,34640.00
1699,6XQ,Jarnvik,Brise,80,BENZIN,11,15,15,36500.00
1699,715,Jarnvik,Kobalt Comfort,88,HYBRID,16,18,15,32880.00
1699,745,Jarnvik,Quest 2.0,62,BENZIN,11,18,11,28590.00
1699,7PJ,Jarnvik,Ulme 2.5,78,BENZIN,14,20,13,32670.00
1699,7X8,Jarnvik,Elan 2.0,207,DIESEL,25,30,30,89860.00
1699,7ZN,Jarnvik,Horizon 1.6,128,DIESEL,20,13,20,42730.00
1699,8FA,Jarnvik,Bora 1.4,107,HYBRID,15,15,16,32380.00
1699,8M0,Jarnvik,Lyra Avant,52,BENZIN,10,12,11,18640.00
1699,8O5,Jarnvik,Mira Comfort,199,BENZIN,24,28,31,63910.00
1699,9OK,Jarnvik,Elan Kombi,40,DIESEL,10,10,12,14990.00
1699,9T0,Jarnvik,Onyx Coupé,142,DIESEL,21,25,32,56890.00
1699,A4T,Jarnvik,Pika 1.6,130,HYBRID,16,19,23,26890.00
1699,AIG,Jarnvik,Wega Prime,49,HYBRID,10,15,11,27820.00
1699,ALD,Jarnvik,Gale 2.0,218,BENZIN,25,32,33,133980.00
1699,ALX,Jarnvik,Mira Kombi,126,BENZIN,19,25,16,42170.00
1699,AOR,Jarnvik,Ibis Cross,138,HYBRID,16,25,27,52300.00
1699,B10,Jarnvik,Juno,228,HYBRID,25,28,26,94480.00
1699,B93,Jarnvik,Brise Avant,53,DIESEL,10,13,12,21200.00
1699,BDN,Jarnvik,Pika 1.4,37,BENZIN,10,10,10,10820.00
1699,BOR,Jarnvik,Ibis 1.6,94,BENZIN,12,16,22,42290.00
1699,BRK,Jarnvik,Yuka,133,DIESEL,18,27,18,40240.00
1699,BZD,Jarnvik,Fjell 1.4,71,BENZIN,14,14,15,29420.00
1699,CD0,Jarnvik,Kite Avant,96,DIESEL,16,21,24,27390.00
1699,CLM,Jarnvik,Eos Cross,93,HYBRID,11,25,31,44950.00
1699,CXI,Jarnvik,Pika 1.6,78,DIESEL,20,11,18,44380.00
1699,D0I,Jarnvik,Quest 1.2,141,HYBRID,13,17,20,33340.00
1699,D7S,Jarnvik,Ibis Kombi,316,BENZIN,25,33,34,175780.00
1699,DBT,Jarnvik,Aeon 2.5,103,ELEKTRO,16,20,22,40960.00
1699,DQ1,Jarnvik,Onyx GTX,98,BENZIN,17,17,23,53030.00
1699,DRW,Jarnvik,Delta 1.2,116,HYBRID,23,25,19,40230.00
1699,DSO,Jarnvik,Jade Kombi,107,BENZIN,19,28,23,47310.00
1699,EAQ,Jarnvik,Juno Cross,94,HYBRID,13,12,30,41950.00
1699,ET8,Jarnvik,Tessa Coupé,131,HYBRID,13,25,31,52460.00
1699,EU3,Jarnvik,Nimbus Avant,153,BENZIN,18,25,28,38950.00
1699,FO8,Jarnvik,Garda 1.4,204,DIESEL,25,31,19,45680.00
1699,FSJ,Jarnvik,Duna 1.6,118,BENZIN,23,22,19,54860.00
1699,GEU,Jarnvik,Bora Cross,148,BENZIN,23,30,30,104240.00
1699,GTC,Jarnvik,Elan Sport,125,BENZIN,16,16,24,29540.00
1699,GX7,Jarnvik,Juno Cross,65,DIESEL,11,22,14,34780.00
1699,H1I,Jarnvik,Cirro,83,BENZIN,12,20,31,53840.00
1699,HHW,Jarnvik,Halo 1.4,65,BENZIN,12,14,11,24890.00
1699,HM4,Jarnvik,Jade Coupé,70,BENZIN,17,20,15,27350.00
1699,HMR,Jarnvik,Brise 2.0,178,DIESEL,21,21,32,43630.00
1699,I30,Jarnvik,Xeno,137,BENZIN,19,28,12,27080.00
1699,I7B,Jarnvik,Brise 1.2,92,DIESEL,16,17,12,19360.00
1699,I8E,Jarnvik,Juno GTX,130,DIESEL,19,15,20,35310.00
1699,IFL,Jarnvik,Levante Comfort,109,DIESEL,17,25,18,37140.00
1699,II7,Jarnvik,Quest 1.2,141,HYBRID,15,23,28,72610.00
1699,IJ6,Jarnvik,Sirio Avant,96,ELEKTRO,15,25,25,38690.00
1699,IUE,Jarnvik,Tessa 1.4,159,BENZIN,23,21,30,76120.00
1699,JF1,Jarnvik,Tessa Coupé,73,HYBRID,12,18,16,29640.00
1699,JFL,Jarnvik,Zenit Cross,135,ELEKTRO,15,22,28,35250.00
1699,JOO,Jarnvik,Jade GTX,44,BENZIN,10,12,10,18520.00
1699,JQ3,Jarnvik,Vela GTX,143,HYBRID,23,28,21,54370.00
1699,K1G,Jarnvik,Nimbus 2.5,245,DIESEL,24,32,32,70430.00
1699,K38,Jarnvik,Bora Coupé,48,BENZIN,11,10,18,26210.00
1699,KJ7,Jarnvik,Juno 1.2,77,DIESEL,15,14,12,22120.00
1699,KPA,Jarnvik,Wega GT,154,BENZIN,19,15,19,38440.00
1699,LJW,Jarnvik,Sirio 2.5,106,BENZIN,13,20,29,40740.00
1699,LRY,Jarnvik,Bora 1.2,231,BENZIN,25,28,34,72610.00
1699,M8B,Jarnvik,Cedro Kombi,127,DIESEL,20,25,21,51630.00
1699,MD8,Jarnvik,Kite 2.0,50,BENZIN,14,10,12,22920.00
1699,MG1,Jarnvik,Brise Kombi,144,HYBRID,18,29,32,65670.00
1699,MLC,Jarnvik,Onyx 2.0,175,BENZIN,21,18,19,40330.00
1699,MN2,Jarnvik,Kobalt Avant,88,DIESEL,14,13,11,24560.00
1699,MPH,Jarnvik,Xeno 1.6,171,DIESEL,23,23,28,56180.00
1699,MQ5,Jarnvik,Tessa 1.6,63,DIESEL,19,15,11,41610.00
1699,MW9,Jarnvik,Iskra Kombi,213,HYBRID,24,30,34,96760.00
1699,N5D,Jarnvik,Kobalt GT,201,DIESEL,24,30,33,65090.00
1699,NM0,Jarnvik,Nova Sport,48,BENZIN,14,16,17,39350.00
1699,NQX,Jarnvik,Aeon Comfort,171,DIESEL,17,23,29,57970.00
1699,NUQ,Jarnvik,Jade GTX,178,DIESEL,20,24,29,57610.00
1699,NUR,Jarnvik,Cedro Sport,124,BENZIN,14,31,23,35680.00
1699,O0X,Jarnvik,Kite 2.5,124,DIESEL,15,21,31,48020.00
1699,OF0,Jarnvik,Sirio Coupé,123,DIESEL,19,22,21,40200.00
1699,OMK,Jarnvik,Duna Coupé,87,BENZIN,19,21,16,50020.00
1699,OY3,Jarnvik,Wega 1.4,122,HYBRID,24,20,24,47710.00
1699,P88,Jarnvik,Lyra 2.5,117,BENZIN,12,17,12,26440.00
1699,P8Z,Jarnvik,Kite 2.5,99,ELEKTRO,13,11,20,20210.00
1699,PHE,Jarnvik,Sirio Kombi,190,DIESEL,24,28,27,110970.00
1699,PKE,Jarnvik,Aria 1.2,75,BENZIN,18,14,14,31900.00
1699,Q6I,Jarnvik,Pika 2.5,138,DIESEL,13,18,17,23080.00
1699,QIG,Jarnvik,Jade GTX,72,BENZIN,17,23,18,33740.00
1699,QNA,Jarnvik,Wega 1.2,134,BENZIN,19,20,13,30590.00
1699,QP9,Jarnvik,Rigel Sport,329,BENZIN,25,33,33,119440.00
1699,QVH,Jarnvik,Ibis Comfort,149,HYBRID,18,27,26,44430.00
1699,QW8,Jarnvik,Zenit GT,87,DIESEL,15,15,22,40670.00
1699,R7I,Jarnvik,Garda Cross,51,BENZIN,12,14,16,43710.00
1699,R9P,Jarnvik,Quest Cross,100,BENZIN,16,18,18,24640.00
1699,RI4,Jarnvik,Lyra 1.6,358,ELEKTRO,25,33,34,197090.00
1699,RJQ,Jarnvik,Kobalt 1.4,84,DIESEL,21,21,11,28410.00
1699,RQL,Jarnvik,Elan 1.4,131,ELEKTRO,16,24,28,44090.00
1699,S0R,Jarnvik,Nimbus Prime,107,BENZIN,16,13,19,29360.00
1699,S85,Jarnvik,Halo 2.5,280,BENZIN,25,27,34,166560.00
1699,SMU,Jarnvik,Fjell Coupé,85,BENZIN,12,13,18,20180.00
1699,SVP,Jarnvik,Kite 2.5,73,BENZIN,11,14,12,27670.00
1699,T7O,Jarnvik,Horizon 2.5,81,ELEKTRO,12,10,18,14940.00
1699,TFO,Jarnvik,Nimbus Prime,254,BENZIN,25,33,33,124420.00
1699,TP3,Jarnvik,Ibis Avant,77,BENZIN,12,14,14,22990.00
1699,TX6,Jarnvik,Nova 2.0,96,DIESEL,17,14,25,35430.00
1699,TYU,Jarnvik,Iskra Prime,79,BENZIN,17,13,12,25720.00
1699,UK7,Jarnvik,Faro 2.5,97,HYBRID,21,14,13,26210.00
1699,VCG,Jarnvik,Cedro GT,121,DIESEL,16,18,29,43200.00
1699,VCV,Jarnvik,Kite 2.0,51,GAS,11,10,10,13980.00
1699,VEY,Jarnvik,Quest GT,77,BENZIN,12,22,15,26390.00
1699,VVD,Jarnvik,Aria Kombi,76,BENZIN,11,26,14,42300.00
1699,W1C,Jarnvik,Ulme Prime,110,HYBRID,11,16,17,41840.00
1699,W1K,Jarnvik,Fjell Coupé,91,BENZIN,13,15,13,28350.00
1699,W5W,Jarnvik,Sirio,191,HYBRID,21,31,29,54940.00
1699,WPY,Jarnvik,Brise Avant,145,BENZIN,22,28,22,41340.00
1699,X07,Jarnvik,Mistral 1.2,106,BENZIN,16,26,28,61450.00
1699,X5D,Jarnvik,Zenit GT,88,HYBRID,13,25,14,29750.00
1699,X8R,Jarnvik,Garda Avant,349,BENZIN,25,33,34,136450.00
1699,XRN,Jarnvik,Eos Sport,74,BENZIN,21,17,18,63400.00
1699,XWQ,Jarnvik,Kite Prime,112,BENZIN,23,23,18,60300.00
1699,Y21,Jarnvik,Eos 2.0,168,HYBRID,24,19,27,65910.00
1699,Y62,Jarnvik,Garda GTX,53,BENZIN,11,17,14,31240.00
1699,Y7S,Jarnvik,Faro GTX,59,ELEKTRO,11,12,13,20430.00
1699,YIL,Jarnvik,Wega Coupé,164,DIESEL,24,31,31,74350.00
1699,YJ0,Jarnvik,Kobalt GTX,120,BENZIN,20,32,16,55410.00
1699,YQM,Jarnvik,Mistral Sport,104,DIESEL,13,18,16,36840.00
1699,YY1,Jarnvik,Yuka Comfort,197,HYBRID,24,25,31,64140.00
1699,YZZ,Jarnvik,Lyra 2.0,64,DIESEL,13,13,13,24340.00
1699,ZVQ,Jarnvik,Kobalt Comfort,59,DIESEL,12,22,13,32260.00
1803,022,Kestrel,Nova GTX,133,BENZIN,20,18,23,30010.00
1803,0MM,Kestrel,Yuka Cross,92,BENZIN,12,20,14,21200.00
1803,0OL,Kestrel,Iskra GTX,157,BENZIN,17,25,30,39580.00
1803,1R4,Kestrel,Cedro Comfort,132,GAS,16,30,21,44120.00
1803,1U9,Kestrel,Cedro 2.0,81,BENZIN,12,16,25,41980.00
1803,2JL,Kestrel,Duna Prime,96,BENZIN,14,11,18,32780.00
1803,2V7,Kestrel,Jade 1.4,301,ELEKTRO,23,27,34,66860.00
1803,44K,Kestrel,Cedro GTX,221,BENZIN,25,31,33,100780.00
1803,4UT,Kestrel,Tessa GT,128,ELEKTRO,22,26,14,65200.00
1803,5FK,Kestrel,Sirio Coupé,49,BENZIN,10,10,10,12860.00
1803,5LG,Kestrel,Levante Comfort,236,HYBRID,24,33,34,110230.00
1803,75Y,Kestrel,Pika Coupé,149,BENZIN,23,29,25,38150.00
1803,7GC,Kestrel,Ulme 1.2,57,BENZIN,13,13,12,24040.00
1803,7H8,Kestrel,Faro GT,54,DIESEL,11,12,13,31330.00
1803,7JY,Kestrel,Bora Coupé,39,BENZIN,10,11,12,18090.00
1803,87S,Kestrel,Yuka 2.0,160,DIESEL,19,14,28,62070.00
1803,8B1,Kestrel,Pika 1.2,240,HYBRID,18,31,28,52540.00
1803,9AS,Kestrel,Horizon Avant,86,DIESEL,15,14,22,37420.00
1803,9F2,Kestrel,Sirio 2.0,88,BENZIN,13,16,15,34340.00
1803,A4D,Kestrel,Cirro Sport,128,BENZIN,13,15,21,24450.00
1803,B9P,Kestrel,Elan Coupé,71,HYBRID,14,15,20,21430.00
1803,BZI,Kestrel,Halo 2.0,103,BENZIN,13,22,28,46880.00
1803,C0O,Kestrel,Jade 1.4,90,BENZIN,14,24,25,36140.00
1803,CNH,Kestrel,Xeno Coupé,100,HYBRID,22,27,26,47970.00
1803,D0L,Kestrel,Aeon Comfort,185,HYBRID,15,32,24,52190.00
1803,DRW,Kestrel,Yuka 2.0,68,HYBRID,20,14,23,30870.00
1803,E10,Kestrel,Aeon GTX,120,HYBRID,19,29,26,60810.00
1803,E4C,Kestrel,Ibis Sport,124,BENZIN,20,26,28,51650.00
1803,E6Y,Kestrel,Faro Sport,72,BENZIN,10,20,20,36600.00
1803,EQL,Kestrel,Vela Avant,83,DIESEL,21,23,25,43580.00
1803,F78,Kestrel,Kobalt GT,144,HYBRID,16,17,24,45230.00
1803,G21,Kestrel,Nimbus,94,DIESEL,12,25,21,36370.00
1803,GP1,Kestrel,Zenit Kombi,158,ELEKTRO,24,27,26,85350.00
1803,GSS,Kestrel,Rigel Prime,207,DIESEL,21,27,24,43070.00
1803,H1T,Kestrel,Zenit GTX,162,ELEKTRO,16,22,32,50270.00
1803,H5L,Kestrel,Ulme Avant,205,BENZIN,25,33,33,90630.00
1803,I09,Kestrel,Pika 1.4,82,BENZIN,15,14,11,26550.00
1803,J1M,Kestrel,Elan Sport,126,BENZIN,23,29,24,61140.00
1803,JRU,Kestrel,Delta GTX,57,DIESEL,12,16,12,26250.00
1803,JYB,Kestrel,Rigel GTX,113,BENZIN,16,23,28,37310.00
1803,KXY,Kestrel,Eos Avant,186,BENZIN,23,32,32,68300.00
1803,LH0,Kestrel,Duna,148,ELEKTRO,15,15,32,38340.00
1803,M47,Kestrel,Brise 2.5,83,BENZIN,15,28,26,43060.00
1803,MAJ,Kestrel,Vela 2.0,192,ELEKTRO,25,31,32,73060.00
1803,MW6,Kestrel,Sirio GTX,138,DIESEL,18,15,17,41630.00
1803,N8Z,Kestrel,Wega 1.6,66,HYBRID,12,10,12,29120.00
1803,NDZ,Kestrel,Fjell Coupé,96,GAS,20,19,16,42860.00
1803,NPV,Kestrel,Sirio 1.2,110,BENZIN,15,16,24,30710.00
1803,NY0,Kestrel,Nova 1.2,144,BENZIN,21,27,29,63250.00
1803,O90,Kestrel,Mira Coupé,110,BENZIN,16,20,18,39970.00
1803,OLV,Kestrel,Mistral GTX,168,BENZIN,23,22,31,57460.00
1803,OW0,Kestrel,Eos 1.6,51,DIESEL,11,11,11,19380.00
1803,OZ5,Kestrel,Mira Cross,38,DIESEL,12,12,15,19950.00
1803,P4P,Kestrel,Eos 1.4,132,DIESEL,22,20,24,52180.00
1803,QPU,Kestrel,Mira Comfort,61,DIESEL,13,12,14,34560.00
1803,QXC,Kestrel,Levante Avant,102,BENZIN,14,23,16,48850.00
1803,R9V,Kestrel,Aria 2.0,110,BENZIN,20,23,16,42140.00
1803,RMW,Kestrel,Brise 2.0,140,BENZIN,13,30,22,36270.00
1803,S0T,Kestrel,Levante 1.4,100,BENZIN,11,21,14,28640.00
1803,SCJ,Kestrel,Duna Avant,159,ELEKTRO,19,17,24,40850.00
1803,SCR,Kestrel,Aeon 1.4,109,DIESEL,17,17,27,32630.00
1803,T8X,Kestrel,Cedro 2.5,111,ELEKTRO,15,22,17,35570.00
1803,TF8,Kestrel,Pika GT,137,BENZIN,19,32,30,56480.00
1803,U53,Kestrel,Horizon GTX,90,HYBRID,16,18,16,32340.00
1803,UEG,Kestrel,Tessa 2.0,104,HYBRID,14,18,17,37950.00
1803,ULL,Kestrel,Delta Comfort,171,DIESEL,23,16,26,41240.00
1803,UPH,Kestrel,Mistral Coupé,128,DIESEL,17,20,28,39040.00
1803,UQD,Kestrel,Mira,149,HYBRID,23,28,32,75470.00
1803,V4C,Kestrel,Wega 1.6,113,ELEKTRO,24,24,32,85260.00
1803,VJU,Kestrel,Duna GT,225,HYBRID,23,28,30,52520.00
1803,VTX,Kestrel,Cirro Cross,465,HYBRID,25,33,34,224360.00
1803,WC6,Kestrel,Cirro Kombi,156,BENZIN,15,28,29,46230.00
1803,WXC,Kestrel,Quest Cross,234,HYBRID,23,33,33,90930.00
1803,XJS,Kestrel,Ibis Coupé,121,BENZIN,18,28,24,47440.00
1803,YM1,Kestrel,Rigel GT,50,DIESEL,10,10,12,18660.00
1803,YUS,Kestrel,Horizon Kombi,90,DIESEL,10,19,17,25760.00
1803,YVP,Kestrel,Kite 1.2,89,BENZIN,21,13,29,49350.00
1803,Z3O,Kestrel,Quest Cross,82,BENZIN,18,27,15,36990.00
1841,3SX,Lindwurm,Wega GTX,69,DIESEL,13,11,17,26420.00
1841,3VF,Lindwurm,Pika Prime,188,GAS,16,22,28,35920.00
1841,4FR,Lindwurm,Pika,168,HYBRID,17,22,28,69830.00
1841,5PB,Lindwurm,Onyx Prime,107,BENZIN,15,25,27,53760.00
1841,679,Lindwurm,Brise Coupé,211,HYBRID,23,28,30,60550.00
1841,68V,Lindwurm,Wega Sport,116,HYBRID,21,19,26,63390.00
1841,6CN,Lindwurm,Ibis 1.2,107,GAS,16,13,15,34320.00
1841,7SP,Lindwurm,Cirro Avant,136,ELEKTRO,24,29,25,68970.00
1841,7TJ,Lindwurm,Cirro Sport,96,BENZIN,11,21,19,49600.00
1841,8YE,Lindwurm,Wega Cross,129,ELEKTRO,19,22,29,62310.00
1841,91U,Lindwurm,Fjell 2.0,156,DIESEL,17,17,31,38440.00
1841,A09,Lindwurm,Nimbus 2.0,75,DIESEL,10,24,13,25390.00
1841,A5B,Lindwurm,Jade 2.5,130,HYBRID,17,21,25,40720.00
1841,AU5,Lindwurm,Faro 1.2,102,DIESEL,19,25,18,34700.00
1841,C95,Lindwurm,Ibis Comfort,281,DIESEL,24,33,34,86020.00
1841,CEU,Lindwurm,Delta Comfort,107,BENZIN,18,21,21,58080.00
1841,CJX,Lindwurm,Quest 1.2,99,BENZIN,14,17,15,38500.00
1841,CN5,Lindwurm,Jade GT,107,BENZIN,20,25,31,49010.00
1841,COR,Lindwurm,Tessa Coupé,129,DIESEL,19,31,19,52260.00
1841,DHH,Lindwurm,Wega Prime,136,DIESEL,19,20,21,38840.00
1841,EYG,Lindwurm,Kobalt,194,BENZIN,25,31,34,64740.00
1841,FDP,Lindwurm,Duna GTX,183,BENZIN,24,26,34,62810.00
1841,FFI,Lindwurm,Ibis 1.4,140,HYBRID,23,24,30,57630.00
1841,FQ2,Lindwurm,Bora,143,ELEKTRO,18,25,20,37810.00
1841,H5Z,Lindwurm,Fjell Coupé,134,ELEKTRO,19,19,18,30060.00
1841,HBG,Lindwurm,Duna 1.4,150,DIESEL,18,29,27,42320.00
1841,HF8,Lindwurm,Mistral 2.0,83,ELEKTRO,13,15,18,37600.00
1841,I9M,Lindwurm,Iskra 1.2,74,BENZIN,16,17,17,48890.00
1841,KMP,Lindwurm,Ibis 2.0,146,BENZIN,18,31,32,48990.00
1841,KZJ,Lindwurm,Iskra Avant,104,BENZIN,16,21,22,38760.00
1841,MTG,Lindwurm,Kobalt GTX,206,BENZIN,23,32,34,79930.00
1841,NQ7,Lindwurm,Kite Coupé,104,DIESEL,17,20,20,48970.00
1841,OEG,Lindwurm,Nimbus Prime,158,DIESEL,20,32,31,46370.00
1841,P3H,Lindwurm,Garda 1.6,131,BENZIN,21,21,13,32000.00
1841,PG5,Lindwurm,Lyra 2.5,101,BENZIN,21,13,24,47870.00
1841,PPY,Lindwurm,Aria,122,HYBRID,19,26,30,68880.00
1841,PT1,Lindwurm,Tessa Cross,147,BENZIN,21,32,32,73730.00
1841,PYP,Lindwurm,Brise Comfort,125,BENZIN,22,29,32,49390.00
1841,QWJ,Lindwurm,Brise 2.0,117,DIESEL,18,30,20,52500.00
1841,RT9,Lindwurm,Aeon 2.5,78,DIESEL,17,19,15,28960.00
1841,U9Z,Lindwurm,Zenit 2.0,52,DIESEL,14,14,12,45090.00
1841,V9X,Lindwurm,Elan 1.6,161,DIESEL,21,20,30,63470.00
1841,XGO,Lindwurm,Cirro GTX,232,DIESEL,24,33,32,66030.00
1841,ZVR,Lindwurm,Juno 1.2,155,DIESEL,18,28,32,59850.00
2029,07B,Mardor,Horizon Cross,117,DIESEL,22,25,25,52950.00
2029,0NU,Mardor,Jade Prime,130,BENZIN,24,17,23,36020.00
2029,4Y1,Mardor,Nimbus GT,91,DIESEL,20,14,18,36600.00
2029,548,Mardor,Rigel 1.4,64,HYBRID,10,11,11,16530.00
2029,6QX,Mardor,Halo Comfort,89,DIESEL,21,18,16,46470.00
2029,76K,Mardor,Vela GTX,86,BENZIN,15,11,17,22130.00
2029,7MP,Mardor,Mistral GTX,193,DIESEL,22,29,30,72740.00
2029,7WR,Mardor,Tessa 1.6,130,BENZIN,22,23,31,57760.00
2029,8K7,Mardor,Horizon Comfort,124,BENZIN,20,25,18,53200.00
2029,9DL,Mardor,Mira Sport,113,BENZIN,13,20,24,39000.00
2029,A3D,Mardor,Aria Kombi,38,DIESEL,10,10,10,12060.00
2029,BCL,Mardor,Levante 1.2,118,ELEKTRO,14,14,17,32220.00
2029,BZ8,Mardor,Xeno 1.4,185,DIESEL,25,26,33,63250.00
2029,DCC,Mardor,Jade 1.4,83,HYBRID,16,25,12,46990.00
2029,GP3,Mardor,Lyra Coupé,106,DIESEL,17,19,32,46160.00
2029,GTI,Mardor,Levante Cross,135,BENZIN,15,28,18,41130.00
2029,IXT,Mardor,Aeon Coupé,171,ELEKTRO,19,25,31,43790.00
2029,IZO,Mardor,Cirro Prime,117,ELEKTRO,14,27,23,36740.00
2029,JTC,Mardor,Aria Avant,103,BENZIN,17,16,13,28150.00
2029,K15,Mardor,Ulme 2.5,77,DIESEL,16,11,16,35990.00
2029,KQ5,Mardor,Vela Prime,57,DIESEL,11,14,14,32030.00
2029,KQI,Mardor,Quest Coupé,73,ELEKTRO,14,17,12,34140.00
2029,L3C,Mardor,Aria 1.4,155,ELEKTRO,20,31,31,87000.00
2029,LD2,Mardor,Zenit 1.4,150,ELEKTRO,23,31,31,86780.00
2029,LTB,Mardor,Iskra 1.6,221,ELEKTRO,24,33,34,110490.00
2029,M55,Mardor,Sirio Kombi,107,DIESEL,16,22,26,31160.00
2029,MES,Mardor,Pika Sport,133,BENZIN,18,19,17,38620.00
2029,N7Y,Mardor,Pika Comfort,155,BENZIN,17,19,24,37070.00
2029,NL2,Mardor,Gale,148,BENZIN,24,29,34,68890.00
2029,POI,Mardor,Mira 2.0,205,HYBRID,24,32,33,84360.00
2029,QIJ,Mardor,Levante 2.5,140,DIESEL,18,27,26,47330.00
2029,SIY,Mardor,Ulme GT,151,HYBRID,23,22,33,98170.00
2029,SWO,Mardor,Rigel,155,BENZIN,20,21,27,58450.00
2029,TJU,Mardor,Aria 2.5,166,BENZIN,25,26,30,100440.00
2029,UIK,Mardor,Sirio Comfort,56,BENZIN,10,12,12,17920.00
2029,VDT,Mardor,Kite 1.4,119,ELEKTRO,22,24,27,41000.00
2029,VFE,Mardor,Pika GT,110,BENZIN,11,18,16,26530.00
2029,VNU,Mardor,Jade GTX,49,DIESEL,11,10,23,28440.00
2029,WER,Mardor,Vela Sport,120,ELEKTRO,13,19,14,38980.00
2029,WV9,Mardor,Faro Sport,111,BENZIN,15,25,16,34820.00
2029,WZA,Mardor,Aria Cross,383,BENZIN,25,33,34,160020.00
2029,XXF,Mardor,Levante Sport,203,HYBRID,22,32,27,78630.00
2029,YF2,Mardor,Tessa 1.6,224,ELEKTRO,22,32,33,73780.00
2029,YJ8,Mardor,Aria Comfort,191,HYBRID,22,33,33,98870.00
2029,ZPL,Mardor,Delta Coupé,86,DIESEL,18,25,19,63680.00
2029,ZPM,Mardor,Brise Sport,142,DIESEL,19,21,29,54240.00
2259,16S,Nordvik,Gale Cross,81,BENZIN,14,15,19,37570.00
2259,17M,Nordvik,Iskra Cross,132,ELEKTRO,16,23,22,40130.00
2259,1DC,Nordvik,Horizon 1.4,159,BENZIN,23,33,32,75380.00
2259,1UC,Nordvik,Fjell GTX,135,HYBRID,18,25,20,35720.00
2259,1VQ,Nordvik,Cirro Cross,103,BENZIN,14,28,19,35370.00
2259,29A,Nordvik,Ulme Sport,150,BENZIN,22,26,24,56290.00
2259,2LT,Nordvik,Nimbus Cross,42,BENZIN,10,11,13,14840.00
2259,2U7,Nordvik,Nimbus 2.5,109,DIESEL,13,21,21,31230.00
2259,30F,Nordvik,Halo,55,BENZIN,10,11,14,19830.00
2259,32O,Nordvik,Wega Prime,121,ELEKTRO,16,18,22,36000.00
2259,34X,Nordvik,Gale Cross,67,BENZIN,15,11,13,25290.00
2259,3AO,Nordvik,Ibis Cross,270,ELEKTRO,25,31,30,62770.00
2259,3QL,Nordvik,Eos Sport,77,DIESEL,11,18,10,24960.00
2259,45C,Nordvik,Sirio 1.4,238,BENZIN,25,33,33,107630.00
2259,45S,Nordvik,Wega,150,DIESEL,21,20,28,33860.00
2259,4DN,Nordvik,Nimbus Cross,100,BENZIN,15,25,30,56160.00
2259,50P,Nordvik,Pika 1.6,248,DIESEL,25,32,31,112790.00
2259,55O,Nordvik,Vela Coupé,54,BENZIN,11,10,10,14720.00
2259,5Q3,Nordvik,Elan 1.2,292,BENZIN,25,33,32,85220.00
2259,5T0,Nordvik,Mira GTX,88,DIESEL,14,25,11,25690.00
2259,5TL,Nordvik,Nova Comfort,201,HYBRID,24,29,33,64000.00
2259,5VX,Nordvik,Aeon 2.0,135,BENZIN,15,26,26,59950.00
2259,61N,Nordvik,Kite,114,HYBRID,15,19,15,43440.00
2259,6RK,Nordvik,Ibis 2.5,114,BENZIN,15,26,27,57950.00
2259,6RQ,Nordvik,Jade GT,50,ELEKTRO,12,16,16,36910.00
2259,6WE,Nordvik,Rigel Prime,121,BENZIN,25,24,27,75180.00
2259,6YX,Nordvik,Garda Sport,214,ELEKTRO,24,22,34,66610.00
2259,73R,Nordvik,Garda 1.2,101,BENZIN,14,16,18,28450.00
2259,7P1,Nordvik,Pika 1.6,88,ELEKTRO,18,17,11,36380.00
2259,85J,Nordvik,Levante,125,ELEKTRO,18,17,26,53130.00
2259,8GL,Nordvik,Mistral GTX,170,BENZIN,22,21,29,45450.00
2259,8HX,Nordvik,Kite Sport,45,DIESEL,11,11,12,25620.00
2259,8N2,Nordvik,Horizon GT,107,GAS,18,14,22,39410.00
2259,8P3,Nordvik,Wega 1.2,66,BENZIN,17,17,29,54520.00
2259,8W0,Nordvik,Cirro 1.2,251,BENZIN,25,33,31,122530.00
2259,8WP,Nordvik,Levante Cross,89,BENZIN,14,24,17,40830.00
2259,94X,Nordvik,Pika 1.2,69,BENZIN,10,16,18,42680.00
2259,9AB,Nordvik,Iskra GT,131,DIESEL,13,17,28,41190.00
2259,9GG,Nordvik,Aeon,66,DIESEL,12,11,10,30060.00
2259,9MO,Nordvik,Wega GT,158,BENZIN,23,19,32,41340.00
2259,A6J,Nordvik,Duna,265,BENZIN,22,31,33,62760.00
2259,A9N,Nordvik,Elan 1.6,97,DIESEL,16,21,15,28700.00
2259,A9Q,Nordvik,Halo 1.2,313,HYBRID,24,32,34,88230.00
2259,ACC,Nordvik,Yuka 2.0,131,ELEKTRO,16,19,20,21590.00
2259,AJD,Nordvik,Yuka Cross,98,BENZIN,11,12,20,18360.00
2259,ALS,Nordvik,Xeno,193,BENZIN,20,33,34,130410.00
2259,B0F,Nordvik,Horizon 1.4,57,DIESEL,10,11,10,14510.00
2259,B3Z,Nordvik,Zenit 2.5,111,BENZIN,12,15,23,30470.00
2259,B74,Nordvik,Gale 1.6,124,BENZIN,21,25,25,40690.00
2259,BQW,Nordvik,Yuka 2.5,61,DIESEL,11,13,16,29580.00
2259,C99,Nordvik,Cirro Coupé,82,DIESEL,12,14,20,26510.00
2259,CAK,Nordvik,Aeon 1.4,111,DIESEL,15,21,22,21160.00
2259,CTG,Nordvik,Delta 2.5,73,BENZIN,17,21,13,49440.00
2259,D1H,Nordvik,Nimbus 1.6,148,ELEKTRO,24,22,34,71410.00
2259,D23,Nordvik,Mistral Comfort,202,DIESEL,23,33,33,102270.00
2259,D2O,Nordvik,Cirro Sport,175,HYBRID,24,28,30,43540.00
2259,D6N,Nordvik,Ibis Kombi,53,DIESEL,15,12,14,22540.00
2259,DD7,Nordvik,Rigel 2.5,66,HYBRID,14,19,22,40550.00
2259,DI8,Nordvik,Faro 2.0,155,BENZIN,23,31,31,63830.00
2259,DYJ,Nordvik,Bora Kombi,78,DIESEL,18,12,27,37900.00
2259,E5L,Nordvik,Aria Sport,82,DIESEL,11,14,11,25740.00
2259,E7N,Nordvik,Faro Sport,164,BENZIN,23,28,31,45030.00
2259,EFC,Nordvik,Lyra Coupé,170,ELEKTRO,17,26,20,52880.00
2259,F0K,Nordvik,Mira GT,92,BENZIN,18,18,16,52450.00
2259,F3B,Nordvik,Juno 2.5,107,DIESEL,19,26,30,79960.00
2259,F3W,Nordvik,Fjell GT,293,BENZIN,25,33,34,85740.00
2259,F56,Nordvik,Horizon 1.6,115,BENZIN,14,12,22,29580.00
2259,FSM,Nordvik,Levante Coupé,55,BENZIN,13,11,13,33050.00
2259,FX8,Nordvik,Cedro 1.4,120,BENZIN,23,31,31,60310.00
2259,FXH,Nordvik,Pika,72,DIESEL,21,12,20,29960.00
2259,FZA,Nordvik,Lyra Kombi,80,BENZIN,15,23,21,49490.00
2259,G0V,Nordvik,Wega Coupé,88,ELEKTRO,17,14,24,46100.00
2259,G6I,Nordvik,Pika 2.5,99,BENZIN,17,19,14,35070.00
2259,GV5,Nordvik,Fjell 2.0,179,DIESEL,23,32,30,85490.00
2259,HEC,Nordvik,Sirio 1.2,76,BENZIN,11,20,12,29570.00
2259,HFU,Nordvik,Delta 1.4,109,HYBRID,21,26,16,42470.00
2259,HO2,Nordvik,Yuka 1.2,320,ELEKTRO,25,33,33,112620.00
2259,I31,Nordvik,Gale 1.6,70,DIESEL,14,13,15,23690.00
2259,INW,Nordvik,Elan Cross,88,DIESEL,13,12,15,29810.00
2259,IQG,Nordvik,Ibis GT,67,DIESEL,18,18,14,30120.00
2259,IYU,Nordvik,Bora Sport,85,BENZIN,12,16,16,35970.00
2259,J1Q,Nordvik,Delta Coupé,121,DIESEL,17,21,30,53740.00
2259,J5E,Nordvik,Onyx,80,HYBRID,19,24,25,48650.00
2259,JU2,Nordvik,Mistral 1.2,221,HYBRID,25,31,34,79060.00
2259,KJI,Nordvik,Duna Prime,105,DIESEL,20,20,23,48140.00
2259,KNM,Nordvik,Levante Sport,150,HYBRID,22,32,33,87970.00
2259,LBM,Nordvik,Ulme 1.2,112,HYBRID,22,28,22,48840.00
2259,LF5,Nordvik,Rigel GT,134,ELEKTRO,17,20,28,31970.00
2259,LHS,Nordvik,Ibis Avant,69,DIESEL,14,22,19,51980.00
2259,LM8,Nordvik,Jade 2.5,63,DIESEL,14,14,11,40820.00
2259,LZT,Nordvik,Xeno GTX,228,BENZIN,23,30,26,62380.00
2259,MAD,Nordvik,Elan 1.6,107,BENZIN,20,17,16,45100.00
2259,MC8,Nordvik,Tessa Kombi,87,BENZIN,15,21,15,41990.00
2259,MKT,Nordvik,Juno Avant,84,BENZIN,18,16,24,50710.00
2259,N9F,Nordvik,Bora,93,BENZIN,13,19,15,38480.00
2259,NBB,Nordvik,Ibis,131,DIESEL,13,27,22,66750.00
2259,OP8,Nordvik,Ulme 1.6,186,GAS,22,28,24,47520.00
2259,OWA,Nordvik,Iskra Sport,111,BENZIN,18,15,11,29680.00
2259,P16,Nordvik,Delta 2.0,72,BENZIN,15,13,23,27730.00
2259,P3X,Nordvik,Xeno 1.4,138,BENZIN,20,18,26,50940.00
2259,P6A,Nordvik,Eos Prime,96,BENZIN,18,21,22,30230.00
2259,PCI,Nordvik,Aria Prime,162,DIESEL,19,23,26,36650.00
2259,PDG,Nordvik,Mistral Coupé,118,HYBRID,15,28,17,53720.00
2259,PFX,Nordvik,Quest 2.5,35,DIESEL,11,10,12,26200.00
2259,PJ1,Nordvik,Zenit GTX,95,BENZIN,19,14,16,34930.00
2259,PK1,Nordvik,Brise 1.6,151,BENZIN,17,21,16,46180.00
2259,PLZ,Nordvik,Horizon Sport,79,BENZIN,23,22,28,46680.00
2259,PQ1,Nordvik,Nimbus Coupé,83,BENZIN,19,11,13,41540.00
2259,PY4,Nordvik,Faro 1.2,91,HYBRID,22,15,17,25230.00
2259,Q3J,Nordvik,Ibis 2.0,94,BENZIN,13,13,14,28640.00
2259,Q68,Nordvik,Aeon GT,87,ELEKTRO,12,19,26,44030.00
2259,Q6E,Nordvik,Eos GT,136,BENZIN,21,25,30,46080.00
2259,Q97,Nordvik,Cedro GTX,108,ELEKTRO,17,14,30,31120.00
2259,QLR,Nordvik,Xeno Kombi,86,DIESEL,17,14,19,35300.00
2259,QLU,Nordvik,Duna 2.0,106,DIESEL,21,26,19,56360.00
2259,R23,Nordvik,Garda Sport,49,BENZIN,10,10,10,21570.00
2259,S2X,Nordvik,Nimbus,70,BENZIN,11,19,30,46700.00
2259,SH6,Nordvik,Kite Prime,188,HYBRID,21,27,31,49400.00
2259,SHP,Nordvik,Nimbus Cross,237,BENZIN,25,32,33,85270.00
2259,SLT,Nordvik,Aria GT,129,BENZIN,22,23,31,60480.00
2259,SNJ,Nordvik,Ibis GTX,110,BENZIN,17,20,27,49480.00
2259,T5O,Nordvik,Aeon Prime,90,DIESEL,13,14,19,40470.00
2259,T73,Nordvik,Levante Coupé,104,DIESEL,21,21,20,45560.00
2259,T9H,Nordvik,Jade 1.2,219,BENZIN,25,30,30,64630.00
2259,TBR,Nordvik,Halo Avant,218,BENZIN,20,26,26,57000.00
2259,TDL,Nordvik,Halo 1.2,196,HYBRID,24,32,31,55170.00
2259,TXP,Nordvik,Delta,145,BENZIN,19,27,18,63350.00
2259,U38,Nordvik,Tessa Avant,80,HYBRID,13,12,17,23120.00
2259,U51,Nordvik,Sirio 1.2,72,DIESEL,10,17,22,37670.00
2259,UG7,Nordvik,Yuka Coupé,160,HYBRID,20,27,25,56950.00
2259,UHC,Nordvik,Nova,104,GAS,24,25,22,45300.00
2259,URR,Nordvik,Nova,89,BENZIN,18,18,28,55650.00
2259,V1V,Nordvik,Xeno Cross,101,HYBRID,15,16,14,29760.00
2259,V21,Nordvik,Faro 2.5,119,DIESEL,12,29,25,32140.00
2259,VAT,Nordvik,Eos 1.2,173,BENZIN,25,30,27,111390.00
2259,VJU,Nordvik,Cirro Comfort,168,HYBRID,22,25,32,55140.00
2259,W07,Nordvik,Quest 1.4,130,BENZIN,22,28,29,62480.00
2259,WWR,Nordvik,Cedro Cross,117,DIESEL,20,25,25,55290.00
2259,XIM,Nordvik,Ulme,319,HYBRID,25,33,34,124670.00
2259,XUY,Nordvik,Delta GT,279,HYBRID,21,31,33,73610.00
2259,YAK,Nordvik,Rigel Cross,246,DIESEL,25,33,34,106720.00
2259,YWY,Nordvik,Garda Comfort,99,DIESEL,16,23,13,42330.00
2259,ZCU,Nordvik,Nova Sport,62,DIESEL,10,12,13,21890.00
2259,ZEW,Nordvik,Sirio Kombi,94,BENZIN,11,13,14,26010.00
2259,ZS3,Nordvik,Nova Comfort,73,ELEKTRO,13,21,11,34410.00
2435,0M5,Orinth,Kobalt Kombi,59,GAS,13,11,12,23900.00
2435,1BH,Orinth,Nimbus Avant,65,BENZIN,10,13,16,25730.00
2435,22N,Orinth,Elan Kombi,199,BENZIN,15,24,30,52220.00
2435,2P1,Orinth,Nova 1.2,272,DIESEL,25,32,34,147570.00
2435,2UO,Orinth,Aria Cross,111,BENZIN,15,31,21,54210.00
2435,2ZX,Orinth,Sirio Coupé,153,BENZIN,24,29,31,74670.00
2435,304,Orinth,Vela 1.6,87,BENZIN,17,15,23,25580.00
2435,363,Orinth,Eos Sport,71,BENZIN,13,18,16,19640.00
2435,3A2,Orinth,Jade 1.6,108,ELEKTRO,12,27,20,38250.00
2435,3CE,Orinth,Kite Cross,50,BENZIN,12,12,10,29070.00
2435,3TT,Orinth,Gale,138,ELEKTRO,16,17,24,37530.00
2435,43K,Orinth,Elan Prime,76,DIESEL,13,12,10,21630.00
2435,4LS,Orinth,Mira Sport,80,DIESEL,14,20,17,34590.00
2435,4PL,Orinth,Nova Cross,87,BENZIN,17,13,12,29790.00
2435,5CZ,Orinth,Aeon Prime,97,DIESEL,16,25,16,28370.00
2435,5FG,Orinth,Juno Comfort,154,BENZIN,21,26,20,53280.00
2435,5GT,Orinth,Zenit 1.2,174,BENZIN,20,24,32,53170.00
2435,6OW,Orinth,Ibis Coupé,115,BENZIN,19,17,21,49810.00
2435,6PW,Orinth,Mistral GTX,121,HYBRID,22,29,32,63360.00
2435,7FE,Orinth,Brise Cross,176,DIESEL,25,28,32,78150.00
2435,7KQ,Orinth,Iskra 1.4,73,BENZIN,11,25,10,22480.00
2435,7ZJ,Orinth,Zenit 1.6,193,DIESEL,18,28,32,54260.00
2435,80N,Orinth,Quest Kombi,76,BENZIN,16,13,15,26100.00
2435,8G3,Orinth,Aria GTX,155,HYBRID,17,29,29,59900.00
2435,8G7,Orinth,Kite Cross,102,HYBRID,19,29,14,54540.00
2435,8JQ,Orinth,Cirro Avant,115,BENZIN,12,14,16,33540.00
2435,98E,Orinth,Quest 1.2,157,ELEKTRO,24,30,26,90220.00
2435,9P1,Orinth,Cedro 1.2,143,BENZIN,23,33,34,109350.00
2435,9XO,Orinth,Aria 1.4,140,BENZIN,15,24,25,40590.00
2435,A9C,Orinth,Kite GT,61,DIESEL,15,18,18,31810.00
2435,AJ3,Orinth,Eos Coupé,160,DIESEL,22,31,26,64500.00
2435,AQT,Orinth,Zenit Coupé,80,GAS,11,13,25,33240.00
2435,B31,Orinth,Bora Cross,115,DIESEL,17,21,31,61150.00
2435,BEX,Orinth,Quest 2.0,117,HYBRID,13,21,15,34060.00
2435,BH1,Orinth,Vela 2.0,125,DIESEL,20,24,25,82440.00
2435,BQB,Orinth,Lyra GT,126,HYBRID,16,26,25,46610.00
2435,BR2,Orinth,Sirio GT,103,BENZIN,24,18,19,51810.00
2435,C5P,Orinth,Garda Kombi,124,DIESEL,21,22,14,39780.00
2435,C81,Orinth,Faro 2.0,99,DIESEL,22,11,21,47650.00
2435,C9W,Orinth,Horizon GTX,99,ELEKTRO,15,17,19,35390.00
2435,C9Y,Orinth,Nova,193,BENZIN,25,32,17,87230.00
2435,CA3,Orinth,Faro 2.0,115,BENZIN,12,25,14,34710.00
2435,D01,Orinth,Halo 1.2,121,BENZIN,13,24,30,35480.00
2435,DAQ,Orinth,Iskra Kombi,98,BENZIN,13,14,20,45260.00
2435,DCE,Orinth,Xeno Coupé,117,DIESEL,15,11,19,24570.00
2435,DEN,Orinth,Tessa 1.2,98,HYBRID,13,22,32,65300.00
2435,DN7,Orinth,Brise 2.5,99,BENZIN,15,18,11,33580.00
2435,DQR,Orinth,Kite GT,98,BENZIN,18,20,25,51110.00
2435,DTZ,Orinth,Duna 1.4,106,BENZIN,22,23,25,45110.00
2435,DVD,Orinth,Iskra 2.0,175,BENZIN,20,33,26,68260.00
2435,E13,Orinth,Mira Sport,97,BENZIN,21,29,24,61100.00
2435,E3W,Orinth,Yuka Coupé,71,DIESEL,15,12,18,29430.00
2435,E4R,Orinth,Mira Coupé,131,DIESEL,18,12,20,20870.00
2435,E7K,Orinth,Ulme 2.0,191,BENZIN,25,28,31,66150.00
2435,EB6,Orinth,Zenit 2.0,102,DIESEL,15,18,27,39360.00
2435,EBE,Orinth,Yuka 2.5,62,BENZIN,11,11,12,27390.00
2435,EVA,Orinth,Zenit Cross,58,BENZIN,11,12,11,25480.00
2435,FA5,Orinth,Brise GT,192,BENZIN,15,31,23,46540.00
2435,G7S,Orinth,Fjell Prime,79,BENZIN,12,15,17,29470.00
2435,GGD,Orinth,Zenit Cross,216,HYBRID,25,33,34,92620.00
2435,GHT,Orinth,Cedro Avant,115,BENZIN,13,25,27,51530.00
2435,GIZ,Orinth,Gale Prime,166,BENZIN,21,25,33,57230.00
2435,GN6,Orinth,Cedro Cross,93,BENZIN,24,20,14,33820.00
2435,HHI,Orinth,Fjell Prime,99,BENZIN,18,20,14,31500.00
2435,HI9,Orinth,Kite,118,BENZIN,19,22,17,50090.00
2435,HJA,Orinth,Sirio 2.0,313,ELEKTRO,25,33,30,123030.00
2435,I89,Orinth,Ibis Coupé,112,DIESEL,19,18,24,34280.00
2435,IJF,Orinth,Eos Cross,119,HYBRID,18,13,16,35870.00
2435,IPO,Orinth,Juno 1.6,104,BENZIN,14,15,10,22810.00
2435,JL4,Orinth,Juno,139,ELEKTRO,19,24,17,35660.00
2435,K2F,Orinth,Gale 1.2,85,BENZIN,16,16,17,29390.00
2435,K72,Orinth,Nova Avant,144,HYBRID,22,24,24,47640.00
2435,KGT,Orinth,Kite 1.4,125,BENZIN,14,26,20,38010.00
2435,KQH,Orinth,Halo Avant,113,DIESEL,18,17,24,36940.00
2435,KSC,Orinth,Lyra Avant,264,HYBRID,21,33,34,84430.00
2435,LSL,Orinth,Delta Kombi,127,ELEKTRO,19,22,32,47480.00
2435,LWF,Orinth,Yuka Comfort,62,HYBRID,14,13,11,23580.00
2435,M6L,Orinth,Cirro GT,164,BENZIN,23,32,29,63430.00
2435,M9G,Orinth,Xeno 2.5,82,DIESEL,11,17,13,22000.00
2435,MD0,Orinth,Ulme 1.6,77,DIESEL,11,11,14,26640.00
2435,MH2,Orinth,Iskra Prime,144,ELEKTRO,20,29,23,63540.00
2435,MX6,Orinth,Halo Coupé,187,BENZIN,24,33,29,83230.00
2435,ND5,Orinth,Kite Kombi,59,DIESEL,18,19,15,49050.00
2435,NOR,Orinth,Faro Comfort,147,HYBRID,14,30,18,46610.00
2435,O1N,Orinth,Ulme Sport,84,DIESEL,13,11,13,31030.00
2435,P89,Orinth,Aria Sport,178,BENZIN,22,19,30,51030.00
2435,PI0,Orinth,Bora Prime,80,BENZIN,14,20,20,44920.00
2435,PU6,Orinth,Aeon Avant,42,DIESEL,10,10,10,17410.00
2435,Q2B,Orinth,Mira GTX,118,HYBRID,17,27,22,44760.00
2435,QJ6,Orinth,Kite 1.2,83,BENZIN,21,14,16,36000.00
2435,QLI,Orinth,Onyx,105,DIESEL,23,20,33,60430.00
2435,QPP,Orinth,Vela Cross,122,HYBRID,21,29,22,49460.00
2435,R1Z,Orinth,Levante,65,BENZIN,13,20,17,40630.00
2435,RED,Orinth,Rigel Sport,165,BENZIN,16,31,29,77290.00
2435,RLT,Orinth,Fjell 1.6,80,BENZIN,13,19,18,36040.00
2435,RWE,Orinth,Zenit Prime,173,DIESEL,17,24,34,65030.00
2435,RXD,Orinth,Gale Prime,138,DIESEL,21,22,31,53850.00
2435,STB,Orinth,Halo 1.4,101,ELEKTRO,13,10,27,22140.00
2435,SYA,Orinth,Delta 2.5,138,HYBRID,21,28,27,44200.00
2435,SZF,Orinth,Gale GT,170,BENZIN,22,27,28,54930.00
2435,T5M,Orinth,Eos,263,BENZIN,25,32,32,109570.00
2435,TB0,Orinth,Bora Prime,266,ELEKTRO,25,33,32,96600.00
2435,TGN,Orinth,Aria Cross,96,DIESEL,21,26,16,33360.00
2435,TM0,Orinth,Levante 1.4,74,BENZIN,13,11,14,33520.00
2435,TNJ,Orinth,Wega Prime,250,DIESEL,25,33,34,98820.00
2435,TUX,Orinth,Pika 1.4,142,HYBRID,20,26,25,60870.00
2435,UAI,Orinth,Tessa 1.4,82,BENZIN,12,21,14,39190.00
2435,UHJ,Orinth,Garda 1.6,83,HYBRID,14,21,21,41700.00
2435,V1I,Orinth,Ibis Comfort,104,BENZIN,14,14,21,56300.00
2435,VGH,Orinth,Onyx Cross,87,BENZIN,11,11,13,18610.00
2435,VHP,Orinth,Ulme 1.6,61,BENZIN,10,15,11,20440.00
2435,W1Y,Orinth,Fjell Kombi,179,ELEKTRO,23,30,17,43260.00
2435,WDL,Orinth,Nova 2.0,64,DIESEL,17,15,20,44920.00
2435,WFQ,Orinth,Duna 1.2,111,ELEKTRO,16,26,15,23440.00
2435,WNN,Orinth,Lyra 1.2,121,BENZIN,18,19,22,60630.00
2435,WS8,Orinth,Tessa Prime,82,ELEKTRO,13,22,15,21450.00
2435,WUM,Orinth,Halo Coupé,90,BENZIN,19,20,14,31620.00
2435,XDA,Orinth,Onyx Coupé,144,HYBRID,19,33,20,70530.00
2435,XGO,Orinth,Zenit GT,108,BENZIN,18,20,15,35780.00
2435,XRL,Orinth,Nimbus,80,BENZIN,15,20,21,35110.00
2435,Y50,Orinth,Yuka Cross,88,DIESEL,13,19,19,40610.00
2435,Z1W,Orinth,Xeno Coupé,139,DIESEL,17,29,29,57070.00
2435,Z89,Orinth,Wega GTX,79,BENZIN,17,20,23,49780.00
2435,ZAX,Orinth,Tessa GTX,134,HYBRID,24,21,18,55610.00
2435,ZMD,Orinth,Iskra Cross,111,DIESEL,12,13,23,25630.00
2435,ZMN,Orinth,Kobalt Comfort,90,DIESEL,14,14,20,34000.00
2435,ZS7,Orinth,Cedro Avant,46,BENZIN,12,10,10,16850.00
2435,ZSA,Orinth,Lyra Comfort,123,DIESEL,21,31,22,56960.00
2631,04S,Pravus,Rigel 2.0,71,DIESEL,13,19,15,38420.00
2631,0A1,Pravus,Delta Avant,99,BENZIN,10,18,24,47140.00
2631,0T9,Pravus,Horizon GTX,82,BENZIN,21,23,17,39230.00
2631,104,Pravus,Ibis 2.5,74,BENZIN,11,14,11,25850.00
2631,2KR,Pravus,Rigel Avant,132,ELEKTRO,24,30,31,78330.00
2631,3G0,Pravus,Yuka Coupé,149,DIESEL,21,26,33,59910.00
2631,3QK,Pravus,Mistral 1.2,249,BENZIN,25,32,34,107320.00
2631,4LQ,Pravus,Juno 1.2,73,BENZIN,22,18,19,45640.00
2631,58R,Pravus,Juno Cross,178,BENZIN,24,30,31,75160.00
2631,5C3,Pravus,Lyra 2.0,67,HYBRID,12,18,11,26080.00
2631,5OQ,Pravus,Wega 1.2,157,ELEKTRO,16,27,25,40860.00
2631,5WG,Pravus,Lyra GT,135,HYBRID,13,15,26,45400.00
2631,64S,Pravus,Quest Coupé,121,BENZIN,15,15,28,51050.00
2631,6GJ,Pravus,Bora 1.4,98,DIESEL,19,17,11,22840.00
2631,6RF,Pravus,Kobalt Cross,71,DIESEL,12,11,17,26050.00
2631,76U,Pravus,Gale Cross,114,BENZIN,23,26,28,65150.00
2631,7Q3,Pravus,Ulme Coupé,83,HYBRID,15,14,14,27660.00
2631,7V6,Pravus,Elan Comfort,135,BENZIN,19,22,20,42940.00
2631,80L,Pravus,Yuka Sport,163,BENZIN,12,27,26,42080.00
2631,8GY,Pravus,Mistral Kombi,148,HYBRID,18,26,29,64040.00
2631,941,Pravus,Lyra Cross,78,DIESEL,16,19,12,32270.00
2631,9DG,Pravus,Horizon 1.6,92,HYBRID,15,27,18,46380.00
2631,9PT,Pravus,Pika Kombi,127,DIESEL,13,22,27,43600.00
2631,ABS,Pravus,Xeno 2.5,87,BENZIN,12,16,16,13350.00
2631,BVZ,Pravus,Duna 1.2,137,BENZIN,22,25,15,44780.00
2631,C13,Pravus,Brise 2.0,169,BENZIN,23,33,32,61800.00
2631,CGO,Pravus,Horizon Coupé,97,DIESEL,21,29,13,32450.00
2631,CMX,Pravus,Aeon Cross,187,BENZIN,19,23,33,72550.00
2631,CW8,Pravus,Nova 1.4,69,DIESEL,15,18,10,34210.00
2631,DWA,Pravus,Kobalt Avant,125,BENZIN,22,28,23,37310.00
2631,DZ0,Pravus,Nimbus Kombi,71,BENZIN,15,15,15,34040.00
2631,ESL,Pravus,Aria 2.5,154,BENZIN,23,27,30,49820.00
2631,FIJ,Pravus,Iskra GTX,83,HYBRID,20,27,19,43090.00
2631,FOL,Pravus,Tessa 2.5,69,BENZIN,11,17,12,20920.00
2631,FVV,Pravus,Levante Sport,119,HYBRID,18,26,31,41430.00
2631,GOP,Pravus,Kobalt 1.2,116,DIESEL,10,19,13,23820.00
2631,GWE,Pravus,Pika Coupé,115,BENZIN,18,25,29,58200.00
2631,H9K,Pravus,Yuka,110,ELEKTRO,18,24,22,40780.00
2631,IH4,Pravus,Fjell GTX,126,BENZIN,17,16,27,38660.00
2631,IMA,Pravus,Ulme Comfort,47,ELEKTRO,10,14,11,17780.00
2631,J89,Pravus,Gale GTX,112,DIESEL,20,18,26,47210.00
2631,JRM,Pravus,Horizon Prime,130,DIESEL,20,23,28,39220.00
2631,K3R,Pravus,Aeon Sport,94,DIESEL,15,23,12,26720.00
2631,KFM,Pravus,Ibis 1.4,84,HYBRID,18,25,21,66750.00
2631,KRU,Pravus,Iskra 1.4,115,BENZIN,24,28,27,85490.00
2631,L2A,Pravus,Aria,153,BENZIN,17,30,28,41590.00
2631,LDT,Pravus,Quest Avant,156,ELEKTRO,16,30,29,53850.00
2631,LRI,Pravus,Rigel Coupé,93,BENZIN,12,10,12,27250.00
2631,LSD,Pravus,Zenit Kombi,196,ELEKTRO,20,30,29,37320.00
2631,MZ0,Pravus,Vela 2.0,309,HYBRID,23,33,31,64730.00
2631,N1H,Pravus,Yuka Comfort,70,GAS,14,12,13,24080.00
2631,N4H,Pravus,Halo 1.4,97,BENZIN,18,18,23,35370.00
2631,NMK,Pravus,Ibis,124,ELEKTRO,18,21,21,43850.00
2631,OM3,Pravus,Kobalt Prime,136,BENZIN,22,17,23,35390.00
2631,PHE,Pravus,Nova Cross,83,BENZIN,13,18,15,28530.00
2631,PRX,Pravus,Aeon Kombi,92,BENZIN,12,21,14,39550.00
2631,QAK,Pravus,Horizon 2.5,116,BENZIN,20,15,17,44160.00
2631,R44,Pravus,Horizon Avant,79,DIESEL,14,17,21,30230.00
2631,RD9,Pravus,Cirro 1.4,74,BENZIN,13,26,13,31460.00
2631,RR5,Pravus,Lyra Comfort,101,BENZIN,19,17,21,51560.00
2631,SJ7,Pravus,Cirro Sport,110,DIESEL,16,28,31,65100.00
2631,T4A,Pravus,Aeon Sport,63,DIESEL,16,21,14,36580.00
2631,T5P,Pravus,Duna Avant,187,DIESEL,21,32,29,66190.00
2631,TN4,Pravus,Zenit 1.2,136,HYBRID,14,18,18,26010.00
2631,TVX,Pravus,Onyx Kombi,121,ELEKTRO,14,28,22,27190.00
2631,U7G,Pravus,Juno Cross,161,ELEKTRO,23,32,33,66800.00
2631,U9O,Pravus,Elan Coupé,100,BENZIN,15,12,16,26390.00
2631,UBB,Pravus,Onyx Cross,181,DIESEL,22,26,23,58130.00
2631,V68,Pravus,Kite,285,BENZIN,25,32,33,111750.00
2631,W98,Pravus,Elan GTX,138,DIESEL,16,31,28,57320.00
2631,WFB,Pravus,Faro 1.2,75,BENZIN,11,14,13,32160.00
2631,WN2,Pravus,Horizon Avant,178,BENZIN,24,31,32,94980.00
2631,WVB,Pravus,Zenit Comfort,94,DIESEL,12,22,23,41450.00
2631,Y6R,Pravus,Eos Kombi,118,HYBRID,21,12,30,46140.00
2631,YD5,Pravus,Brise 1.2,134,BENZIN,24,24,28,73900.00
2631,YHT,Pravus,Eos Comfort,102,HYBRID,17,20,29,42010.00
2631,YWB,Pravus,Aeon 2.0,94,BENZIN,19,20,11,31340.00
2631,Z98,Pravus,Zenit 1.4,134,ELEKTRO,13,16,17,25780.00
2631,ZDP,Pravus,Faro 1.2,59,DIESEL,17,11,15,28220.00
2631,ZUT,Pravus,Aeon Comfort,118,BENZIN,18,28,18,48330.00
2903,09V,Quarzon,Quest 1.6,87,ELEKTRO,12,16,23,30350.00
2903,1IX,Quarzon,Duna GTX,372,BENZIN,25,33,34,154310.00
2903,1QU,Quarzon,Mira,63,GAS,16,26,11,43600.00
2903,1T6,Quarzon,Nova Cross,244,ELEKTRO,23,33,32,93840.00
2903,3HT,Quarzon,Xeno Avant,157,BENZIN,20,32,28,69000.00
2903,3J7,Quarzon,Pika Cross,74,DIESEL,14,18,19,23770.00
2903,3MD,Quarzon,Iskra Cross,224,HYBRID,24,32,31,66200.00
2903,3VK,Quarzon,Elan GT,119,BENZIN,22,18,27,29300.00
2903,46Q,Quarzon,Gale,141,HYBRID,19,13,30,43440.00
2903,58Z,Quarzon,Onyx Avant,162,ELEKTRO,22,16,16,35310.00
2903,5KA,Quarzon,Halo Avant,147,HYBRID,23,31,19,76890.00
2903,6TG,Quarzon,Levante Cross,147,BENZIN,22,28,28,72960.00
2903,6VG,Quarzon,Kobalt Comfort,101,BENZIN,12,15,15,21970.00
2903,6W3,Quarzon,Mistral Comfort,62,DIESEL,13,11,14,22240.00
2903,777,Quarzon,Levante 1.6,146,ELEKTRO,17,27,29,54620.00
2903,8E1,Quarzon,Iskra GT,122,DIESEL,23,27,29,58920.00
2903,8JZ,Quarzon,Wega 1.4,110,BENZIN,20,28,29,64730.00
2903,8QA,Quarzon,Nimbus 2.5,102,DIESEL,18,21,27,58530.00
2903,A3N,Quarzon,Tessa 1.4,144,DIESEL,19,30,22,66560.00
2903,BXH,Quarzon,Faro Coupé,214,DIESEL,24,33,31,76320.00
2903,C68,Quarzon,Mistral 2.5,153,BENZIN,25,33,32,68550.00
2903,CGJ,Quarzon,Onyx GTX,161,BENZIN,19,29,31,43950.00
2903,E86,Quarzon,Aeon Comfort,52,HYBRID,10,10,10,23240.00
2903,EUT,Quarzon,Horizon Cross,137,DIESEL,18,30,30,55630.00
2903,G5T,Quarzon,Mistral 1.6,136,DIESEL,23,29,30,64060.00
2903,GNK,Quarzon,Nova Comfort,94,BENZIN,20,20,20,35640.00
2903,GRA,Quarzon,Aria Sport,120,BENZIN,15,22,21,30340.00
2903,GS6,Quarzon,Eos 2.5,143,HYBRID,17,32,25,42000.00
2903,GV6,Quarzon,Ibis Comfort,59,DIESEL,13,14,12,35780.00
2903,GYF,Quarzon,Horizon 2.0,262,DIESEL,19,31,26,94420.00
2903,H8N,Quarzon,Tessa Comfort,92,ELEKTRO,19,23,24,37300.00
2903,HCY,Quarzon,Iskra GTX,201,BENZIN,23,32,27,75710.00
2903,HWV,Quarzon,Delta Comfort,57,BENZIN,11,10,13,15250.00
2903,I5R,Quarzon,Quest Avant,220,DIESEL,25,29,32,97110.00
2903,IRW,Quarzon,Cedro,105,BENZIN,18,25,31,67810.00
2903,IT4,Quarzon,Cirro,115,BENZIN,15,18,17,29910.00
2903,JK6,Quarzon,Rigel 1.4,97,BENZIN,15,27,17,40270.00
2903,K6Q,Quarzon,Horizon GT,112,DIESEL,20,28,13,38350.00
2903,KG2,Quarzon,Horizon Avant,103,BENZIN,23,26,30,50280.00
2903,KZR,Quarzon,Mira 1.6,103,ELEKTRO,17,18,21,46820.00
2903,L1F,Quarzon,Juno Coupé,77,DIESEL,12,16,14,18650.00
2903,L6U,Quarzon,Mira Coupé,93,GAS,20,21,18,41850.00
2903,L8W,Quarzon,Ibis Kombi,86,BENZIN,17,13,13,20110.00
2903,M20,Quarzon,Ulme GT,224,HYBRID,25,32,30,82700.00
2903,MK4,Quarzon,Zenit Comfort,101,BENZIN,20,28,28,59020.00
2903,NEU,Quarzon,Kite Avant,99,BENZIN,24,30,30,81430.00
2903,OTD,Quarzon,Wega Sport,241,BENZIN,24,33,29,68020.00
2903,Q8P,Quarzon,Mistral Comfort,82,DIESEL,13,26,15,32480.00
2903,REB,Quarzon,Quest GTX,114,BENZIN,17,22,24,45860.00
2903,S4Z,Quarzon,Kite 2.0,82,BENZIN,15,26,14,49420.00
2903,SCN,Quarzon,Kobalt GTX,90,DIESEL,12,10,15,18380.00
2903,SQR,Quarzon,Levante Sport,94,BENZIN,12,16,13,20820.00
2903,SR8,Quarzon,Mistral Coupé,45,BENZIN,11,12,10,15830.00
2903,T5J,Quarzon,Cirro 2.5,55,DIESEL,10,10,11,20180.00
2903,TBD,Quarzon,Eos 2.5,87,BENZIN,21,28,28,51330.00
2903,TZ7,Quarzon,Kobalt Comfort,94,ELEKTRO,12,20,18,29960.00
2903,V1A,Quarzon,Iskra GTX,52,BENZIN,12,12,18,25690.00
2903,W4B,Quarzon,Zenit GT,129,ELEKTRO,17,27,21,47580.00
2903,WZD,Quarzon,Brise 1.2,87,BENZIN,17,19,15,32250.00
2903,X0V,Quarzon,Brise Prime,123,DIESEL,17,27,17,36950.00
2903,X5F,Quarzon,Gale 2.5,66,DIESEL,16,21,18,37820.00
2903,XRX,Quarzon,Iskra Avant,88,DIESEL,19,18,20,43430.00
2903,Y6C,Quarzon,Onyx Kombi,76,DIESEL,20,20,11,47740.00
2903,YI0,Quarzon,Onyx Coupé,108,ELEKTRO,12,13,17,37520.00
2903,YLE,Quarzon,Eos 2.0,130,HYBRID,22,25,31,64820.00
2903,YOQ,Quarzon,Delta 2.5,144,BENZIN,20,25,21,53040.00
2903,ZV7,Quarzon,Ulme,128,DIESEL,17,24,27,65360.00
3090,09D,Rhenus,Kobalt Comfort,126,DIESEL,14,26,28,44040.00
3090,0X3,Rhenus,Kobalt 2.0,167,GAS,23,29,25,42790.00
3090,1MG,Rhenus,Sirio GT,179,DIESEL,19,31,33,57900.00
3090,21G,Rhenus,Cedro Sport,91,BENZIN,20,16,14,27490.00
3090,26H,Rhenus,Zenit Kombi,151,DIESEL,23,31,28,60310.00
3090,4U5,Rhenus,Sirio 1.4,55,BENZIN,10,10,10,19380.00
3090,54S,Rhenus,Lyra 1.6,133,BENZIN,22,24,27,41270.00
3090,56B,Rhenus,Gale Sport,170,ELEKTRO,24,21,27,68090.00
3090,5C0,Rhenus,Onyx 2.5,138,DIESEL,19,17,23,59830.00
3090,5LG,Rhenus,Kite 2.0,94,ELEKTRO,19,24,18,43020.00
3090,5NX,Rhenus,Sirio Avant,123,BENZIN,13,29,29,42270.00
3090,61L,Rhenus,Elan,139,HYBRID,20,30,18,58510.00
3090,6MQ,Rhenus,Bora Sport,129,BENZIN,23,25,31,63140.00
3090,6OX,Rhenus,Lyra 2.0,88,ELEKTRO,12,21,20,33720.00
3090,7X4,Rhenus,Juno Avant,92,DIESEL,19,26,29,39570.00
3090,8TA,Rhenus,Garda GTX,88,HYBRID,13,23,13,25340.00
3090,91W,Rhenus,Delta Coupé,101,DIESEL,20,21,24,45700.00
3090,95K,Rhenus,Delta Cross,72,BENZIN,13,18,18,40950.00
3090,ABP,Rhenus,Vela Prime,138,ELEKTRO,23,27,24,43460.00
3090,CLD,Rhenus,Nimbus Coupé,141,BENZIN,12,31,24,49760.00
3090,CLS,Rhenus,Nova Comfort,248,HYBRID,25,33,31,67050.00
3090,CNX,Rhenus,Ulme Comfort,124,DIESEL,17,22,16,39600.00
3090,CTF,Rhenus,Kobalt Comfort,137,DIESEL,17,25,31,62350.00
3090,D1W,Rhenus,Nova Coupé,100,HYBRID,17,16,14,33700.00
3090,ELF,Rhenus,Zenit GTX,108,BENZIN,22,17,21,34350.00
3090,FL8,Rhenus,Gale Kombi,137,BENZIN,17,22,30,55180.00
3090,FTH,Rhenus,Brise 1.4,153,BENZIN,16,32,26,36890.00
3090,HYE,Rhenus,Kite Sport,90,BENZIN,13,15,25,26970.00
3090,IFN,Rhenus,Cedro,159,DIESEL,24,32,30,67540.00
3090,JZX,Rhenus,Vela GTX,210,BENZIN,24,32,32,96700.00
3090,K4B,Rhenus,Gale 1.4,186,HYBRID,24,33,32,102580.00
3090,LO8,Rhenus,Iskra,67,DIESEL,11,21,15,31390.00
3090,MFK,Rhenus,Rigel Comfort,131,BENZIN,25,27,34,60710.00
3090,NJ4,Rhenus,Jade Kombi,122,ELEKTRO,14,21,27,57820.00
3090,NTT,Rhenus,Yuka GTX,99,BENZIN,22,26,22,37600.00
3090,P07,Rhenus,Nova Coupé,126,HYBRID,20,20,22,43930.00
3090,P2U,Rhenus,Wega Prime,153,DIESEL,20,28,29,114930.00
3090,P7F,Rhenus,Delta Comfort,99,BENZIN,19,17,18,34270.00
3090,PEZ,Rhenus,Yuka 1.6,110,ELEKTRO,23,33,30,76910.00
3090,PHY,Rhenus,Halo 2.5,100,HYBRID,16,14,17,27350.00
3090,PQ4,Rhenus,Duna Comfort,87,BENZIN,13,20,15,34900.00
3090,QKS,Rhenus,Jade Avant,154,BENZIN,24,23,31,71080.00
3090,QS3,Rhenus,Elan,173,BENZIN,22,27,32,55730.00
3090,QSV,Rhenus,Xeno Avant,105,BENZIN,17,29,19,46240.00
3090,R42,Rhenus,Nova 2.0,78,DIESEL,10,11,15,22470.00
3090,S34,Rhenus,Nimbus 1.6,93,BENZIN,18,20,27,52470.00
3090,STQ,Rhenus,Faro 2.5,151,BENZIN,21,26,29,61430.00
3090,T3C,Rhenus,Lyra Comfort,179,BENZIN,14,32,27,39550.00
3090,TNY,Rhenus,Garda 2.0,72,BENZIN,13,13,20,26490.00
3090,TPR,Rhenus,Kobalt GTX,69,DIESEL,13,12,10,27890.00
3090,UGE,Rhenus,Lyra Comfort,51,BENZIN,11,10,10,17820.00
3090,UV5,Rhenus,Delta Kombi,150,BENZIN,24,29,31,44570.00
3090,V1Y,Rhenus,Duna Avant,80,DIESEL,20,26,16,46680.00
3090,VJ1,Rhenus,Kobalt,130,BENZIN,16,18,25,74070.00
3090,VTS,Rhenus,Gale Cross,131,BENZIN,14,26,18,39840.00
3090,WKH,Rhenus,Ibis Sport,120,BENZIN,21,20,22,57990.00
3090,WR9,Rhenus,Iskra Prime,195,GAS,19,32,30,79650.00
3090,X5A,Rhenus,Iskra Sport,129,BENZIN,15,20,28,37200.00
3090,XFS,Rhenus,Yuka Sport,155,BENZIN,20,30,28,40010.00
3090,XJQ,Rhenus,Aria Sport,52,BENZIN,10,11,10,20580.00
3090,Z9S,Rhenus,Quest 2.0,141,ELEKTRO,23,15,29,42510.00
4125,1B5,Saphir,Garda 2.5,159,ELEKTRO,25,28,25,48870.00
4125,1TP,Saphir,Quest Coupé,143,BENZIN,18,29,31,89000.00
4125,36O,Saphir,Kobalt Kombi,83,DIESEL,13,14,15,32090.00
4125,54H,Saphir,Cirro Coupé,115,BENZIN,19,29,18,78420.00
4125,56B,Saphir,Juno 2.0,197,BENZIN,22,31,32,63290.00
4125,794,Saphir,Tessa 1.6,87,ELEKTRO,15,27,23,41460.00
4125,8MC,Saphir,Ibis 2.0,169,DIESEL,25,28,31,76480.00
4125,BIX,Saphir,Ulme Kombi,51,BENZIN,10,10,10,21460.00
4125,CFB,Saphir,Bora 1.2,137,BENZIN,17,15,21,39520.00
4125,DU3,Saphir,Mira Avant,70,BENZIN,14,12,10,31130.00
4125,E7Q,Saphir,Levante Cross,137,BENZIN,23,27,26,105720.00
4125,EF6,Saphir,Brise 1.4,180,HYBRID,25,29,30,100710.00
4125,GA2,Saphir,Juno Sport,131,BENZIN,15,30,25,42190.00
4125,GE2,Saphir,Garda GTX,108,BENZIN,20,25,24,65030.00
4125,HPQ,Saphir,Pika Avant,109,BENZIN,12,17,12,31590.00
4125,LQG,Saphir,Fjell 1.2,105,BENZIN,16,29,20,60900.00
4125,TC8,Saphir,Ulme 1.2,119,BENZIN,13,23,19,24670.00
4125,U5C,Saphir,Lyra Prime,105,BENZIN,19,26,24,43510.00
4125,U6D,Saphir,Mira 1.2,134,BENZIN,21,28,29,47580.00
4125,W3E,Saphir,Nova,165,BENZIN,22,24,33,59840.00
4125,WMO,Saphir,Aria Comfort,107,BENZIN,16,18,26,38260.00
4125,Z1E,Saphir,Cedro Kombi,88,ELEKTRO,11,12,19,28050.00
4281,022,Tellur,Aeon Prime,74,DIESEL,17,16,13,23130.00
4281,035,Tellur,Wega Sport,113,DIESEL,22,23,24,44870.00
4281,06B,Tellur,Elan,182,ELEKTRO,25,32,33,82620.00
4281,09J,Tellur,Kobalt Avant,98,DIESEL,19,18,23,31460.00
4281,0JD,Tellur,Duna Comfort,74,ELEKTRO,11,18,19,35180.00
4281,0JS,Tellur,Bora 1.2,82,DIESEL,15,17,16,34700.00
4281,1K4,Tellur,Cirro 1.4,73,BENZIN,12,14,11,21480.00
4281,1MA,Tellur,Nova Comfort,69,BENZIN,11,12,24,21440.00
4281,1OM,Tellur,Horizon 2.0,159,DIESEL,25,30,28,62720.00
4281,2XD,Tellur,Gale Cross,77,DIESEL,16,16,16,38980.00
4281,39W,Tellur,Mira Sport,67,HYBRID,11,13,15,25080.00
4281,3OF,Tellur,Brise Kombi,96,BENZIN,18,18,14,31380.00
4281,43F,Tellur,Juno Prime,163,HYBRID,25,26,27,103820.00
4281,4QX,Tellur,Levante GTX,89,DIESEL,15,13,23,27480.00
4281,4V5,Tellur,Fjell 1.6,136,DIESEL,20,30,24,84200.00
4281,526,Tellur,Rigel Sport,139,DIESEL,22,16,27,64190.00
4281,58M,Tellur,Levante Cross,114,DIESEL,20,22,30,74570.00
4281,5MU,Tellur,Sirio 1.4,112,BENZIN,14,17,22,34870.00
4281,5OC,Tellur,Ibis Cross,102,DIESEL,12,24,18,36740.00
4281,6G1,Tellur,Levante 1.2,111,GAS,17,20,23,36990.00
4281,6MI,Tellur,Brise GTX,82,HYBRID,22,12,22,37180.00
4281,79W,Tellur,Pika 2.5,134,HYBRID,18,19,31,41700.00
4281,7XJ,Tellur,Duna GTX,140,ELEKTRO,22,15,23,54560.00
4281,84M,Tellur,Cedro GT,105,DIESEL,22,25,24,44680.00
4281,9K7,Tellur,Ibis Coupé,88,HYBRID,19,19,25,37050.00
4281,9PT,Tellur,Tessa Prime,146,HYBRID,17,27,28,43280.00
4281,A0M,Tellur,Tessa Cross,72,HYBRID,19,12,13,30220.00
4281,AE3,Tellur,Duna Comfort,68,ELEKTRO,11,17,11,27170.00
4281,AS3,Tellur,Cedro 2.0,68,GAS,18,15,13,20580.00
4281,AUE,Tellur,Brise Kombi,153,HYBRID,23,32,32,93340.00
4281,AVK,Tellur,Cedro 1.6,77,BENZIN,14,16,15,33640.00
4281,B7N,Tellur,Fjell 1.4,180,BENZIN,23,29,30,46180.00
4281,BB9,Tellur,Halo Prime,263,BENZIN,24,33,29,79220.00
4281,BF9,Tellur,Eos Kombi,68,BENZIN,14,13,13,33890.00
4281,BKH,Tellur,Bora Avant,92,BENZIN,15,20,21,45510.00
4281,BLI,Tellur,Mira GT,81,BENZIN,15,19,19,33070.00
4281,BOM,Tellur,Horizon GTX,227,ELEKTRO,25,32,31,99340.00
4281,BWT,Tellur,Brise Prime,85,HYBRID,15,24,14,41200.00
4281,C17,Tellur,Faro Coupé,104,ELEKTRO,23,15,28,56950.00
4281,CI9,Tellur,Zenit 1.2,139,HYBRID,22,30,31,72120.00
4281,CP7,Tellur,Mistral 2.5,87,DIESEL,14,21,24,56930.00
4281,CQ6,Tellur,Garda GT,79,DIESEL,11,24,10,27080.00
4281,CS1,Tellur,Faro 2.5,104,DIESEL,19,30,21,29480.00
4281,D9V,Tellur,Ulme GTX,98,DIESEL,14,12,15,29530.00
4281,DF3,Tellur,Kobalt GTX,140,BENZIN,25,16,27,55930.00
4281,DK2,Tellur,Bora GT,241,HYBRID,22,32,34,121850.00
4281,DRL,Tellur,Nimbus 1.4,124,BENZIN,24,24,19,40730.00
4281,E1I,Tellur,Nimbus Kombi,103,DIESEL,14,21,22,31960.00
4281,E2U,Tellur,Halo GT,117,BENZIN,25,25,18,50430.00
4281,EMO,Tellur,Cirro GTX,54,BENZIN,11,20,13,27360.00
4281,ER9,Tellur,Juno GT,99,DIESEL,19,19,14,36360.00
4281,EYL,Tellur,Yuka 1.2,147,ELEKTRO,19,20,30,63470.00
4281,F26,Tellur,Brise Prime,273,BENZIN,25,33,34,81230.00
4281,F81,Tellur,Fjell Cross,174,HYBRID,22,32,29,77410.00
4281,FD7,Tellur,Rigel Prime,69,DIESEL,13,14,12,36350.00
4281,FN5,Tellur,Kite 2.0,68,BENZIN,10,13,12,25840.00
4281,FRU,Tellur,Mira Prime,123,BENZIN,20,25,28,48760.00
4281,FUV,Tellur,Duna 1.4,85,GAS,13,14,20,37920.00
4281,H43,Tellur,Iskra,66,BENZIN,12,12,12,27970.00
4281,HLG,Tellur,Cirro 1.4,143,HYBRID,20,13,30,45570.00
4281,HZP,Tellur,Cirro 1.2,64,BENZIN,12,17,22,31150.00
4281,I3Q,Tellur,Mistral 1.4,223,DIESEL,23,23,33,80620.00
4281,I7R,Tellur,Jade 1.6,110,DIESEL,13,27,28,36850.00
4281,IMR,Tellur,Zenit Avant,110,BENZIN,21,17,26,57430.00
4281,IV3,Tellur,Nimbus GT,94,DIESEL,11,15,18,20480.00
4281,J3V,Tellur,Kobalt Sport,170,HYBRID,21,27,32,51880.00
4281,J6H,Tellur,Wega GT,256,BENZIN,25,27,33,73700.00
4281,JGG,Tellur,Nova Prime,127,BENZIN,24,26,23,69700.00
4281,JGP,Tellur,Vela 2.5,96,BENZIN,12,20,20,33860.00
4281,KZ8,Tellur,Elan 2.5,111,BENZIN,20,19,18,63270.00
4281,LB0,Tellur,Pika 1.4,157,DIESEL,23,32,31,54130.00
4281,LJN,Tellur,Cirro 2.5,359,HYBRID,24,33,34,109750.00
4281,LJV,Tellur,Garda Coupé,56,DIESEL,11,16,11,29860.00
4281,LQ2,Tellur,Iskra Comfort,134,BENZIN,22,20,29,50630.00
4281,LWQ,Tellur,Cirro Avant,83,BENZIN,14,13,14,40880.00
4281,M0T,Tellur,Cedro 1.2,195,HYBRID,25,33,27,79890.00
4281,M5O,Tellur,Bora Sport,72,BENZIN,11,11,10,20020.00
4281,MBQ,Tellur,Nimbus Sport,186,BENZIN,19,26,32,41480.00
4281,MGQ,Tellur,Ibis 2.0,48,DIESEL,10,10,11,16830.00
4281,MKO,Tellur,Pika GTX,50,BENZIN,10,10,11,22890.00
4281,MNF,Tellur,Delta 2.5,145,ELEKTRO,21,29,20,51830.00
4281,MQY,Tellur,Gale,115,ELEKTRO,16,22,29,38540.00
4281,N7T,Tellur,Rigel GT,105,ELEKTRO,12,15,18,33780.00
4281,NG6,Tellur,Duna GT,143,BENZIN,24,28,16,59240.00
4281,NKO,Tellur,Jade 1.6,143,DIESEL,15,28,28,59780.00
4281,NS5,Tellur,Delta Kombi,127,BENZIN,15,21,21,51870.00
4281,OBD,Tellur,Zenit 1.4,90,BENZIN,16,21,27,57270.00
4281,R1T,Tellur,Elan 2.5,129,BENZIN,21,26,23,32510.00
4281,R2Z,Tellur,Onyx 1.4,46,DIESEL,10,14,10,19980.00
4281,RBQ,Tellur,Nimbus Sport,104,DIESEL,15,22,15,36590.00
4281,RJY,Tellur,Pika Comfort,111,ELEKTRO,21,28,30,51850.00
4281,RK4,Tellur,Pika 1.2,96,BENZIN,20,20,20,51870.00
4281,RZP,Tellur,Fjell 1.4,63,DIESEL,13,16,11,25350.00
4281,TM6,Tellur,Levante 2.0,144,BENZIN,18,30,30,55870.00
4281,TQN,Tellur,Sirio 1.4,36,BENZIN,10,10,10,29650.00
4281,U9P,Tellur,Levante GTX,217,DIESEL,25,31,33,95670.00
4281,UFK,Tellur,Horizon Prime,104,GAS,13,21,26,42590.00
4281,UOV,Tellur,Xeno Comfort,137,ELEKTRO,16,24,26,37840.00
4281,UPR,Tellur,Nimbus GT,109,HYBRID,20,25,23,58110.00
4281,USZ,Tellur,Vela Comfort,80,DIESEL,13,13,16,23220.00
4281,UTR,Tellur,Horizon Prime,75,DIESEL,11,17,11,26120.00
4281,UXF,Tellur,Tessa Kombi,51,DIESEL,10,11,10,18820.00
4281,VER,Tellur,Mistral 1.2,138,DIESEL,22,21,27,49340.00
4281,VL0,Tellur,Sirio Sport,116,ELEKTRO,14,17,26,38480.00
4281,VS0,Tellur,Cirro Comfort,177,ELEKTRO,22,33,32,98230.00
4281,WHQ,Tellur,Pika Kombi,53,BENZIN,11,11,16,38680.00
4281,WZF,Tellur,Onyx 2.5,252,BENZIN,25,30,34,82860.00
4281,X8B,Tellur,Brise GTX,119,BENZIN,19,17,14,36800.00
4281,XW4,Tellur,Nova GT,97,DIESEL,15,13,14,31710.00
4281,Y45,Tellur,Lyra Avant,149,ELEKTRO,20,25,30,60000.00
4281,Y5Z,Tellur,Eos Sport,218,DIESEL,21,21,30,49150.00
4281,YCG,Tellur,Aeon 1.2,85,DIESEL,15,15,16,34380.00
4281,YH4,Tellur,Duna 1.4,92,HYBRID,21,25,18,39310.00
4281,YHU,Tellur,Levante 1.2,64,BENZIN,15,15,10,27590.00
4281,YO2,Tellur,Tessa GTX,135,BENZIN,20,32,28,89190.00
4281,YRO,Tellur,Pika GT,131,BENZIN,18,22,23,56070.00
4281,Z1W,Tellur,Nimbus GT,86,BENZIN,19,14,18,23270.00
4281,Z30,Tellur,Halo GT,165,BENZIN,22,33,20,52860.00
4281,ZZ5,Tellur,Zenit GTX,171,DIESEL,20,29,32,88410.00
4319,0CU,Ursin,Iskra Cross,71,DIESEL,14,10,15,18440.00
4319,0HZ,Ursin,Nimbus 1.6,103,BENZIN,14,19,23,35810.00
4319,10T,Ursin,Levante Kombi,112,BENZIN,23,25,18,72780.00
4319,18S,Ursin,Onyx Sport,150,DIESEL,19,28,26,51800.00
4319,2VD,Ursin,Mistral Cross,81,BENZIN,13,14,22,33890.00
4319,2YV,Ursin,Fjell 1.2,86,DIESEL,17,22,17,38220.00
4319,40W,Ursin,Cedro Avant,65,BENZIN,11,12,12,27750.00
4319,4M3,Ursin,Iskra,210,BENZIN,22,32,31,84920.00
4319,5IA,Ursin,Garda 1.2,125,DIESEL,22,22,25,62030.00
4319,5JX,Ursin,Iskra 2.0,137,BENZIN,19,19,16,37360.00
4319,6CM,Ursin,Xeno GT,222,ELEKTRO,21,31,22,53990.00
4319,8SW,Ursin,Zenit Kombi,268,HYBRID,25,33,32,132030.00
4319,A4E,Ursin,Brise 2.5,131,DIESEL,15,18,28,41730.00
4319,AG2,Ursin,Nimbus 1.2,71,GAS,22,16,22,51130.00
4319,AS8,Ursin,Brise 1.2,154,ELEKTRO,21,31,15,62140.00
4319,BDL,Ursin,Lyra 1.6,35,BENZIN,10,10,10,17620.00
4319,BOC,Ursin,Eos 2.5,389,HYBRID,25,32,34,110380.00
4319,C80,Ursin,Ibis GTX,45,DIESEL,15,12,10,14920.00
4319,D7K,Ursin,Levante 1.2,84,BENZIN,11,15,23,33710.00
4319,DK6,Ursin,Sirio 2.0,59,BENZIN,11,19,13,25430.00
4319,ECA,Ursin,Zenit Kombi,231,BENZIN,23,33,31,81010.00
4319,FNN,Ursin,Zenit Avant,123,BENZIN,14,26,17,45220.00
4319,G7A,Ursin,Levante Sport,114,BENZIN,22,24,23,41140.00
4319,HTU,Ursin,Delta 1.6,151,ELEKTRO,21,27,27,36930.00
4319,I81,Ursin,Juno 2.0,155,BENZIN,15,28,17,58890.00
4319,ICU,Ursin,Mira GT,48,BENZIN,10,10,10,19300.00
4319,JWL,Ursin,Vela Kombi,59,ELEKTRO,13,10,11,14580.00
4319,K8Z,Ursin,Horizon 1.6,93,HYBRID,12,18,11,19670.00
4319,K9S,Ursin,Mira Sport,133,DIESEL,17,14,25,34110.00
4319,KSP,Ursin,Wega Sport,126,HYBRID,21,19,29,42750.00
4319,KYB,Ursin,Yuka GTX,147,DIESEL,23,21,30,59920.00
4319,L2R,Ursin,Horizon Cross,63,DIESEL,11,10,12,24420.00
4319,L5N,Ursin,Nimbus 2.0,133,DIESEL,15,25,28,46060.00
4319,LBA,Ursin,Pika Cross,96,DIESEL,16,16,14,22380.00
4319,M60,Ursin,Cirro 2.0,161,BENZIN,24,21,29,40990.00
4319,MBL,Ursin,Nimbus 2.5,96,DIESEL,13,10,11,20930.00
4319,MYU,Ursin,Aeon 1.4,47,DIESEL,12,11,10,26430.00
4319,NGJ,Ursin,Lyra 1.4,270,HYBRID,24,33,34,109060.00
4319,NVG,Ursin,Lyra Avant,139,BENZIN,17,20,24,43310.00
4319,NZ9,Ursin,Duna Comfort,137,ELEKTRO,18,22,29,42280.00
4319,O3X,Ursin,Aeon 1.2,63,HYBRID,11,16,11,29580.00
4319,OUG,Ursin,Elan 1.6,133,DIESEL,15,13,19,32030.00
4319,PFA,Ursin,Cirro Kombi,68,DIESEL,12,10,15,18220.00
4319,QWC,Ursin,Aeon 1.2,69,BENZIN,14,16,26,32880.00
4319,RZH,Ursin,Sirio GT,105,DIESEL,15,13,26,30000.00
4319,S5T,Ursin,Delta 1.6,75,DIESEL,13,18,15,30500.00
4319,S9S,Ursin,Nimbus Kombi,103,BENZIN,16,17,22,35850.00
4319,ST0,Ursin,Rigel Prime,129,BENZIN,18,26,28,43210.00
4319,T63,Ursin,Mistral Coupé,196,BENZIN,21,33,32,61330.00
4319,TY6,Ursin,Vela Coupé,53,BENZIN,11,14,18,31340.00
4319,UO3,Ursin,Faro 2.5,106,BENZIN,21,19,25,40350.00
4319,US9,Ursin,Bora Comfort,54,BENZIN,12,20,16,45640.00
4319,VFM,Ursin,Halo 1.6,285,BENZIN,25,32,34,102670.00
4319,W9D,Ursin,Fjell,67,BENZIN,11,11,11,19110.00
4319,WFP,Ursin,Ulme GTX,173,DIESEL,23,31,32,38750.00
4319,WXZ,Ursin,Gale 2.0,49,ELEKTRO,10,12,10,19340.00
4319,XLO,Ursin,Mistral GT,73,BENZIN,12,18,14,32300.00
4319,XY3,Ursin,Cedro Coupé,63,BENZIN,14,12,12,38680.00
4319,YPK,Ursin,Quest Prime,183,BENZIN,17,25,30,52260.00
4319,YTB,Ursin,Kobalt Cross,126,BENZIN,19,25,30,57750.00
4319,YTI,Ursin,Garda GTX,145,DIESEL,21,28,26,47800.00
4319,Z62,Ursin,Iskra 2.5,60,BENZIN,16,12,14,41790.00
4442,02O,Vindal,Sirio 2.0,120,DIESEL,13,23,24,50750.00
4442,0BS,Vindal,Yuka Coupé,69,DIESEL,13,18,17,34840.00
4442,0LE,Vindal,Garda 1.6,161,ELEKTRO,18,24,28,67090.00
4442,0VQ,Vindal,Sirio GTX,110,GAS,18,21,27,36540.00
4442,1OB,Vindal,Eos Comfort,44,BENZIN,10,13,12,23540.00
4442,1OF,Vindal,Kobalt 2.0,60,HYBRID,10,12,11,19730.00
4442,1RZ,Vindal,Iskra Kombi,88,ELEKTRO,21,21,22,40350.00
4442,24I,Vindal,Ulme Kombi,139,DIESEL,20,28,18,32380.00
4442,2FG,Vindal,Gale 2.5,134,HYBRID,13,28,32,58100.00
4442,2T7,Vindal,Brise Comfort,123,DIESEL,17,29,27,57140.00
4442,2XQ,Vindal,Onyx 2.5,132,ELEKTRO,17,24,20,39590.00
4442,33O,Vindal,Delta GT,92,HYBRID,19,18,14,38130.00
4442,3F6,Vindal,Wega Avant,136,HYBRID,22,23,27,51090.00
4442,3HK,Vindal,Ibis Comfort,114,HYBRID,14,11,24,35870.00
4442,3JU,Vindal,Delta Prime,53,BENZIN,10,12,14,19630.00
4442,3MH,Vindal,Horizon Sport,105,BENZIN,19,15,25,50010.00
4442,3Q5,Vindal,Kobalt 1.4,73,GAS,13,16,21,26510.00
4442,4ND,Vindal,Pika 1.4,67,HYBRID,13,13,11,18890.00
4442,4R1,Vindal,Jade GT,79,HYBRID,16,20,12,43710.00
4442,4RO,Vindal,Levante GT,102,BENZIN,14,22,21,38110.00
4442,5AP,Vindal,Aria GT,100,HYBRID,19,21,17,53560.00
4442,5BE,Vindal,Kite Kombi,40,BENZIN,11,15,11,47050.00
4442,5FD,Vindal,Aria 1.4,313,DIESEL,25,33,34,103230.00
4442,5P1,Vindal,Duna 1.4,108,HYBRID,19,24,14,41500.00
4442,64X,Vindal,Duna Kombi,168,BENZIN,20,20,25,45930.00
4442,6EF,Vindal,Kobalt Coupé,79,GAS,11,11,13,22660.00
4442,6GV,Vindal,Nimbus Kombi,163,ELEKTRO,24,27,17,56510.00
4442,6MU,Vindal,Garda,73,BENZIN,14,12,15,31690.00
4442,6RC,Vindal,Mira Avant,81,GAS,14,19,16,42500.00
4442,7DQ,Vindal,Halo 1.4,248,BENZIN,23,31,33,88280.00
4442,7JY,Vindal,Juno Coupé,224,BENZIN,24,26,28,66350.00
4442,8Z1,Vindal,Cedro 1.4,125,BENZIN,20,21,23,41790.00
4442,8ZS,Vindal,Kobalt Avant,84,DIESEL,17,20,21,43350.00
4442,91L,Vindal,Quest 1.6,126,BENZIN,20,29,25,38020.00
4442,95S,Vindal,Iskra Comfort,188,BENZIN,24,30,32,76420.00
4442,9AH,Vindal,Lyra 2.5,115,ELEKTRO,17,29,30,44180.00
4442,9AX,Vindal,Jade Comfort,126,HYBRID,17,27,22,41890.00
4442,9SQ,Vindal,Aria GTX,99,ELEKTRO,18,18,21,34350.00
4442,9UE,Vindal,Delta 2.5,50,DIESEL,10,10,12,22390.00
4442,A0Q,Vindal,Xeno Cross,98,DIESEL,13,22,18,44010.00
4442,A2O,Vindal,Eos Prime,136,HYBRID,25,27,24,70890.00
4442,AA1,Vindal,Juno GT,239,BENZIN,23,29,31,49470.00
4442,B1Y,Vindal,Mira GT,83,ELEKTRO,13,12,11,17010.00
4442,B3C,Vindal,Cedro Cross,95,BENZIN,16,24,11,30920.00
4442,B68,Vindal,Gale 1.6,116,HYBRID,19,21,27,42040.00
4442,BN8,Vindal,Wega Prime,76,DIESEL,16,15,12,33390.00
4442,BVN,Vindal,Rigel Avant,85,BENZIN,15,20,16,39750.00
4442,BYJ,Vindal,Kite 1.2,65,DIESEL,11,14,12,20540.00
4442,C50,Vindal,Ulme 1.6,103,ELEKTRO,17,22,18,27090.00
4442,C61,Vindal,Onyx Comfort,86,BENZIN,15,18,16,27650.00
4442,CDC,Vindal,Bora 2.0,357,BENZIN,25,33,32,74160.00
4442,CO0,Vindal,Vela Comfort,96,BENZIN,13,22,13,28960.00
4442,CWC,Vindal,Jade 1.2,46,BENZIN,14,12,13,28740.00
4442,D34,Vindal,Mistral 2.5,94,BENZIN,11,15,14,37990.00
4442,DBM,Vindal,Xeno 2.5,38,DIESEL,10,10,10,13650.00
4442,DCB,Vindal,Quest Avant,98,BENZIN,18,26,18,28070.00
4442,EDH,Vindal,Onyx Avant,138,BENZIN,18,17,29,53810.00
4442,EHD,Vindal,Gale GT,48,DIESEL,12,10,18,20000.00
4442,ESA,Vindal,Nova 1.6,103,BENZIN,17,18,16,34960.00
4442,ETA,Vindal,Mistral,223,DIESEL,23,32,34,80430.00
4442,F2R,Vindal,Faro Avant,58,BENZIN,13,11,11,20150.00
4442,FA1,Vindal,Kite Comfort,97,HYBRID,11,25,21,31910.00
4442,FE2,Vindal,Xeno Kombi,144,BENZIN,20,29,13,33180.00
4442,FKG,Vindal,Horizon,83,DIESEL,15,25,21,59220.00
4442,FMK,Vindal,Tessa 2.0,52,HYBRID,12,15,14,28870.00
4442,FOM,Vindal,Vela GTX,68,BENZIN,13,15,11,35090.00
4442,FQE,Vindal,Wega 1.4,85,BENZIN,12,17,17,31460.00
4442,FU0,Vindal,Ulme 1.2,168,BENZIN,25,18,30,55630.00
4442,FUA,Vindal,Onyx 1.4,173,DIESEL,22,22,22,37060.00
4442,FXG,Vindal,Bora 1.2,67,BENZIN,11,12,17,30930.00
4442,G8Q,Vindal,Faro Prime,114,BENZIN,22,20,29,39870.00
4442,GI2,Vindal,Brise Cross,82,ELEKTRO,13,18,17,33770.00
4442,GIA,Vindal,Juno 2.0,117,DIESEL,19,17,22,24070.00
4442,GIC,Vindal,Rigel 1.4,120,BENZIN,12,15,18,27190.00
4442,GRQ,Vindal,Mistral Prime,71,ELEKTRO,15,25,15,40330.00
4442,GTI,Vindal,Wega 1.2,140,ELEKTRO,18,26,19,46000.00
4442,GWO,Vindal,Xeno Sport,262,HYBRID,25,32,34,95220.00
4442,H32,Vindal,Cirro 1.6,72,GAS,14,12,19,28830.00
4442,H8V,Vindal,Onyx GTX,49,GAS,11,10,13,14220.00
4442,HAL,Vindal,Kite Prime,84,GAS,23,26,18,50680.00
4442,HCB,Vindal,Juno Prime,111,BENZIN,14,19,24,24120.00
4442,HIY,Vindal,Brise 1.2,166,DIESEL,21,19,23,42050.00
4442,HX4,Vindal,Rigel Avant,85,BENZIN,13,15,19,42730.00
4442,HZ4,Vindal,Faro 1.2,209,DIESEL,24,27,31,64500.00
4442,I4H,Vindal,Wega Cross,189,BENZIN,24,27,29,58960.00
4442,I7E,Vindal,Levante GT,120,BENZIN,13,24,23,36660.00
4442,ICL,Vindal,Bora 1.4,70,BENZIN,12,15,14,33500.00
4442,IV9,Vindal,Brise,95,DIESEL,19,11,19,40070.00
4442,IVE,Vindal,Tessa 2.5,160,BENZIN,15,20,24,58050.00
4442,IYC,Vindal,Levante 1.6,47,BENZIN,12,22,13,29070.00
4442,JD6,Vindal,Gale Sport,126,BENZIN,21,23,29,72430.00
4442,JL1,Vindal,Sirio Coupé,73,DIESEL,14,24,16,53440.00
4442,K0Q,Vindal,Juno 1.4,166,BENZIN,15,19,17,51690.00
4442,KEG,Vindal,Aeon Coupé,74,BENZIN,12,10,13,19650.00
4442,KK0,Vindal,Juno 2.5,167,BENZIN,20,29,27,53340.00
4442,KRL,Vindal,Kobalt Coupé,157,ELEKTRO,22,31,30,52940.00
4442,KSB,Vindal,Gale Kombi,99,GAS,15,20,24,32520.00
4442,KVC,Vindal,Eos,45,DIESEL,10,11,11,24850.00
4442,LC8,Vindal,Kobalt 1.4,57,ELEKTRO,11,10,10,18090.00
4442,LOX,Vindal,Elan Sport,100,GAS,16,17,19,44000.00
4442,LSB,Vindal,Horizon 1.4,116,HYBRID,17,14,22,43500.00
4442,M1R,Vindal,Elan 1.2,89,BENZIN,11,20,17,45610.00
4442,M2D,Vindal,Cirro,168,DIESEL,23,29,31,84220.00
4442,M2Z,Vindal,Zenit Prime,118,BENZIN,17,20,20,48830.00
4442,MJC,Vindal,Sirio Comfort,75,DIESEL,12,15,11,30550.00
4442,MJS,Vindal,Lyra 2.5,117,BENZIN,13,15,29,43590.00
4442,MND,Vindal,Levante Avant,246,BENZIN,23,32,32,59150.00
4442,N2T,Vindal,Quest Prime,55,DIESEL,10,17,12,23020.00
4442,NF4,Vindal,Ulme,117,DIESEL,15,15,25,68460.00
4442,NHR,Vindal,Bora 1.6,58,BENZIN,10,13,11,19730.00
4442,NK9,Vindal,Delta 1.6,71,BENZIN,15,16,12,28640.00
4442,NKY,Vindal,Lyra Prime,65,ELEKTRO,10,12,13,26350.00
4442,NVH,Vindal,Nimbus Avant,86,DIESEL,13,12,12,19940.00
4442,O13,Vindal,Eos,80,BENZIN,20,17,15,21630.00
4442,O5D,Vindal,Wega GT,143,BENZIN,14,23,23,38080.00
4442,O5U,Vindal,Iskra Comfort,87,BENZIN,12,19,17,44500.00
4442,OC6,Vindal,Elan Comfort,155,HYBRID,24,19,33,57840.00
4442,OHF,Vindal,Sirio Kombi,65,ELEKTRO,12,12,11,21650.00
4442,OW8,Vindal,Brise Cross,94,BENZIN,15,18,13,26790.00
4442,P4I,Vindal,Xeno Comfort,102,DIESEL,14,22,14,39910.00
4442,P8Y,Vindal,Sirio GT,57,BENZIN,17,12,14,37480.00
4442,PED,Vindal,Cedro 1.2,76,DIESEL,11,17,21,45190.00
4442,PMZ,Vindal,Jade,131,DIESEL,16,25,28,65620.00
4442,Q42,Vindal,Levante Coupé,209,BENZIN,24,33,33,110930.00
4442,Q87,Vindal,Eos 1.6,59,BENZIN,11,14,14,38120.00
4442,QEB,Vindal,Rigel 2.0,186,GAS,22,28,34,59620.00
4442,QH6,Vindal,Halo 2.5,202,HYBRID,25,29,33,83330.00
4442,QNX,Vindal,Mira GTX,83,BENZIN,13,10,11,33600.00
4442,QUL,Vindal,Yuka 2.0,48,DIESEL,10,12,10,24120.00
4442,R0S,Vindal,Mira 2.0,75,DIESEL,13,12,26,47230.00
4442,RAR,Vindal,Tessa,93,HYBRID,19,29,22,32910.00
4442,RLD,Vindal,Tessa 1.6,227,DIESEL,25,33,34,96050.00
4442,RTC,Vindal,Eos Cross,81,BENZIN,12,24,11,34720.00
4442,S9O,Vindal,Lyra Coupé,118,BENZIN,12,32,26,52310.00
4442,SDN,Vindal,Levante Coupé,58,DIESEL,10,13,13,26370.00
4442,SH8,Vindal,Ibis 1.2,64,DIESEL,10,16,12,28130.00
4442,SH9,Vindal,Fjell 2.5,101,HYBRID,18,19,14,34060.00
4442,SLJ,Vindal,Mistral 2.0,199,HYBRID,21,29,25,53990.00
4442,SQM,Vindal,Levante GT,207,ELEKTRO,25,33,33,80630.00
4442,SUX,Vindal,Ulme,98,BENZIN,16,24,15,35390.00
4442,SV9,Vindal,Sirio 2.5,63,DIESEL,16,12,16,24470.00
4442,TCJ,Vindal,Aeon Coupé,76,BENZIN,11,19,24,39510.00
4442,TT1,Vindal,Delta 2.5,254,GAS,23,33,32,85150.00
4442,TX0,Vindal,Juno,157,BENZIN,24,31,30,86080.00
4442,U1A,Vindal,Duna 1.2,63,DIESEL,13,12,15,27530.00
4442,UEL,Vindal,Ulme Comfort,105,ELEKTRO,15,15,17,36000.00
4442,UQW,Vindal,Lyra 1.4,112,DIESEL,12,21,15,34000.00
4442,V63,Vindal,Halo 1.4,250,HYBRID,25,32,30,55310.00
4442,VCX,Vindal,Juno Sport,119,BENZIN,18,16,21,53520.00
4442,VDY,Vindal,Horizon 2.5,107,DIESEL,18,20,22,46950.00
4442,VFF,Vindal,Vela Coupé,97,BENZIN,14,21,26,43560.00
4442,VX9,Vindal,Cirro 1.4,178,BENZIN,20,19,28,34050.00
4442,WKZ,Vindal,Yuka GT,125,DIESEL,23,32,30,58170.00
4442,WXN,Vindal,Gale Comfort,129,BENZIN,16,22,29,40560.00
4442,X0M,Vindal,Cedro,102,BENZIN,21,28,23,69430.00
4442,X1J,Vindal,Elan 1.6,86,BENZIN,20,18,17,40820.00
4442,X1O,Vindal,Garda Coupé,81,DIESEL,11,14,11,22590.00
4442,XU8,Vindal,Halo Coupé,113,DIESEL,24,25,22,63450.00
4442,Y05,Vindal,Delta Prime,114,HYBRID,19,25,22,40030.00
4442,Y76,Vindal,Lyra Coupé,130,BENZIN,19,25,28,41110.00
4442,Y7V,Vindal,Zenit Cross,124,DIESEL,17,26,13,37310.00
4442,ZCI,Vindal,Zenit,125,BENZIN,21,23,25,61840.00
4442,ZN9,Vindal,Iskra Coupé,172,DIESEL,24,30,30,87860.00
4442,ZPA,Vindal,Pika 1.4,115,DIESEL,21,31,32,63350.00
4473,0C9,Wendelin,Vela 2.5,172,BENZIN,24,31,32,76240.00
4473,12E,Wendelin,Duna Cross,49,DIESEL,10,11,12,17200.00
4473,18D,Wendelin,Onyx 1.2,79,BENZIN,15,18,18,40460.00
4473,4G7,Wendelin,Ulme Coupé,115,DIESEL,18,27,31,54850.00
4473,5U5,Wendelin,Pika Comfort,233,BENZIN,22,32,30,63310.00
4473,6D6,Wendelin,Gale Coupé,176,BENZIN,15,29,34,78900.00
4473,7JK,Wendelin,Ibis 1.2,89,DIESEL,12,14,18,29280.00
4473,7Z9,Wendelin,Delta 1.4,79,DIESEL,13,17,18,34150.00
4473,8I3,Wendelin,Vela Sport,98,DIESEL,17,15,25,53970.00
4473,9ZZ,Wendelin,Duna GTX,61,DIESEL,11,10,10,20580.00
4473,A7C,Wendelin,Jade GTX,74,DIESEL,11,18,14,30970.00
4473,ADT,Wendelin,Duna Cross,48,DIESEL,11,12,11,19360.00
4473,CFB,Wendelin,Brise Prime,192,HYBRID,24,32,28,67550.00
4473,D65,Wendelin,Gale Avant,117,BENZIN,21,23,28,47670.00
4473,FHJ,Wendelin,Faro Cross,221,BENZIN,23,30,30,53650.00
4473,GU7,Wendelin,Cirro 2.0,58,BENZIN,10,13,13,29950.00
4473,HG0,Wendelin,Lyra GT,115,ELEKTRO,17,19,17,36540.00
4473,IF2,Wendelin,Zenit Prime,120,BENZIN,20,15,24,56020.00
4473,IXB,Wendelin,Mira,63,ELEKTRO,12,10,10,28610.00
4473,K8K,Wendelin,Aria Prime,83,ELEKTRO,12,20,11,19250.00
4473,KM7,Wendelin,Iskra 1.2,160,BENZIN,19,27,33,61280.00
4473,L4O,Wendelin,Rigel Sport,59,DIESEL,11,17,18,28330.00
4473,LDR,Wendelin,Tessa GT,138,BENZIN,24,28,25,50330.00
4473,M71,Wendelin,Garda Sport,88,DIESEL,19,20,16,63020.00
4473,MBH,Wendelin,Duna Kombi,69,HYBRID,14,10,12,20520.00
4473,O3T,Wendelin,Fjell Cross,223,BENZIN,25,31,34,96940.00
4473,ST7,Wendelin,Ibis 2.0,110,DIESEL,22,25,27,45270.00
4473,SVM,Wendelin,Quest Kombi,99,DIESEL,16,12,21,35820.00
4473,UA2,Wendelin,Tessa 1.2,110,DIESEL,11,18,16,24500.00
4473,UIZ,Wendelin,Jade Prime,98,BENZIN,15,23,13,33100.00
4473,X3D,Wendelin,Delta GTX,149,HYBRID,24,26,19,69040.00
4473,XYG,Wendelin,Onyx 1.4,130,ELEKTRO,18,17,20,34740.00
4473,ZFQ,Wendelin,Brise 2.0,90,ELEKTRO,12,23,12,24000.00
4473,ZS1,Wendelin,Aria 2.5,74,BENZIN,11,19,12,38700.00
4689,054,Xanthos,Zenit GTX,250,ELEKTRO,21,28,34,82700.00
4689,16M,Xanthos,Aeon Sport,115,BENZIN,13,11,28,37360.00
4689,29L,Xanthos,Jade Sport,137,DIESEL,16,21,23,38570.00
4689,2BY,Xanthos,Pika Prime,147,HYBRID,22,25,31,63320.00
4689,2QH,Xanthos,Fjell Sport,135,BENZIN,18,30,28,53580.00
4689,2UN,Xanthos,Quest Cross,112,DIESEL,16,21,31,58140.00
4689,31N,Xanthos,Pika Cross,160,BENZIN,25,31,27,76710.00
4689,3NL,Xanthos,Juno Avant,178,DIESEL,17,30,30,70270.00
4689,49H,Xanthos,Duna 1.2,61,DIESEL,19,14,18,40470.00
4689,4TS,Xanthos,Zenit,108,DIESEL,16,29,13,53810.00
4689,510,Xanthos,Wega 2.5,127,BENZIN,21,25,16,55750.00
4689,5OO,Xanthos,Aria GTX,95,HYBRID,20,23,16,32610.00
4689,65Z,Xanthos,Horizon Prime,132,BENZIN,21,20,27,37410.00
4689,6ZU,Xanthos,Halo 2.0,190,HYBRID,20,31,25,64120.00
4689,74Q,Xanthos,Jade 1.2,66,BENZIN,15,18,17,30810.00
4689,7JI,Xanthos,Wega 2.5,102,BENZIN,17,21,32,59910.00
4689,8EC,Xanthos,Jade Cross,131,DIESEL,16,24,29,36470.00
4689,8PD,Xanthos,Nova 1.2,120,DIESEL,24,21,22,61760.00
4689,8SE,Xanthos,Faro,122,HYBRID,16,23,31,60740.00
4689,90T,Xanthos,Cirro 2.0,206,BENZIN,23,32,32,76690.00
4689,91Z,Xanthos,Kite 1.2,88,BENZIN,16,16,21,81950.00
4689,9L0,Xanthos,Xeno,99,BENZIN,18,26,23,46630.00
4689,9U9,Xanthos,Mira 2.0,105,DIESEL,18,13,19,30080.00
4689,AEH,Xanthos,Elan Sport,55,HYBRID,11,19,13,31200.00
4689,BN6,Xanthos,Ibis GT,170,BENZIN,21,24,33,60610.00
4689,BPC,Xanthos,Aeon Avant,118,HYBRID,15,13,20,25000.00
4689,BYR,Xanthos,Kite 1.6,52,DIESEL,13,11,10,22580.00
4689,C5Z,Xanthos,Mistral 2.5,182,ELEKTRO,25,31,27,62450.00
4689,C6A,Xanthos,Duna,91,BENZIN,19,25,23,54290.00
4689,CMY,Xanthos,Tessa 2.0,137,BENZIN,21,29,18,33390.00
4689,D2Q,Xanthos,Quest Prime,118,ELEKTRO,13,22,16,34360.00
4689,D3W,Xanthos,Halo,106,HYBRID,15,13,24,31280.00
4689,DXQ,Xanthos,Mistral 1.4,122,DIESEL,21,17,18,40870.00
4689,EK6,Xanthos,Juno Avant,74,BENZIN,17,18,15,43580.00
4689,FA3,Xanthos,Ibis,144,BENZIN,21,25,26,71280.00
4689,G2P,Xanthos,Juno 1.6,111,BENZIN,19,30,26,55950.00
4689,GA5,Xanthos,Aeon Cross,113,DIESEL,24,27,21,72510.00
4689,HX3,Xanthos,Wega Cross,61,DIESEL,10,13,14,21690.00
4689,I1G,Xanthos,Fjell 1.2,144,BENZIN,22,22,23,61480.00
4689,IM1,Xanthos,Mistral 2.5,200,HYBRID,24,32,28,86730.00
4689,K4W,Xanthos,Ibis Coupé,121,BENZIN,13,25,12,42200.00
4689,K9L,Xanthos,Aria Kombi,217,ELEKTRO,21,29,27,54030.00
4689,KME,Xanthos,Cirro 1.2,111,HYBRID,17,28,23,37360.00
4689,KO4,Xanthos,Gale GT,49,BENZIN,10,11,12,19580.00
4689,KPU,Xanthos,Xeno,101,BENZIN,13,19,16,38250.00
4689,KR4,Xanthos,Elan Sport,101,BENZIN,14,19,24,40500.00
4689,LYM,Xanthos,Fjell Comfort,140,BENZIN,18,23,23,47810.00
4689,M8Y,Xanthos,Kobalt GT,326,BENZIN,25,33,30,132760.00
4689,MQA,Xanthos,Brise,235,DIESEL,23,30,31,82060.00
4689,NA9,Xanthos,Quest,132,HYBRID,18,24,28,87870.00
4689,NBJ,Xanthos,Mira Kombi,120,BENZIN,17,21,28,39950.00
4689,NJK,Xanthos,Gale GT,107,BENZIN,13,14,19,25930.00
4689,NK1,Xanthos,Nova 1.4,114,ELEKTRO,24,19,32,47540.00
4689,NMJ,Xanthos,Aeon Coupé,147,BENZIN,20,19,27,51620.00
4689,OFO,Xanthos,Bora Cross,159,ELEKTRO,20,24,30,47190.00
4689,OOO,Xanthos,Yuka 2.5,187,GAS,23,26,22,51840.00
4689,OSY,Xanthos,Sirio Cross,114,ELEKTRO,14,28,27,67830.00
4689,P30,Xanthos,Fjell Comfort,213,HYBRID,21,32,31,77320.00
4689,P3P,Xanthos,Ulme Comfort,111,BENZIN,19,22,26,48080.00
4689,QOV,Xanthos,Duna GTX,101,BENZIN,23,26,21,47870.00
4689,QZ4,Xanthos,Kite GT,188,ELEKTRO,19,33,33,86560.00
4689,R32,Xanthos,Kite GTX,249,HYBRID,25,33,27,101520.00
4689,RQN,Xanthos,Rigel Comfort,105,BENZIN,18,21,17,30560.00
4689,S1E,Xanthos,Delta 1.4,43,BENZIN,10,10,12,32960.00
4689,SDV,Xanthos,Mistral Sport,50,BENZIN,10,14,13,21850.00
4689,U1P,Xanthos,Ulme Avant,232,DIESEL,25,31,34,94710.00
4689,UXI,Xanthos,Garda 2.0,241,ELEKTRO,21,30,23,60810.00
4689,V0G,Xanthos,Mistral GTX,206,HYBRID,25,33,33,93620.00
4689,V71,Xanthos,Wega Comfort,100,GAS,15,25,16,55240.00
4689,VTU,Xanthos,Kite Avant,210,BENZIN,20,32,33,112380.00
4689,W2Y,Xanthos,Jade,135,BENZIN,20,23,19,43560.00
4689,XOO,Xanthos,Aria 1.6,79,DIESEL,10,16,11,25510.00
4689,XR1,Xanthos,Elan,116,BENZIN,18,11,14,35960.00
4689,YIG,Xanthos,Garda GT,106,DIESEL,19,30,20,47030.00
4689,YUG,Xanthos,Aeon Comfort,188,BENZIN,22,31,32,89450.00
4689,YUP,Xanthos,Vela Coupé,107,BENZIN,19,20,14,33350.00
4689,Z1P,Xanthos,Yuka Coupé,85,BENZIN,20,26,28,54170.00
4689,ZU0,Xanthos,Gale 2.5,78,BENZIN,21,23,19,46220.00
5082,0MJ,Ymir,Onyx GTX,156,BENZIN,18,33,32,62900.00
5082,0V7,Ymir,Vela Comfort,159,DIESEL,23,25,31,48650.00
5082,1DT,Ymir,Kite Kombi,150,BENZIN,21,32,26,82600.00
5082,1G1,Ymir,Tessa 1.2,133,BENZIN,21,27,28,60480.00
5082,1GD,Ymir,Jade Comfort,111,BENZIN,15,25,27,63330.00
5082,1SV,Ymir,Mira 1.4,347,BENZIN,24,28,34,67780.00
5082,1X6,Ymir,Eos 1.6,89,DIESEL,14,13,22,25900.00
5082,26V,Ymir,Jade 2.5,116,DIESEL,20,17,17,34330.00
5082,2D8,Ymir,Ibis 1.2,150,BENZIN,24,20,23,59540.00
5082,2M0,Ymir,Quest Cross,224,BENZIN,25,29,32,56060.00
5082,4L1,Ymir,Nimbus 2.0,163,DIESEL,22,28,27,43320.00
5082,4U8,Ymir,Faro GTX,183,BENZIN,22,23,28,65190.00
5082,7OZ,Ymir,Ibis 2.0,105,ELEKTRO,16,23,23,49300.00
5082,7ZI,Ymir,Sirio Avant,102,BENZIN,15,21,28,54760.00
5082,80C,Ymir,Eos 2.0,81,HYBRID,10,15,18,32570.00
5082,927,Ymir,Aeon Kombi,51,BENZIN,11,16,15,26670.00
5082,9I1,Ymir,Delta Kombi,229,BENZIN,25,33,33,125250.00
5082,9K3,Ymir,Gale,87,BENZIN,12,17,21,28000.00
5082,AXD,Ymir,Sirio 1.6,69,BENZIN,19,15,22,39680.00
5082,BAK,Ymir,Horizon 1.6,155,BENZIN,22,24,27,45310.00
5082,BWK,Ymir,Sirio 2.0,69,BENZIN,13,14,22,41400.00
5082,CN7,Ymir,Vela Cross,40,DIESEL,12,10,12,22800.00
5082,E0L,Ymir,Vela GT,111,BENZIN,15,20,18,34430.00
5082,E1E,Ymir,Xeno Cross,324,ELEKTRO,25,33,34,73210.00
5082,EJM,Ymir,Jade,86,DIESEL,16,18,20,32120.00
5082,F7P,Ymir,Levante Prime,130,DIESEL,18,17,20,41170.00
5082,FCZ,Ymir,Brise 1.6,126,BENZIN,14,18,26,45820.00
5082,G29,Ymir,Fjell GT,172,BENZIN,22,30,30,72090.00
5082,G4D,Ymir,Yuka 2.5,151,ELEKTRO,19,21,18,40950.00
5082,GZP,Ymir,Duna 1.4,89,DIESEL,12,19,18,31110.00
5082,IB4,Ymir,Juno GT,179,BENZIN,22,24,29,62680.00
5082,IGY,Ymir,Tessa Cross,108,BENZIN,21,21,28,43660.00
5082,J6A,Ymir,Nova 1.4,89,DIESEL,18,24,17,32700.00
5082,JEW,Ymir,Cirro 1.4,118,HYBRID,20,16,14,26730.00
5082,LDJ,Ymir,Nova Kombi,103,BENZIN,13,13,11,32820.00
5082,LVR,Ymir,Wega Coupé,91,BENZIN,17,19,28,64320.00
5082,LXP,Ymir,Ibis 2.5,53,BENZIN,11,10,11,14530.00
5082,NNS,Ymir,Gale GT,87,BENZIN,19,14,13,38410.00
5082,NUX,Ymir,Jade Kombi,88,BENZIN,13,23,13,40240.00
5082,O8Q,Ymir,Wega GTX,74,BENZIN,10,10,13,20640.00
5082,OH1,Ymir,Onyx Coupé,112,BENZIN,15,15,22,49380.00
5082,OLP,Ymir,Wega Coupé,118,HYBRID,20,27,26,39900.00
5082,ORI,Ymir,Kite Avant,189,GAS,23,18,17,51330.00
5082,OUL,Ymir,Lyra Coupé,113,ELEKTRO,17,20,28,50100.00
5082,QEO,Ymir,Xeno Cross,39,DIESEL,10,13,14,16210.00
5082,R33,Ymir,Quest GTX,106,BENZIN,21,20,27,59380.00
5082,R4G,Ymir,Bora Kombi,201,BENZIN,23,33,33,91010.00
5082,S9Q,Ymir,Xeno Prime,96,DIESEL,17,16,14,29420.00
5082,SD9,Ymir,Ibis Avant,108,ELEKTRO,18,16,31,63230.00
5082,UEL,Ymir,Nova 1.4,271,BENZIN,24,26,33,65180.00
5082,V7U,Ymir,Fjell Sport,118,DIESEL,19,31,24,68820.00
5082,VN3,Ymir,Mistral Sport,111,BENZIN,22,26,23,45960.00
5082,VQ2,Ymir,Nimbus,117,BENZIN,15,31,28,59410.00
5082,W26,Ymir,Zenit Prime,125,DIESEL,19,17,21,41250.00
5082,W8H,Ymir,Cedro Cross,82,BENZIN,16,14,20,34590.00
5082,WHX,Ymir,Juno,70,ELEKTRO,14,12,16,22400.00
5082,WXJ,Ymir,Nimbus 1.6,80,BENZIN,13,16,24,23720.00
5082,XNJ,Ymir,Halo Comfort,67,BENZIN,12,17,21,29270.00
5082,XQU,Ymir,Pika 1.6,76,BENZIN,18,14,17,39140.00
5082,Y7C,Ymir,Bora Sport,234,HYBRID,25,31,31,89140.00
5082,YCY,Ymir,Duna Prime,70,DIESEL,13,13,11,21480.00
5082,YY8,Ymir,Wega Coupé,241,ELEKTRO,22,33,32,68800.00
5082,Z9Q,Ymir,Aeon Sport,131,DIESEL,21,27,29,56600.00
5082,ZFJ,Ymir,Garda Sport,159,DIESEL,14,22,31,30280.00
5205,05F,Zephyros,Eos GTX,90,DIESEL,11,21,11,27360.00
5205,0SB,Zephyros,Mira Sport,157,DIESEL,20,30,28,74970.00
5205,1G9,Zephyros,Iskra Coupé,92,DIESEL,19,14,26,47600.00
5205,1I9,Zephyros,Cedro 2.5,145,BENZIN,21,17,33,71360.00
5205,4OQ,Zephyros,Yuka 2.0,159,BENZIN,19,23,28,56820.00
5205,57E,Zephyros,Kite Kombi,264,HYBRID,25,33,34,151890.00
5205,7Y2,Zephyros,Rigel Sport,254,HYBRID,24,33,32,87950.00
5205,ANP,Zephyros,Faro Comfort,122,BENZIN,17,19,15,36790.00
5205,BY7,Zephyros,Eos GT,125,DIESEL,21,31,33,77920.00
5205,CJ0,Zephyros,Gale Sport,260,HYBRID,24,32,31,97480.00
5205,DZH,Zephyros,Quest Prime,176,BENZIN,22,29,32,64140.00
5205,EVC,Zephyros,Elan 2.5,146,BENZIN,19,25,26,53440.00
5205,FBO,Zephyros,Xeno GTX,164,HYBRID,17,29,30,78870.00
5205,G3S,Zephyros,Delta Cross,118,BENZIN,21,21,27,42720.00
5205,GM6,Zephyros,Kobalt 1.6,187,BENZIN,16,20,26,36460.00
5205,H53,Zephyros,Juno Kombi,194,ELEKTRO,19,32,24,57450.00
5205,HGP,Zephyros,Rigel GTX,160,BENZIN,24,21,30,55610.00
5205,HV6,Zephyros,Levante 1.2,86,DIESEL,18,18,16,42090.00
5205,I5Q,Zephyros,Zenit GTX,135,BENZIN,16,18,22,49170.00
5205,KHY,Zephyros,Iskra 1.2,96,ELEKTRO,18,21,22,32230.00
5205,M1O,Zephyros,Xeno Cross,64,HYBRID,10,14,19,25980.00
5205,MUS,Zephyros,Nova Kombi,92,DIESEL,19,14,25,40010.00
5205,P47,Zephyros,Brise 1.6,203,DIESEL,24,32,33,83670.00
5205,PMH,Zephyros,Aeon GT,184,DIESEL,22,25,29,53680.00
5205,PTM,Zephyros,Cirro Coupé,54,BENZIN,10,13,12,21040.00
5205,RGQ,Zephyros,Lyra Coupé,253,DIESEL,25,33,33,82210.00
5205,RSV,Zephyros,Mira 1.2,108,BENZIN,17,19,15,21930.00
5205,S0J,Zephyros,Quest GT,56,HYBRID,10,10,10,22340.00
5205,SH5,Zephyros,Duna,52,DIESEL,14,10,12,23620.00
5205,SLD,Zephyros,Kite GTX,88,BENZIN,13,14,19,30360.00
5205,TG4,Zephyros,Iskra Avant,71,DIESEL,12,14,26,38350.00
5205,TNU,Zephyros,Delta 2.0,96,HYBRID,12,12,19,28790.00
5205,UO7,Zephyros,Eos GTX,172,DIESEL,22,21,20,50820.00
5205,V11,Zephyros,Vela Avant,95,HYBRID,12,15,24,39350.00
5205,WFS,Zephyros,Jade 2.5,67,HYBRID,10,10,11,22960.00
5205,WLS,Zephyros,Zenit 1.2,142,DIESEL,15,24,28,53080.00
5205,Y15,Zephyros,Fjell GT,158,HYBRID,17,24,26,50050.00
5205,Y9K,Zephyros,Gale Avant,174,HYBRID,25,32,34,104290.00
5205,YCA,Zephyros,Nimbus 2.5,121,ELEKTRO,14,24,18,25010.00
5429,1NB,Arvid,Vela 2.5,142,BENZIN,20,29,27,60710.00
5429,3AF,Arvid,Onyx 2.5,175,HYBRID,21,28,30,55930.00
5429,3AG,Arvid,Yuka Comfort,179,BENZIN,25,30,33,73020.00
5429,5F3,Arvid,Nova Coupé,175,ELEKTRO,24,29,29,88140.00
5429,6H2,Arvid,Zenit Prime,43,BENZIN,11,11,10,24220.00
5429,72O,Arvid,Kite Cross,118,DIESEL,16,26,21,63020.00
5429,B3N,Arvid,Iskra Cross,146,HYBRID,19,33,24,71610.00
5429,CH5,Arvid,Eos Prime,85,ELEKTRO,11,17,19,39410.00
5429,E55,Arvid,Aria Coupé,61,BENZIN,10,10,12,21460.00
5429,E8D,Arvid,Ibis 1.6,88,BENZIN,17,12,21,41600.00
5429,EBG,Arvid,Mira GT,165,ELEKTRO,19,27,27,58580.00
5429,JF7,Arvid,Pika Kombi,83,BENZIN,13,14,14,34100.00
5429,KMO,Arvid,Iskra 1.4,73,DIESEL,15,13,14,29240.00
5429,L12,Arvid,Aeon Avant,72,BENZIN,15,12,15,29330.00
5429,M26,Arvid,Fjell 1.6,89,DIESEL,18,17,11,39240.00
5429,MUF,Arvid,Tessa 2.0,71,DIESEL,11,13,10,34660.00
5429,NEY,Arvid,Horizon Prime,99,BENZIN,12,20,13,34340.00
5429,P3C,Arvid,Duna GT,327,BENZIN,24,33,32,85000.00
5429,Q0S,Arvid,Pika 1.4,91,BENZIN,16,31,25,53040.00
5429,RQ0,Arvid,Sirio Coupé,197,BENZIN,21,30,28,33610.00
5429,RXS,Arvid,Rigel Coupé,83,BENZIN,22,14,17,33150.00
5429,UWL,Arvid,Eos 1.2,187,HYBRID,25,25,16,39940.00
5429,V39,Arvid,Mira 1.4,39,BENZIN,10,10,10,15540.00
5429,VDE,Arvid,Gale Sport,128,ELEKTRO,12,26,15,31340.00
5429,Y55,Arvid,Mira 1.4,106,DIESEL,16,15,13,33570.00
5429,Z44,Arvid,Ibis Avant,126,BENZIN,21,21,17,40180.00
5670,0LO,Borkum,Bora 1.4,111,BENZIN,16,29,30,33780.00
5670,0S7,Borkum,Rigel,221,ELEKTRO,24,29,33,135600.00
5670,1XP,Borkum,Wega GT,93,DIESEL,20,21,17,49480.00
5670,2NC,Borkum,Nova 2.0,107,HYBRID,19,17,18,37940.00
5670,323,Borkum,Nimbus Avant,98,BENZIN,16,15,18,40930.00
5670,40O,Borkum,Bora Avant,114,BENZIN,18,16,17,30670.00
5670,4HL,Borkum,Quest Avant,104,ELEKTRO,17,17,23,38780.00
5670,50W,Borkum,Ulme Cross,139,BENZIN,14,22,14,27050.00
5670,ASK,Borkum,Elan 1.4,73,GAS,16,20,21,64100.00
5670,CW9,Borkum,Cirro,100,HYBRID,20,19,20,24550.00
5670,DTM,Borkum,Faro 1.2,127,ELEKTRO,18,22,26,52400.00
5670,DZD,Borkum,Pika GTX,81,GAS,17,17,11,40310.00
5670,EIJ,Borkum,Pika,68,BENZIN,11,13,12,42080.00
5670,ESM,Borkum,Fjell Coupé,56,BENZIN,10,10,11,20380.00
5670,H41,Borkum,Aeon 1.4,168,BENZIN,24,26,30,81080.00
5670,IM5,Borkum,Pika 2.0,153,HYBRID,22,29,23,64650.00
5670,J54,Borkum,Mira 2.5,139,GAS,12,24,31,54310.00
5670,JAW,Borkum,Cirro 2.0,164,BENZIN,20,29,25,50450.00
5670,KC9,Borkum,Aria Kombi,100,BENZIN,14,14,21,34840.00
5670,LHG,Borkum,Rigel 1.6,260,ELEKTRO,23,33,22,77120.00
5670,LKH,Borkum,Iskra Sport,122,BENZIN,17,20,20,35780.00
5670,M72,Borkum,Mira 1.6,206,HYBRID,21,32,32,85860.00
5670,N6Q,Borkum,Cirro Avant,123,BENZIN,23,31,26,84970.00
5670,OCA,Borkum,Pika Cross,87,BENZIN,13,20,22,37300.00
5670,OYI,Borkum,Vela Prime,146,DIESEL,23,29,29,72470.00
5670,RA0,Borkum,Quest 2.0,101,BENZIN,14,20,25,52920.00
5670,URX,Borkum,Horizon Kombi,87,DIESEL,18,16,12,31700.00
5670,V51,Borkum,Nimbus Sport,80,DIESEL,11,12,19,32410.00
5670,XL2,Borkum,Elan Coupé,182,ELEKTRO,23,26,31,53660.00
5670,XPP,Borkum,Gale 1.4,210,ELEKTRO,24,28,34,74230.00
5670,ZMF,Borkum,Halo Comfort,170,ELEKTRO,19,32,30,53910.00
6507,10T,Cimber,Onyx 2.5,49,BENZIN,11,17,11,24430.00
6507,1A4,Cimber,Juno Coupé,121,HYBRID,21,15,18,32110.00
6507,1AT,Cimber,Kite,58,DIESEL,13,15,18,35300.00
6507,1PW,Cimber,Delta GTX,205,BENZIN,25,24,27,86320.00
6507,1Y3,Cimber,Tessa 2.0,74,BENZIN,11,14,13,21890.00
6507,1YT,Cimber,Xeno 2.5,97,BENZIN,14,11,14,31090.00
6507,3NI,Cimber,Eos Prime,81,BENZIN,14,15,12,20890.00
6507,3QJ,Cimber,Sirio Coupé,110,DIESEL,17,28,19,29690.00
6507,46D,Cimber,Aria Sport,66,BENZIN,11,12,12,30090.00
6507,60P,Cimber,Aeon,127,BENZIN,20,21,19,35570.00
6507,646,Cimber,Faro,117,BENZIN,13,27,19,41530.00
6507,6BD,Cimber,Cedro 2.5,151,HYBRID,20,30,25,55440.00
6507,6IZ,Cimber,Kite Sport,72,BENZIN,10,13,16,25960.00
6507,863,Cimber,Eos GT,67,BENZIN,15,16,16,36730.00
6507,8OB,Cimber,Sirio Comfort,81,BENZIN,16,13,25,36600.00
6507,95F,Cimber,Sirio Sport,50,DIESEL,10,10,12,13830.00
6507,9C1,Cimber,Gale 1.6,71,DIESEL,13,26,18,35180.00
6507,BOL,Cimber,Vela 1.4,48,BENZIN,12,10,12,19270.00
6507,BSZ,Cimber,Yuka,80,DIESEL,12,17,11,33180.00
6507,CEZ,Cimber,Cirro 1.4,94,BENZIN,16,20,24,47730.00
6507,CTV,Cimber,Wega GTX,111,BENZIN,22,30,20,57650.00
6507,D5Z,Cimber,Mira 1.2,64,BENZIN,12,17,10,37890.00
6507,E1B,Cimber,Levante GT,75,DIESEL,12,13,19,24620.00
6507,E4M,Cimber,Onyx Prime,152,DIESEL,22,31,24,61690.00
6507,EFR,Cimber,Delta 1.2,103,DIESEL,13,29,19,39290.00
6507,EHU,Cimber,Kobalt Coupé,127,DIESEL,19,16,27,61730.00
6507,EY6,Cimber,Pika 1.2,235,DIESEL,25,33,33,72520.00
6507,F2A,Cimber,Pika Kombi,64,BENZIN,11,19,29,39720.00
6507,FKJ,Cimber,Mira Coupé,94,DIESEL,13,13,13,34490.00
6507,FQJ,Cimber,Cirro Kombi,82,HYBRID,24,18,17,29440.00
6507,FZI,Cimber,Onyx GTX,213,ELEKTRO,23,30,32,69280.00
6507,FZM,Cimber,Eos 2.5,59,BENZIN,10,15,10,17130.00
6507,GH3,Cimber,Tessa Coupé,98,BENZIN,12,13,17,32470.00
6507,GHA,Cimber,Rigel GTX,99,ELEKTRO,15,26,26,52120.00
6507,IZO,Cimber,Fjell 1.4,89,BENZIN,18,23,26,40980.00
6507,JAW,Cimber,Faro GTX,100,BENZIN,21,25,30,57150.00
6507,JIW,Cimber,Pika 2.5,113,HYBRID,20,22,25,37920.00
6507,JXJ,Cimber,Kite Prime,70,DIESEL,14,13,17,34800.00
6507,KO0,Cimber,Faro Coupé,103,BENZIN,19,14,21,37350.00
6507,L0H,Cimber,Jade Comfort,115,BENZIN,18,21,31,56960.00
6507,L95,Cimber,Iskra 1.4,153,HYBRID,18,30,16,33530.00
6507,LTQ,Cimber,Rigel 2.5,79,BENZIN,15,13,16,35490.00
6507,LX4,Cimber,Onyx Kombi,92,DIESEL,20,14,20,42430.00
6507,M3Z,Cimber,Cedro Coupé,79,BENZIN,10,16,10,22010.00
6507,M4G,Cimber,Mistral 1.2,91,DIESEL,10,18,11,22150.00
6507,MB2,Cimber,Bora,121,DIESEL,23,29,25,80270.00
6507,MCQ,Cimber,Levante Avant,235,DIESEL,25,33,34,163030.00
6507,MOW,Cimber,Lyra 2.0,179,GAS,22,26,29,68770.00
6507,N6H,Cimber,Ibis Comfort,183,HYBRID,21,24,31,54360.00
6507,OGU,Cimber,Lyra 2.0,91,ELEKTRO,19,21,24,38230.00
6507,PEB,Cimber,Aria Comfort,198,DIESEL,23,32,33,67820.00
6507,PVQ,Cimber,Mira GT,92,ELEKTRO,15,32,24,62880.00
6507,QLI,Cimber,Yuka Avant,141,DIESEL,21,28,25,87050.00
6507,RNR,Cimber,Kobalt 1.6,111,HYBRID,18,23,17,47180.00
6507,S0E,Cimber,Rigel 1.4,122,HYBRID,22,28,26,48310.00
6507,S0K,Cimber,Iskra Sport,45,BENZIN,11,10,10,19270.00
6507,S2K,Cimber,Vela,168,ELEKTRO,22,28,24,37270.00
6507,T3T,Cimber,Xeno Comfort,152,HYBRID,23,25,19,62830.00
6507,TEF,Cimber,Juno 2.0,93,BENZIN,19,19,17,38920.00
6507,TQ3,Cimber,Xeno 1.2,137,BENZIN,22,25,25,51180.00
6507,TUH,Cimber,Fjell Prime,186,DIESEL,22,24,31,69620.00
6507,TVG,Cimber,Yuka GTX,41,BENZIN,11,10,10,19730.00
6507,VB0,Cimber,Kobalt Comfort,147,HYBRID,25,30,27,62420.00
6507,XH7,Cimber,Horizon 2.0,87,BENZIN,19,14,15,26250.00
6507,XLK,Cimber,Aeon 1.4,67,ELEKTRO,11,19,14,36110.00
6507,Y9R,Cimber,Nova Sport,124,HYBRID,16,19,20,41890.00
6507,YDM,Cimber,Tessa Avant,179,BENZIN,24,15,34,57990.00
6507,YEJ,Cimber,Levante Cross,123,BENZIN,16,18,21,67580.00
6507,YFV,Cimber,Lyra 2.5,173,DIESEL,20,26,19,48070.00
6507,YFW,Cimber,Levante Comfort,111,BENZIN,19,29,18,54320.00
6507,YOC,Cimber,Nova Cross,109,DIESEL,17,17,28,45380.00
6507,ZWH,Cimber,Aeon,110,BENZIN,17,14,17,47930.00
6512,1GF,Dorsten,Delta Cross,108,DIESEL,19,21,16,48320.00
6512,1YZ,Dorsten,Cirro,166,BENZIN,25,32,25,76540.00
6512,204,Dorsten,Elan Kombi,283,DIESEL,25,28,33,100990.00
6512,2BB,Dorsten,Kobalt Cross,73,BENZIN,12,14,15,23070.00
6512,33R,Dorsten,Ulme Avant,94,GAS,13,23,17,37200.00
6512,4MS,Dorsten,Kobalt 1.2,149,ELEKTRO,23,30,30,72580.00
6512,6FN,Dorsten,Jade 1.6,57,BENZIN,12,11,13,21940.00
6512,6L3,Dorsten,Nova Prime,182,DIESEL,19,23,21,58780.00
6512,7L0,Dorsten,Garda Prime,73,DIESEL,15,21,12,32080.00
6512,BI8,Dorsten,Bora 1.4,89,BENZIN,14,15,15,43400.00
6512,BOP,Dorsten,Delta GTX,170,DIESEL,24,30,30,66520.00
6512,BXZ,Dorsten,Wega Prime,58,BENZIN,13,12,10,18880.00
6512,CK4,Dorsten,Eos Comfort,106,BENZIN,16,15,28,24820.00
6512,CSE,Dorsten,Juno Coupé,79,DIESEL,14,17,13,24490.00
6512,EMD,Dorsten,Fjell GT,110,BENZIN,19,25,22,38380.00
6512,EYZ,Dorsten,Ibis 2.5,67,BENZIN,11,18,19,42640.00
6512,F6N,Dorsten,Jade Comfort,106,BENZIN,14,13,19,44320.00
6512,GLR,Dorsten,Zenit 1.4,78,DIESEL,13,12,11,21160.00
6512,H5T,Dorsten,Gale Kombi,72,DIESEL,12,18,22,23950.00
6512,HO5,Dorsten,Kite GTX,83,BENZIN,14,15,19,30290.00
6512,IFM,Dorsten,Kite 2.0,181,BENZIN,22,25,25,64420.00
6512,IWN,Dorsten,Xeno Comfort,148,HYBRID,18,25,21,35580.00
6512,K61,Dorsten,Garda 2.0,91,HYBRID,14,21,23,33380.00
6512,LI2,Dorsten,Brise Avant,255,DIESEL,25,32,34,97200.00
6512,N2N,Dorsten,Ulme Coupé,120,BENZIN,16,15,21,34410.00
6512,O3L,Dorsten,Fjell Cross,136,HYBRID,16,20,19,37000.00
6512,PM7,Dorsten,Cirro GTX,150,ELEKTRO,19,24,30,50100.00
6512,PO5,Dorsten,Kite 2.5,96,DIESEL,14,27,21,45400.00
6512,Q1A,Dorsten,Jade 2.5,114,BENZIN,12,17,16,28770.00
6512,QG9,Dorsten,Horizon 1.4,170,BENZIN,24,23,28,51610.00
6512,R44,Dorsten,Faro Prime,109,BENZIN,19,23,25,61420.00
6512,VMQ,Dorsten,Fjell 2.0,164,HYBRID,17,30,15,35250.00
6512,W4Y,Dorsten,Pika GT,92,ELEKTRO,12,16,20,29280.00
6512,W67,Dorsten,Mira 2.5,89,BENZIN,12,28,26,39740.00
6512,WGQ,Dorsten,Fjell 1.4,101,BENZIN,20,16,25,34820.00
6512,WJV,Dorsten,Zenit Kombi,82,DIESEL,15,22,16,32120.00
6512,WMF,Dorsten,Mira Kombi,130,DIESEL,18,25,17,42320.00
6512,Y1M,Dorsten,Yuka Sport,102,DIESEL,17,13,17,34710.00
6512,ZQ7,Dorsten,Wega Coupé,99,GAS,18,19,23,39240.00
6582,05G,Elbmark,Cedro 1.2,157,BENZIN,19,29,34,68170.00
6582,0SZ,Elbmark,Nimbus Cross,149,HYBRID,17,30,27,59700.00
6582,1IQ,Elbmark,Elan GTX,59,DIESEL,11,20,12,32250.00
6582,1JZ,Elbmark,Duna,100,BENZIN,16,22,15,29130.00
6582,1SW,Elbmark,Vela 2.5,111,DIESEL,12,20,17,43090.00
6582,218,Elbmark,Gale 2.0,88,BENZIN,12,12,14,19550.00
6582,275,Elbmark,Sirio 1.4,45,BENZIN,10,11,10,22040.00
6582,277,Elbmark,Aria 2.5,111,ELEKTRO,19,16,17,24850.00
6582,2BN,Elbmark,Nova GT,173,BENZIN,23,30,33,65040.00
6582,2GF,Elbmark,Wega Coupé,61,BENZIN,10,10,11,15960.00
6582,2YZ,Elbmark,Ulme Avant,68,BENZIN,15,18,17,51080.00
6582,34R,Elbmark,Yuka Prime,152,BENZIN,24,31,24,64480.00
6582,35E,Elbmark,Duna GT,55,BENZIN,11,12,12,24020.00
6582,3I1,Elbmark,Lyra Sport,91,BENZIN,16,17,16,36460.00
6582,44G,Elbmark,Levante 1.4,68,BENZIN,10,16,14,21270.00
6582,45L,Elbmark,Fjell Cross,54,BENZIN,13,12,21,29350.00
6582,46R,Elbmark,Wega Cross,62,BENZIN,14,22,14,46800.00
6582,4I5,Elbmark,Duna Sport,97,DIESEL,18,28,30,37920.00
6582,4KI,Elbmark,Aria GTX,91,GAS,21,19,25,36570.00
6582,4MH,Elbmark,Lyra Avant,364,HYBRID,25,33,33,89990.00
6582,4OD,Elbmark,Zenit Comfort,100,BENZIN,14,13,17,28680.00
6582,4SO,Elbmark,Horizon 1.4,93,ELEKTRO,24,19,23,51940.00
6582,533,Elbmark,Levante GT,260,DIESEL,24,32,30,93280.00
6582,5GF,Elbmark,Garda,53,HYBRID,13,10,14,24220.00
6582,63O,Elbmark,Quest Coupé,69,BENZIN,10,16,12,18180.00
6582,66V,Elbmark,Juno Cross,63,DIESEL,13,16,13,28390.00
6582,6FF,Elbmark,Rigel 2.0,49,BENZIN,11,11,15,24750.00
6582,6PI,Elbmark,Cedro,131,BENZIN,17,21,28,48080.00
6582,72X,Elbmark,Kite Cross,92,BENZIN,21,26,17,41060.00
6582,752,Elbmark,Mira Prime,99,BENZIN,16,16,19,36360.00
6582,7YD,Elbmark,Garda 2.5,124,BENZIN,24,19,26,52940.00
6582,83B,Elbmark,Duna Kombi,100,ELEKTRO,12,15,23,37270.00
6582,86T,Elbmark,Mistral 1.2,135,BENZIN,16,31,23,50500.00
6582,8J6,Elbmark,Mira Sport,78,DIESEL,11,13,14,20590.00
6582,8TY,Elbmark,Cedro 1.6,83,BENZIN,10,19,25,22090.00
6582,99T,Elbmark,Elan Sport,83,HYBRID,11,16,17,26720.00
6582,9B5,Elbmark,Nimbus 1.6,70,HYBRID,15,17,14,46190.00
6582,9I9,Elbmark,Faro Prime,114,BENZIN,15,24,14,30850.00
6582,9OY,Elbmark,Elan 2.5,85,DIESEL,20,24,21,40850.00
6582,9WN,Elbmark,Duna GT,126,BENZIN,15,21,15,47820.00
6582,AOH,Elbmark,Juno 2.5,106,DIESEL,13,18,15,28070.00
6582,AV7,Elbmark,Ulme GT,228,BENZIN,22,33,31,82560.00
6582,AYQ,Elbmark,Ibis 1.6,152,DIESEL,21,30,16,45660.00
6582,BAD,Elbmark,Quest GTX,82,BENZIN,12,15,15,32780.00
6582,BU6,Elbmark,Sirio Comfort,136,BENZIN,19,19,26,73010.00
6582,BY6,Elbmark,Duna Sport,123,DIESEL,22,24,23,77140.00
6582,CKM,Elbmark,Aeon 1.2,132,BENZIN,21,28,28,46250.00
6582,CVE,Elbmark,Elan,82,BENZIN,13,14,16,38530.00
6582,D00,Elbmark,Kite 1.2,202,DIESEL,25,26,34,73450.00
6582,D84,Elbmark,Rigel Kombi,170,ELEKTRO,22,33,33,74870.00
6582,DMJ,Elbmark,Garda 1.2,105,BENZIN,20,14,13,28640.00
6582,DQ8,Elbmark,Brise GTX,78,ELEKTRO,11,18,13,33250.00
6582,DVW,Elbmark,Sirio 1.4,105,BENZIN,16,11,15,20180.00
6582,EJ3,Elbmark,Iskra 1.4,79,BENZIN,11,12,11,22060.00
6582,ENZ,Elbmark,Yuka Avant,87,DIESEL,14,19,20,41750.00
6582,F6D,Elbmark,Xeno,85,GAS,17,13,16,45400.00
6582,FDF,Elbmark,Vela Cross,78,DIESEL,11,18,22,29730.00
6582,FDN,Elbmark,Cedro 1.2,271,HYBRID,25,33,34,89370.00
6582,FUU,Elbmark,Pika GTX,75,GAS,13,14,13,22740.00
6582,FVM,Elbmark,Brise Cross,110,BENZIN,19,28,17,40730.00
6582,FW8,Elbmark,Horizon Prime,120,DIESEL,18,22,22,33760.00
6582,FZK,Elbmark,Horizon 1.4,142,DIESEL,21,27,27,60490.00
6582,GD9,Elbmark,Elan GT,63,BENZIN,11,26,11,25200.00
6582,H2B,Elbmark,Aeon 1.4,116,BENZIN,15,18,27,49620.00
6582,H2L,Elbmark,Nova Sport,170,BENZIN,25,33,32,100230.00
6582,HBR,Elbmark,Bora GTX,92,DIESEL,17,18,17,30980.00
6582,HGX,Elbmark,Zenit Avant,191,DIESEL,23,27,33,79810.00
6582,I09,Elbmark,Elan Comfort,189,BENZIN,22,32,27,86630.00
6582,I24,Elbmark,Gale Prime,55,BENZIN,10,10,12,15860.00
6582,ICL,Elbmark,Wega Comfort,156,ELEKTRO,13,31,21,44930.00
6582,IGY,Elbmark,Pika Cross,55,DIESEL,10,11,14,17820.00
6582,IJL,Elbmark,Mistral 1.6,94,BENZIN,15,23,21,40330.00
6582,IKQ,Elbmark,Elan Cross,75,BENZIN,15,23,15,45470.00
6582,JE9,Elbmark,Mistral 1.6,149,DIESEL,25,30,31,84170.00
6582,JHL,Elbmark,Gale 2.0,290,BENZIN,24,33,34,99620.00
6582,JI5,Elbmark,Kobalt Comfort,106,BENZIN,19,27,26,45380.00
6582,JOL,Elbmark,Mistral Prime,69,BENZIN,13,18,11,33610.00
6582,JU0,Elbmark,Tessa Avant,79,HYBRID,14,24,13,26160.00
6582,JUS,Elbmark,Aeon Sport,72,BENZIN,10,10,13,26780.00
6582,JYW,Elbmark,Ulme Cross,91,ELEKTRO,16,17,18,34330.00
6582,KBL,Elbmark,Halo Coupé,131,BENZIN,23,21,27,70440.00
6582,KKN,Elbmark,Nimbus Cross,90,BENZIN,12,27,16,48410.00
6582,KO1,Elbmark,Cedro Sport,142,BENZIN,16,15,24,52080.00
6582,LLM,Elbmark,Duna Coupé,206,BENZIN,25,32,29,75880.00
6582,LP5,Elbmark,Jade Comfort,169,DIESEL,24,33,32,45280.00
6582,LTK,Elbmark,Ibis Coupé,172,BENZIN,24,29,31,74680.00
6582,M4P,Elbmark,Tessa GT,203,BENZIN,25,31,30,85600.00
6582,MCW,Elbmark,Gale 1.6,92,HYBRID,10,17,12,23390.00
6582,N0N,Elbmark,Nova Kombi,160,BENZIN,20,25,31,65390.00
6582,NOQ,Elbmark,Tessa Coupé,79,BENZIN,21,23,18,45060.00
6582,NP3,Elbmark,Ulme 2.0,108,DIESEL,23,20,24,52560.00
6582,NSF,Elbmark,Nova,102,BENZIN,15,17,15,33090.00
6582,NXS,Elbmark,Ulme,145,BENZIN,17,28,24,49960.00
6582,NY1,Elbmark,Pika 1.2,183,BENZIN,25,22,27,55370.00
6582,O3L,Elbmark,Delta Avant,104,BENZIN,16,16,20,31350.00
6582,OH9,Elbmark,Ibis GTX,59,BENZIN,11,11,10,17790.00
6582,OJO,Elbmark,Cirro 1.2,172,HYBRID,22,32,27,58170.00
6582,OL5,Elbmark,Garda 1.4,149,HYBRID,19,21,29,46010.00
6582,P02,Elbmark,Pika,130,HYBRID,23,27,24,59100.00
6582,P5L,Elbmark,Tessa 1.2,110,BENZIN,16,23,12,41200.00
6582,P86,Elbmark,Lyra Comfort,188,DIESEL,23,24,32,60520.00
6582,PM9,Elbmark,Jade Sport,77,BENZIN,11,20,24,32640.00
6582,PVS,Elbmark,Wega 1.4,70,GAS,11,15,26,41660.00
6582,Q0L,Elbmark,Tessa Kombi,209,BENZIN,24,32,32,85770.00
6582,Q4J,Elbmark,Wega 1.2,117,BENZIN,16,15,15,30700.00
6582,QOY,Elbmark,Bora 1.4,95,HYBRID,15,16,29,32170.00
6582,R1A,Elbmark,Vela 2.0,243,ELEKTRO,24,33,33,123750.00
6582,R33,Elbmark,Aeon Cross,81,BENZIN,12,14,16,21670.00
6582,R43,Elbmark,Yuka 2.5,118,DIESEL,24,20,25,38610.00
6582,RDR,Elbmark,Aeon,298,HYBRID,25,33,34,91740.00
6582,RYF,Elbmark,Delta 2.5,180,DIESEL,25,32,20,70100.00
6582,TWA,Elbmark,Kite Kombi,86,BENZIN,12,22,20,33840.00
6582,U64,Elbmark,Zenit,110,BENZIN,24,25,23,68370.00
6582,U8R,Elbmark,Juno 2.0,111,BENZIN,15,20,23,38020.00
6582,UB0,Elbmark,Iskra 2.5,93,DIESEL,17,12,20,36300.00
6582,UGQ,Elbmark,Lyra GTX,141,BENZIN,20,32,28,57280.00
6582,UUR,Elbmark,Pika Comfort,111,BENZIN,17,24,15,43320.00
6582,WK5,Elbmark,Elan 1.6,87,BENZIN,17,19,25,53970.00
6582,XNR,Elbmark,Rigel Kombi,128,DIESEL,20,27,17,35070.00
6582,XZ2,Elbmark,Zenit Avant,86,DIESEL,14,29,12,42320.00
6582,YDR,Elbmark,Jade Cross,76,DIESEL,12,10,12,20370.00
6983,344,Fennek,Fjell,95,BENZIN,20,23,18,40230.00
6983,3BD,Fennek,Eos 1.4,94,BENZIN,12,20,12,27790.00
6983,42F,Fennek,Delta Cross,79,BENZIN,11,15,15,38310.00
6983,45J,Fennek,Aeon 1.6,60,BENZIN,13,10,12,24640.00
6983,575,Fennek,Gale Avant,128,BENZIN,17,24,31,65250.00
6983,68O,Fennek,Delta Prime,94,BENZIN,15,21,22,35870.00
6983,6W7,Fennek,Garda 1.2,129,DIESEL,18,21,19,38510.00
6983,8K1,Fennek,Lyra Avant,105,ELEKTRO,13,22,20,30250.00
6983,98F,Fennek,Iskra 2.5,57,BENZIN,10,10,11,21400.00
6983,9P5,Fennek,Kobalt Cross,56,DIESEL,10,11,10,15640.00
6983,9PO,Fennek,Zenit Cross,144,BENZIN,23,26,22,45420.00
6983,9ZM,Fennek,Cirro Coupé,132,DIESEL,25,27,30,69140.00
6983,DY6,Fennek,Faro 1.6,132,BENZIN,14,20,32,78400.00
6983,E4R,Fennek,Aeon,115,BENZIN,17,19,29,82180.00
6983,EFG,Fennek,Mira Cross,295,HYBRID,25,32,33,78110.00
6983,EJ7,Fennek,Mira Coupé,242,BENZIN,25,33,33,116080.00
6983,ENR,Fennek,Tessa Coupé,136,ELEKTRO,17,30,16,32840.00
6983,EWX,Fennek,Nimbus Coupé,84,ELEKTRO,21,13,22,29550.00
6983,H0K,Fennek,Onyx Prime,111,BENZIN,12,21,13,27640.00
6983,H54,Fennek,Fjell 2.5,88,GAS,15,18,15,24780.00
6983,H9X,Fennek,Mira Comfort,173,BENZIN,19,28,31,65080.00
6983,HI8,Fennek,Kite 1.2,95,DIESEL,18,15,12,31610.00
6983,HJF,Fennek,Halo 2.0,83,BENZIN,14,11,14,27430.00
6983,HTA,Fennek,Levante Kombi,98,DIESEL,18,25,14,42990.00
6983,JBA,Fennek,Duna 1.6,57,BENZIN,12,16,10,22620.00
6983,JCR,Fennek,Kite,52,DIESEL,10,11,16,20970.00
6983,JEK,Fennek,Duna Cross,84,BENZIN,11,10,21,28220.00
6983,KG2,Fennek,Vela Coupé,80,DIESEL,16,19,22,34480.00
6983,LAW,Fennek,Lyra Coupé,98,DIESEL,14,18,31,52750.00
6983,LSH,Fennek,Duna Sport,90,DIESEL,17,31,16,41500.00
6983,NLX,Fennek,Ulme Avant,44,BENZIN,10,10,11,24430.00
6983,NZ3,Fennek,Zenit Sport,93,DIESEL,11,12,14,22510.00
6983,OV4,Fennek,Kobalt Coupé,140,GAS,20,24,26,59380.00
6983,P4X,Fennek,Nimbus Sport,272,BENZIN,25,27,32,106010.00
6983,PIN,Fennek,Cirro Coupé,147,HYBRID,23,28,32,91840.00
6983,Q4K,Fennek,Delta,148,ELEKTRO,17,14,23,51780.00
6983,R1Q,Fennek,Aria 1.4,159,BENZIN,21,23,23,36900.00
6983,RIU,Fennek,Cedro 2.0,233,HYBRID,25,29,33,72870.00
6983,SH9,Fennek,Nimbus 1.4,123,BENZIN,18,18,28,39030.00
6983,SW2,Fennek,Lyra 1.2,119,BENZIN,18,24,15,35090.00
6983,TE5,Fennek,Brise Kombi,84,BENZIN,13,19,17,37570.00
6983,TKW,Fennek,Yuka 2.5,179,DIESEL,24,21,26,71460.00
6983,UE8,Fennek,Garda Cross,107,BENZIN,14,13,18,44740.00
6983,UID,Fennek,Horizon Kombi,48,BENZIN,11,15,11,21380.00
6983,UUS,Fennek,Sirio 1.6,206,DIESEL,23,31,32,76420.00
6983,V4Z,Fennek,Aria Cross,113,BENZIN,19,21,17,33570.00
6983,VBO,Fennek,Xeno Comfort,118,BENZIN,19,26,26,61570.00
6983,VRO,Fennek,Faro Kombi,177,ELEKTRO,23,32,33,69590.00
6983,XEC,Fennek,Faro Avant,69,BENZIN,10,15,12,20960.00
6983,XPP,Fennek,Sirio 2.0,147,HYBRID,25,22,21,41580.00
6983,XWW,Fennek,Lyra Comfort,63,HYBRID,13,13,11,35150.00
6983,XYX,Fennek,Horizon 1.4,92,GAS,11,14,13,32180.00
6983,Y6B,Fennek,Kobalt Sport,98,DIESEL,20,19,26,47090.00
6983,YPH,Fennek,Iskra Cross,143,DIESEL,23,16,22,25400.00
6983,YSP,Fennek,Levante Coupé,126,BENZIN,21,30,24,74870.00
6983,ZWW,Fennek,Pika Prime,146,HYBRID,22,22,25,48740.00
7419,08E,Granat,Mistral Prime,105,BENZIN,12,22,24,36360.00
7419,0H3,Granat,Fjell 1.6,134,BENZIN,25,19,26,46610.00
7419,1PH,Granat,Mira GT,199,DIESEL,22,19,31,74560.00
7419,1WU,Granat,Elan 2.0,76,ELEKTRO,15,24,16,32920.00
7419,29O,Granat,Mira 1.2,119,BENZIN,15,22,20,48520.00
7419,2KX,Granat,Kite GTX,176,ELEKTRO,19,26,24,55590.00
7419,2Q8,Granat,Halo Sport,95,HYBRID,18,23,24,44590.00
7419,3I9,Granat,Pika 1.2,121,BENZIN,16,29,33,45770.00
7419,3PU,Granat,Nimbus,170,BENZIN,23,30,28,66760.00
7419,3RQ,Granat,Halo Coupé,188,ELEKTRO,18,29,32,56680.00
7419,3VE,Granat,Fjell Sport,125,DIESEL,19,30,19,39920.00
7419,4TS,Granat,Rigel,102,ELEKTRO,18,29,13,36270.00
7419,50B,Granat,Onyx Prime,150,GAS,17,27,30,59900.00
7419,56A,Granat,Lyra Avant,72,BENZIN,11,12,12,31350.00
7419,5RG,Granat,Ulme 2.0,113,HYBRID,16,12,24,36080.00
7419,62K,Granat,Brise Sport,88,BENZIN,12,19,29,45490.00
7419,6H2,Granat,Nova 2.0,176,DIESEL,23,29,34,98220.00
7419,6M5,Granat,Cedro 1.6,229,BENZIN,19,32,34,84920.00
7419,6NJ,Granat,Ibis Coupé,79,BENZIN,13,16,10,24590.00
7419,8E8,Granat,Vela,120,BENZIN,18,22,27,44680.00
7419,8OA,Granat,Onyx 2.5,124,BENZIN,13,20,20,32570.00
7419,8P2,Granat,Onyx Coupé,273,GAS,25,33,33,107220.00
7419,9I2,Granat,Sirio,213,ELEKTRO,23,32,31,85970.00
7419,9WU,Granat,Aria Cross,99,HYBRID,18,28,23,33760.00
7419,AIO,Granat,Horizon 2.0,64,DIESEL,10,12,19,22470.00
7419,AIP,Granat,Garda Sport,101,DIESEL,22,24,22,53660.00
7419,B34,Granat,Pika Sport,179,ELEKTRO,16,26,28,65420.00
7419,B4Q,Granat,Bora 1.4,56,BENZIN,11,17,12,34330.00
7419,BA6,Granat,Zenit Comfort,195,BENZIN,23,29,31,64180.00
7419,BNU,Granat,Yuka Kombi,42,DIESEL,15,18,11,20080.00
7419,BQU,Granat,Yuka 2.5,191,HYBRID,22,30,32,90760.00
7419,BTX,Granat,Aeon 1.6,200,BENZIN,21,27,32,54950.00
7419,BV5,Granat,Vela Sport,96,BENZIN,20,11,17,28150.00
7419,BWG,Granat,Ulme 1.6,58,DIESEL,10,10,10,14870.00
7419,C30,Granat,Vela 1.2,204,BENZIN,23,30,34,77310.00
7419,CDL,Granat,Brise GTX,109,BENZIN,10,14,12,25630.00
7419,CDS,Granat,Halo Coupé,229,ELEKTRO,22,32,29,59370.00
7419,CEU,Granat,Bora,111,HYBRID,24,29,27,46670.00
7419,CF6,Granat,Horizon,126,HYBRID,20,27,30,52130.00
7419,CIY,Granat,Garda,94,BENZIN,12,24,16,34950.00
7419,CL3,Granat,Yuka 1.4,86,BENZIN,18,25,18,34350.00
7419,CWH,Granat,Onyx 1.6,85,BENZIN,12,13,17,30400.00
7419,CXL,Granat,Mistral Comfort,94,DIESEL,18,19,17,35580.00
7419,D29,Granat,Wega Coupé,107,BENZIN,17,23,24,55250.00
7419,DCO,Granat,Levante Comfort,221,HYBRID,25,32,33,68890.00
7419,DI1,Granat,Onyx GT,197,DIESEL,20,29,34,92350.00
7419,E3D,Granat,Elan GTX,121,BENZIN,20,23,31,42280.00
7419,F1P,Granat,Kite Cross,168,BENZIN,16,21,33,59120.00
7419,F1Q,Granat,Lyra,63,BENZIN,12,15,13,33650.00
7419,F4N,Granat,Delta Kombi,266,HYBRID,25,31,32,76340.00
7419,FSU,Granat,Vela Kombi,130,DIESEL,14,21,19,37900.00
7419,G1Z,Granat,Aeon Kombi,131,DIESEL,18,15,26,42160.00
7419,G6W,Granat,Brise Prime,72,DIESEL,11,12,10,17260.00
7419,GBG,Granat,Delta Coupé,242,GAS,24,31,34,96190.00
7419,GO5,Granat,Ulme Cross,64,BENZIN,10,19,12,28160.00
7419,HO4,Granat,Delta Cross,197,BENZIN,19,32,33,54340.00
7419,HPI,Granat,Ibis 2.5,108,BENZIN,19,19,31,44000.00
7419,I0R,Granat,Mistral GTX,105,BENZIN,14,20,24,43800.00
7419,I3K,Granat,Kobalt 2.5,112,BENZIN,18,14,18,38730.00
7419,IU6,Granat,Halo GT,148,HYBRID,16,18,29,51720.00
7419,IX7,Granat,Ibis Coupé,100,BENZIN,22,30,30,61030.00
7419,IZN,Granat,Aeon 2.0,108,DIESEL,20,21,27,46750.00
7419,J5C,Granat,Aria Prime,91,DIESEL,18,14,18,32560.00
7419,J6K,Granat,Aeon 2.5,90,BENZIN,18,20,18,36290.00
7419,JAA,Granat,Horizon,144,BENZIN,19,22,27,42640.00
7419,JKQ,Granat,Wega 2.0,133,DIESEL,15,22,23,28500.00
7419,JQ8,Granat,Elan Sport,151,HYBRID,23,32,27,99470.00
7419,JSY,Granat,Juno Cross,62,DIESEL,11,10,11,17120.00
7419,JZX,Granat,Aria 1.2,130,BENZIN,16,27,24,59960.00
7419,K16,Granat,Horizon GT,131,HYBRID,14,20,21,40030.00
7419,K2I,Granat,Cirro,192,ELEKTRO,23,29,27,68480.00
7419,KE1,Granat,Pika Sport,80,BENZIN,12,16,16,33360.00
7419,KIK,Granat,Cirro Prime,156,BENZIN,16,15,19,31020.00
7419,KZK,Granat,Sirio 1.6,77,DIESEL,19,24,15,51230.00
7419,KZZ,Granat,Kobalt 2.0,63,BENZIN,13,15,11,23680.00
7419,L22,Granat,Wega 2.0,109,ELEKTRO,12,27,31,43430.00
7419,LOJ,Granat,Zenit Cross,193,BENZIN,24,27,33,49930.00
7419,MM1,Granat,Kite GTX,109,BENZIN,15,21,24,42670.00
7419,MQD,Granat,Brise GT,96,DIESEL,14,15,18,31520.00
7419,MS8,Granat,Elan 2.0,76,BENZIN,12,18,12,24740.00
7419,MZN,Granat,Gale Prime,57,ELEKTRO,11,11,10,26940.00
7419,MZP,Granat,Vela 1.2,165,ELEKTRO,20,30,27,67790.00
7419,N1G,Granat,Zenit 2.5,52,BENZIN,12,12,10,20570.00
7419,NSA,Granat,Juno 1.6,107,BENZIN,21,28,12,39310.00
7419,NSD,Granat,Zenit 1.6,83,BENZIN,13,20,17,33450.00
7419,NSM,Granat,Kite Kombi,159,DIESEL,18,29,14,33430.00
7419,NYK,Granat,Garda,121,DIESEL,14,24,25,48800.00
7419,OJB,Granat,Delta 2.0,99,BENZIN,15,26,31,60340.00
7419,ONJ,Granat,Lyra GT,238,HYBRID,22,33,31,52570.00
7419,OP5,Granat,Mistral Coupé,111,DIESEL,19,32,27,40580.00
7419,OQN,Granat,Eos Kombi,149,BENZIN,22,30,28,82680.00
7419,OS3,Granat,Levante Kombi,174,BENZIN,23,29,26,61430.00
7419,OU1,Granat,Kite Coupé,126,HYBRID,21,17,27,43720.00
7419,OVA,Granat,Levante Kombi,169,BENZIN,23,32,32,61090.00
7419,P2F,Granat,Duna Sport,65,BENZIN,13,15,12,32630.00
7419,PCI,Granat,Yuka GT,71,DIESEL,18,18,15,57790.00
7419,PFJ,Granat,Halo 2.5,76,BENZIN,17,20,12,41500.00
7419,PXB,Granat,Quest Sport,97,GAS,14,23,29,70770.00
7419,PXR,Granat,Halo Cross,74,DIESEL,15,20,16,39450.00
7419,Q32,Granat,Zenit Avant,170,DIESEL,23,28,34,47870.00
7419,QQ7,Granat,Kobalt Avant,152,BENZIN,15,26,34,74990.00
7419,QQB,Granat,Gale 2.5,311,HYBRID,25,33,34,134020.00
7419,QVS,Granat,Bora Kombi,98,BENZIN,17,14,15,25260.00
7419,RQ1,Granat,Cirro,146,BENZIN,20,20,31,55060.00
7419,RQ8,Granat,Mistral Cross,118,DIESEL,14,26,18,37310.00
7419,RRE,Granat,Tessa 2.0,189,BENZIN,22,28,20,47870.00
7419,SBS,Granat,Levante Prime,83,BENZIN,16,11,21,33390.00
7419,SBT,Granat,Gale 1.6,172,HYBRID,24,26,27,55560.00
7419,SHS,Granat,Faro 1.2,128,DIESEL,20,22,24,63890.00
7419,TA1,Granat,Ibis Coupé,135,DIESEL,20,27,27,66090.00
7419,TFC,Granat,Quest Coupé,278,HYBRID,25,29,32,82810.00
7419,TIT,Granat,Rigel Cross,111,BENZIN,17,27,31,94070.00
7419,TUK,Granat,Zenit Avant,94,BENZIN,15,11,21,29850.00
7419,TXS,Granat,Onyx 2.0,74,BENZIN,16,15,11,25800.00
7419,ULH,Granat,Kobalt Avant,262,BENZIN,24,31,33,85550.00
7419,V05,Granat,Vela Avant,140,BENZIN,23,26,26,48070.00
7419,V55,Granat,Nova Comfort,70,BENZIN,20,17,13,33340.00
7419,VIA,Granat,Lyra 1.4,95,HYBRID,12,26,14,40580.00
7419,VPH,Granat,Jade Prime,75,GAS,14,18,12,21730.00
7419,WI6,Granat,Faro Coupé,158,ELEKTRO,24,27,28,46990.00
7419,WLI,Granat,Quest 1.6,102,HYBRID,19,23,20,55080.00
7419,WPR,Granat,Ulme 1.2,131,HYBRID,22,30,28,50890.00
7419,X1B,Granat,Mistral,74,BENZIN,17,26,24,52700.00
7419,X5L,Granat,Vela Sport,155,BENZIN,24,27,26,55410.00
7419,X7R,Granat,Aeon 2.0,137,BENZIN,23,25,31,54150.00
7419,XA3,Granat,Vela Kombi,64,BENZIN,13,13,23,37770.00
7419,XD6,Granat,Onyx Sport,72,BENZIN,10,18,22,29300.00
7419,XLH,Granat,Zenit GT,142,BENZIN,24,20,24,50890.00
7419,XNR,Granat,Aria 2.5,166,BENZIN,17,26,14,37350.00
7419,XW8,Granat,Aeon Kombi,114,DIESEL,15,25,22,39640.00
7419,YE4,Granat,Lyra GT,145,DIESEL,21,30,32,72530.00
7419,Z1C,Granat,Faro Prime,121,BENZIN,15,20,21,70540.00
7419,ZA9,Granat,Kobalt GT,95,BENZIN,15,21,19,46390.00
7650,01J,Hedwin,Xeno Avant,73,BENZIN,16,21,23,38730.00
7650,0G0,Hedwin,Kobalt 1.2,132,HYBRID,15,27,21,58540.00
7650,0HW,Hedwin,Ibis 1.2,148,DIESEL,21,28,31,55670.00
7650,642,Hedwin,Nova Cross,112,DIESEL,13,17,17,25230.00
7650,7J3,Hedwin,Xeno Kombi,110,HYBRID,12,20,21,40900.00
7650,813,Hedwin,Garda Comfort,133,BENZIN,17,23,30,46240.00
7650,96F,Hedwin,Juno 1.2,99,DIESEL,16,25,16,32700.00
7650,BCB,Hedwin,Halo Sport,87,BENZIN,14,29,25,48790.00
7650,C6K,Hedwin,Sirio Kombi,200,BENZIN,19,24,26,57110.00
7650,CJM,Hedwin,Quest 2.5,79,GAS,17,15,20,28160.00
7650,D0Y,Hedwin,Nova Sport,65,BENZIN,11,16,16,30810.00
7650,GF7,Hedwin,Bora GTX,87,DIESEL,16,16,15,33560.00
7650,GNS,Hedwin,Elan Prime,177,BENZIN,25,30,31,59080.00
7650,H6L,Hedwin,Delta 1.2,127,BENZIN,22,25,26,45350.00
7650,HB5,Hedwin,Faro 1.2,73,BENZIN,10,21,14,24680.00
7650,J95,Hedwin,Horizon 2.5,154,BENZIN,24,28,29,59210.00
7650,JGO,Hedwin,Ulme,89,DIESEL,20,19,25,36330.00
7650,L15,Hedwin,Aria Comfort,128,ELEKTRO,18,33,25,100200.00
7650,LZ6,Hedwin,Halo Kombi,92,BENZIN,19,20,13,35200.00
7650,M2K,Hedwin,Levante Coupé,103,BENZIN,13,13,12,29450.00
7650,OH1,Hedwin,Cirro Prime,44,DIESEL,10,11,12,23280.00
7650,RNA,Hedwin,Eos 2.5,70,DIESEL,13,14,16,34290.00
7650,SLN,Hedwin,Delta 1.2,106,BENZIN,19,21,14,41490.00
7650,SOZ,Hedwin,Duna,89,BENZIN,16,16,23,35290.00
7650,U2A,Hedwin,Jade,227,BENZIN,25,30,30,53130.00
7650,VCE,Hedwin,Sirio GTX,105,DIESEL,14,20,19,29430.00
7650,VJ4,Hedwin,Ibis Comfort,134,BENZIN,21,21,22,38390.00
7650,XMK,Hedwin,Juno 2.5,144,BENZIN,21,31,30,82040.00
7651,0MH,Iselin,Nova GTX,295,BENZIN,25,33,34,93270.00
7651,0MQ,Iselin,Mistral 2.5,146,BENZIN,17,23,32,50020.00
7651,1LY,Iselin,Mira GTX,68,DIESEL,11,12,10,23800.00
7651,1WQ,Iselin,Jade Avant,150,HYBRID,20,32,28,41500.00
7651,216,Iselin,Ibis GT,75,GAS,12,13,11,27480.00
7651,39D,Iselin,Aeon Coupé,66,DIESEL,14,13,10,24000.00
7651,40S,Iselin,Kobalt Cross,302,BENZIN,24,29,33,66630.00
7651,4A7,Iselin,Eos 1.4,94,BENZIN,20,14,30,43210.00
7651,69K,Iselin,Zenit Comfort,97,ELEKTRO,15,15,26,41870.00
7651,6HF,Iselin,Horizon GT,105,DIESEL,18,21,24,31920.00
7651,6R1,Iselin,Aeon Sport,264,ELEKTRO,25,33,34,124180.00
7651,7GX,Iselin,Vela GT,108,DIESEL,22,19,31,59460.00
7651,7KJ,Iselin,Elan GT,107,DIESEL,21,24,24,60710.00
7651,7Y2,Iselin,Ibis Kombi,132,DIESEL,21,22,22,74190.00
7651,86H,Iselin,Gale Kombi,72,BENZIN,12,17,11,32150.00
7651,8HG,Iselin,Iskra,40,DIESEL,10,12,10,24310.00
7651,9VI,Iselin,Cirro Coupé,130,ELEKTRO,17,24,13,48950.00
7651,A1V,Iselin,Tessa Sport,83,HYBRID,14,14,15,23070.00
7651,ATE,Iselin,Iskra Cross,64,BENZIN,13,10,14,30280.00
7651,AZN,Iselin,Sirio Comfort,168,BENZIN,18,31,31,63510.00
7651,BDJ,Iselin,Wega 1.6,106,DIESEL,13,14,20,28310.00
7651,BNH,Iselin,Yuka Avant,167,BENZIN,23,31,26,51520.00
7651,BR5,Iselin,Cedro 1.6,131,DIESEL,19,33,34,62660.00
7651,DEW,Iselin,Iskra Kombi,121,ELEKTRO,15,14,23,34080.00
7651,DLR,Iselin,Nimbus Coupé,85,DIESEL,14,16,16,29840.00
7651,DNH,Iselin,Xeno Avant,51,DIESEL,10,11,10,17980.00
7651,DP9,Iselin,Onyx Cross,72,DIESEL,11,13,12,22200.00
7651,DXI,Iselin,Iskra 1.4,85,BENZIN,15,15,18,42250.00
7651,DYR,Iselin,Jade 1.4,70,DIESEL,11,18,16,30760.00
7651,E84,Iselin,Quest GTX,85,DIESEL,12,18,16,39430.00
7651,EIG,Iselin,Jade GTX,91,BENZIN,16,17,20,38370.00
7651,EP5,Iselin,Aria Avant,71,BENZIN,12,11,15,31790.00
7651,ERJ,Iselin,Jade,106,BENZIN,12,26,18,52750.00
7651,G7Y,Iselin,Cirro Coupé,170,DIESEL,21,26,33,49890.00
7651,GQZ,Iselin,Brise 1.4,139,HYBRID,15,22,27,32480.00
7651,GWT,Iselin,Eos Cross,93,DIESEL,12,10,19,27420.00
7651,GYE,Iselin,Gale 2.0,130,DIESEL,18,19,25,39690.00
7651,HLH,Iselin,Duna Avant,188,DIESEL,22,28,31,60100.00
7651,JW9,Iselin,Onyx GTX,195,BENZIN,24,30,28,62790.00
7651,M53,Iselin,Iskra 2.0,75,HYBRID,11,10,16,24030.00
7651,M6O,Iselin,Mira,55,BENZIN,10,10,14,24520.00
7651,MAW,Iselin,Juno Kombi,54,DIESEL,12,14,13,24650.00
7651,N71,Iselin,Faro 1.6,185,HYBRID,19,22,31,48110.00
7651,O0H,Iselin,Nova 2.0,127,GAS,18,20,24,43960.00
7651,O7L,Iselin,Horizon Avant,58,BENZIN,13,19,20,34290.00
7651,OK4,Iselin,Halo,73,DIESEL,15,18,11,28360.00
7651,OX2,Iselin,Elan 2.5,106,ELEKTRO,16,27,22,73100.00
7651,RE6,Iselin,Cirro Cross,53,BENZIN,10,11,10,23060.00
7651,RGA,Iselin,Halo 1.4,107,BENZIN,18,19,25,45640.00
7651,RKC,Iselin,Ulme 1.2,294,HYBRID,25,33,33,115430.00
7651,RKQ,Iselin,Delta Avant,82,DIESEL,16,14,19,42060.00
7651,RNZ,Iselin,Ibis 2.5,85,GAS,13,14,17,32610.00
7651,RZ1,Iselin,Onyx 2.0,253,BENZIN,25,31,33,89650.00
7651,SJA,Iselin,Rigel GT,140,BENZIN,18,20,23,30160.00
7651,SQ5,Iselin,Cirro Kombi,126,BENZIN,20,25,25,44720.00
7651,T8L,Iselin,Brise Comfort,102,ELEKTRO,19,33,18,60310.00
7651,TCV,Iselin,Sirio Comfort,193,ELEKTRO,20,26,34,60270.00
7651,U5I,Iselin,Horizon 2.5,130,DIESEL,21,23,22,40420.00
7651,UAE,Iselin,Bora 1.6,107,BENZIN,18,24,24,51880.00
7651,UE4,Iselin,Delta 1.6,203,BENZIN,24,27,32,72000.00
7651,V9F,Iselin,Juno Coupé,100,ELEKTRO,14,16,24,31960.00
7651,VBC,Iselin,Fjell 2.0,94,BENZIN,14,21,20,51770.00
7651,VF3,Iselin,Brise 1.2,144,DIESEL,22,24,27,63540.00
7651,W75,Iselin,Kobalt Sport,103,ELEKTRO,19,18,26,64060.00
7651,YBX,Iselin,Kobalt 1.2,136,HYBRID,24,29,20,42680.00
7651,YIH,Iselin,Brise,108,DIESEL,23,15,13,33190.00
7651,ZHU,Iselin,Kobalt 2.0,167,ELEKTRO,18,30,23,40350.00
7651,ZLG,Iselin,Mira 2.0,117,HYBRID,15,14,14,37570.00
7651,ZOF,Iselin,Iskra GTX,109,DIESEL,13,15,25,29170.00
7651,ZVC,Iselin,Bora 2.5,152,HYBRID,20,19,26,54060.00
7651,ZXR,Iselin,Lyra Sport,312,HYBRID,25,33,33,110060.00
7896,0F4,Jorvik,Duna Prime,169,HYBRID,25,30,30,66010.00
7896,0HF,Jorvik,Kite Avant,202,BENZIN,23,30,33,59490.00
7896,1D1,Jorvik,Aeon 1.4,150,BENZIN,22,22,30,40290.00
7896,1G4,Jorvik,Eos,69,HYBRID,16,10,14,24910.00
7896,1T9,Jorvik,Mistral 2.5,217,DIESEL,23,33,33,83610.00
7896,2CD,Jorvik,Mira 2.0,193,DIESEL,23,29,27,75470.00
7896,2MH,Jorvik,Kite 2.5,101,BENZIN,16,21,29,48160.00
7896,2QF,Jorvik,Wega Sport,102,BENZIN,21,33,24,100840.00
7896,2XK,Jorvik,Gale 1.4,88,DIESEL,15,17,17,24450.00
7896,3MC,Jorvik,Brise 1.4,191,HYBRID,21,31,34,88930.00
7896,40P,Jorvik,Pika Prime,67,BENZIN,13,17,11,21090.00
7896,465,Jorvik,Lyra 1.6,125,BENZIN,18,28,25,39990.00
7896,4JI,Jorvik,Cirro 2.5,91,BENZIN,15,15,23,32510.00
7896,4S0,Jorvik,Quest 1.2,98,DIESEL,18,28,19,45430.00
7896,5EU,Jorvik,Juno Cross,116,HYBRID,17,15,26,31690.00
7896,5IP,Jorvik,Gale,45,BENZIN,10,11,10,16170.00
7896,6CY,Jorvik,Kobalt Avant,124,HYBRID,17,24,21,30530.00
7896,8BA,Jorvik,Horizon Cross,108,GAS,21,18,28,64390.00
7896,8KD,Jorvik,Zenit Sport,62,BENZIN,17,19,23,44030.00
7896,8L0,Jorvik,Kobalt Avant,132,ELEKTRO,22,32,34,61110.00
7896,98K,Jorvik,Mistral Prime,168,GAS,17,19,25,53190.00
7896,9S8,Jorvik,Kobalt Sport,58,BENZIN,13,15,19,40220.00
7896,AF6,Jorvik,Mira Cross,188,BENZIN,21,30,29,38820.00
7896,AWX,Jorvik,Cirro GT,153,DIESEL,25,25,28,63360.00
7896,BW5,Jorvik,Brise GTX,48,DIESEL,11,16,11,21930.00
7896,C93,Jorvik,Aria 2.0,80,HYBRID,19,22,19,46300.00
7896,CAP,Jorvik,Vela GTX,127,BENZIN,17,21,19,56220.00
7896,CG2,Jorvik,Duna GT,57,BENZIN,16,21,11,17180.00
7896,CG7,Jorvik,Onyx GT,96,HYBRID,17,19,27,40800.00
7896,CPU,Jorvik,Cirro 1.6,88,BENZIN,12,18,14,44540.00
7896,D00,Jorvik,Delta 1.2,105,ELEKTRO,11,14,22,38630.00
7896,DJZ,Jorvik,Brise Kombi,66,DIESEL,13,12,16,40770.00
7896,DVF,Jorvik,Aria Prime,65,BENZIN,10,11,11,19680.00
7896,E32,Jorvik,Ibis 2.0,159,BENZIN,22,30,32,59540.00
7896,E49,Jorvik,Halo 2.5,126,BENZIN,23,30,21,58030.00
7896,EKN,Jorvik,Kobalt 1.4,167,BENZIN,25,27,32,80560.00
7896,EWL,Jorvik,Yuka 2.0,109,BENZIN,20,22,22,58790.00
7896,F71,Jorvik,Rigel Comfort,204,BENZIN,23,25,31,71360.00
7896,FDR,Jorvik,Cirro GT,93,DIESEL,11,12,12,34120.00
7896,FJX,Jorvik,Iskra 1.4,130,BENZIN,22,20,15,44370.00
7896,FP3,Jorvik,Cirro 1.6,134,HYBRID,22,33,31,66640.00
7896,G5W,Jorvik,Aria 1.2,169,HYBRID,20,30,30,53970.00
7896,GFP,Jorvik,Elan Sport,84,DIESEL,14,12,12,30660.00
7896,GL0,Jorvik,Aeon Coupé,140,ELEKTRO,14,26,17,37630.00
7896,GSO,Jorvik,Sirio Comfort,64,BENZIN,13,15,13,21830.00
7896,GUA,Jorvik,Faro,42,BENZIN,10,10,14,20490.00
7896,HQ6,Jorvik,Mira,124,BENZIN,19,19,25,33500.00
7896,I7R,Jorvik,Duna Comfort,165,BENZIN,20,25,19,33160.00
7896,IHB,Jorvik,Cedro Kombi,113,BENZIN,17,29,19,25710.00
7896,J0F,Jorvik,Fjell 1.4,91,DIESEL,12,18,11,29740.00
7896,J5F,Jorvik,Mistral Sport,121,BENZIN,16,22,18,36280.00
7896,JLH,Jorvik,Mira,193,BENZIN,24,32,20,63390.00
7896,KMM,Jorvik,Juno 1.6,107,BENZIN,13,17,21,35030.00
7896,KXU,Jorvik,Rigel Coupé,98,BENZIN,22,19,31,48580.00
7896,KZ5,Jorvik,Quest Sport,106,BENZIN,12,18,13,33030.00
7896,L1E,Jorvik,Delta 1.2,123,DIESEL,20,24,24,59040.00
7896,LQD,Jorvik,Duna Cross,51,HYBRID,10,14,10,24180.00
7896,M39,Jorvik,Eos 1.4,88,BENZIN,13,22,18,37470.00
7896,N4I,Jorvik,Lyra GT,82,DIESEL,13,24,19,27810.00
7896,N73,Jorvik,Mistral Prime,90,ELEKTRO,11,17,16,40130.00
7896,N74,Jorvik,Zenit Avant,187,HYBRID,22,17,30,38610.00
7896,NAU,Jorvik,Levante Sport,144,DIESEL,21,17,28,51770.00
7896,NL6,Jorvik,Wega Cross,121,BENZIN,24,17,25,50540.00
7896,OFF,Jorvik,Tessa 2.0,162,HYBRID,25,27,25,51410.00
7896,P3L,Jorvik,Brise 1.4,88,BENZIN,17,18,15,48230.00
7896,PEV,Jorvik,Tessa 2.0,97,BENZIN,22,23,16,46130.00
7896,PSF,Jorvik,Iskra Coupé,135,BENZIN,23,28,30,47990.00
7896,PYW,Jorvik,Garda 1.6,99,BENZIN,17,17,14,32740.00
7896,Q83,Jorvik,Iskra 1.6,127,HYBRID,15,17,26,28490.00
7896,QK7,Jorvik,Xeno GTX,171,HYBRID,17,31,30,66260.00
7896,QSA,Jorvik,Gale 2.5,286,HYBRID,25,32,30,69560.00
7896,R7X,Jorvik,Xeno 1.2,155,DIESEL,20,29,19,66720.00
7896,R9G,Jorvik,Horizon Coupé,94,DIESEL,20,20,15,34690.00
7896,RGN,Jorvik,Iskra 1.4,182,BENZIN,25,32,32,57250.00
7896,RLO,Jorvik,Onyx Prime,113,BENZIN,22,28,24,77170.00
7896,RO0,Jorvik,Elan,63,BENZIN,16,13,12,23780.00
7896,RV1,Jorvik,Elan,88,DIESEL,18,14,15,33210.00
7896,SLZ,Jorvik,Fjell 1.4,135,HYBRID,19,20,22,43820.00
7896,TTA,Jorvik,Mira 2.5,183,HYBRID,20,33,32,63850.00
7896,TZG,Jorvik,Delta GTX,72,DIESEL,11,15,14,23560.00
7896,V3A,Jorvik,Mistral GTX,184,DIESEL,25,32,34,117920.00
7896,V97,Jorvik,Tessa Sport,194,HYBRID,24,32,31,63830.00
7896,VKV,Jorvik,Gale Prime,272,BENZIN,25,33,33,104980.00
7896,W3O,Jorvik,Onyx 1.6,102,HYBRID,14,21,15,31000.00
7896,WA8,Jorvik,Nimbus Comfort,72,BENZIN,10,10,15,19250.00
7896,WXW,Jorvik,Jade Prime,128,DIESEL,22,22,23,53490.00
7896,WY0,Jorvik,Faro Kombi,167,DIESEL,25,20,33,53030.00
7896,X6L,Jorvik,Cirro Coupé,121,DIESEL,18,24,25,39570.00
7896,XDM,Jorvik,Ulme Kombi,97,BENZIN,16,12,14,47980.00
7896,XUL,Jorvik,Vela GT,131,HYBRID,16,32,30,75760.00
7896,Y11,Jorvik,Delta 1.4,146,BENZIN,16,16,28,29580.00
7896,Y1Q,Jorvik,Nimbus Coupé,150,DIESEL,23,24,27,69800.00
7896,YH9,Jorvik,Kobalt Sport,98,HYBRID,13,24,14,21290.00
7896,ZBQ,Jorvik,Ulme Kombi,104,DIESEL,14,28,21,44640.00
7896,ZDT,Jorvik,Pika GT,87,BENZIN,13,24,15,45450.00
7896,ZEN,Jorvik,Yuka Cross,127,ELEKTRO,15,19,21,33520.00
7896,ZMN,Jorvik,Levante Cross,107,GAS,22,19,23,40810.00
7896,ZSN,Jorvik,Pika,82,BENZIN,21,21,19,38110.00
7896,ZVG,Jorvik,Nimbus Kombi,132,BENZIN,15,16,27,38190.00
7896,ZVW,Jorvik,Garda 1.6,94,DIESEL,17,17,11,25540.00
8175,15E,Kalmar,Gale,141,DIESEL,16,17,23,33630.00
8175,1AP,Kalmar,Vela Sport,200,DIESEL,18,31,31,65980.00
8175,1SW,Kalmar,Wega Cross,144,BENZIN,13,21,16,25310.00
8175,2JC,Kalmar,Faro 2.0,107,DIESEL,21,26,31,76450.00
8175,3SA,Kalmar,Eos 1.6,73,DIESEL,14,23,31,37880.00
8175,3YT,Kalmar,Brise 2.0,136,BENZIN,14,31,25,35430.00
8175,4DV,Kalmar,Fjell Comfort,51,BENZIN,10,10,11,20720.00
8175,4KG,Kalmar,Pika Sport,101,DIESEL,24,20,12,36180.00
8175,4R2,Kalmar,Yuka 1.6,176,DIESEL,20,30,31,82030.00
8175,4WF,Kalmar,Xeno 2.0,77,DIESEL,16,18,15,33360.00
8175,4X6,Kalmar,Tessa Sport,100,BENZIN,11,13,16,26830.00
8175,58Q,Kalmar,Pika Cross,261,DIESEL,25,33,33,124000.00
8175,5AM,Kalmar,Juno 2.0,93,HYBRID,18,22,31,68070.00
8175,5NT,Kalmar,Mistral Prime,98,HYBRID,17,13,17,30360.00
8175,5SY,Kalmar,Halo 1.4,115,BENZIN,13,15,16,32780.00
8175,6J5,Kalmar,Eos 2.5,138,HYBRID,20,29,30,49110.00
8175,75O,Kalmar,Cirro Avant,100,ELEKTRO,19,15,20,37880.00
8175,7IC,Kalmar,Cedro Cross,91,BENZIN,14,20,18,27970.00
8175,86N,Kalmar,Faro 2.0,100,DIESEL,18,28,18,37010.00
8175,8KP,Kalmar,Horizon Prime,133,HYBRID,21,22,24,50200.00
8175,8WD,Kalmar,Garda 2.5,133,BENZIN,23,23,25,70320.00
8175,8XI,Kalmar,Yuka 1.4,96,BENZIN,15,19,20,40970.00
8175,8Z8,Kalmar,Ibis,50,BENZIN,10,12,10,21090.00
8175,9DW,Kalmar,Garda GTX,102,BENZIN,11,16,19,36450.00
8175,9JT,Kalmar,Fjell Avant,89,DIESEL,21,22,16,33960.00
8175,9LL,Kalmar,Fjell Coupé,142,BENZIN,21,25,26,62960.00
8175,A6B,Kalmar,Nova Cross,166,ELEKTRO,24,28,29,50390.00
8175,AEB,Kalmar,Sirio Kombi,103,ELEKTRO,20,13,17,34100.00
8175,AGR,Kalmar,Aeon Prime,84,DIESEL,13,17,12,32640.00
8175,AMT,Kalmar,Ibis Sport,169,DIESEL,24,24,33,70120.00
8175,B8Y,Kalmar,Kobalt 2.5,145,BENZIN,17,20,27,54180.00
8175,BFW,Kalmar,Jade 1.6,119,BENZIN,19,25,17,43190.00
8175,BZA,Kalmar,Aeon 1.2,138,BENZIN,18,18,25,32050.00
8175,C6X,Kalmar,Eos Cross,166,BENZIN,17,26,19,53850.00
8175,CHS,Kalmar,Bora GTX,87,BENZIN,16,17,12,31070.00
8175,DRZ,Kalmar,Delta Kombi,163,DIESEL,23,32,26,75470.00
8175,DSN,Kalmar,Kobalt Coupé,86,DIESEL,23,25,16,39270.00
8175,E05,Kalmar,Duna 1.6,57,HYBRID,10,10,12,21480.00
8175,EMP,Kalmar,Horizon Coupé,84,ELEKTRO,17,13,17,51370.00
8175,F96,Kalmar,Rigel 1.6,187,ELEKTRO,25,27,33,44940.00
8175,FB2,Kalmar,Zenit Comfort,223,HYBRID,22,20,28,55750.00
8175,FB4,Kalmar,Iskra Prime,80,BENZIN,21,12,11,36810.00
8175,FSP,Kalmar,Onyx Prime,102,HYBRID,17,24,22,49010.00
8175,GB9,Kalmar,Mira Coupé,68,BENZIN,11,15,16,24430.00
8175,GX6,Kalmar,Jade 1.2,100,BENZIN,16,14,22,37530.00
8175,H21,Kalmar,Mira GTX,73,BENZIN,13,14,15,24520.00
8175,H50,Kalmar,Kite GTX,169,BENZIN,22,32,19,45580.00
8175,HIZ,Kalmar,Lyra GTX,156,DIESEL,21,28,27,67140.00
8175,HPI,Kalmar,Tessa Cross,158,BENZIN,21,23,30,50930.00
8175,HY1,Kalmar,Elan 2.5,91,BENZIN,13,21,17,26130.00
8175,I0O,Kalmar,Nimbus Avant,100,DIESEL,20,21,19,47920.00
8175,I5N,Kalmar,Tessa 1.2,125,BENZIN,23,27,33,57630.00
8175,J1J,Kalmar,Yuka 2.0,114,DIESEL,18,17,31,53830.00
8175,JEI,Kalmar,Kobalt Kombi,101,BENZIN,16,22,23,50860.00
8175,KBB,Kalmar,Ibis Comfort,65,DIESEL,14,18,16,36520.00
8175,KQR,Kalmar,Quest GT,88,BENZIN,10,13,13,30540.00
8175,L0K,Kalmar,Sirio 2.5,116,BENZIN,13,26,17,30270.00
8175,LE9,Kalmar,Eos Prime,70,DIESEL,12,14,12,23920.00
8175,LYM,Kalmar,Elan Sport,56,BENZIN,11,10,11,16570.00
8175,M0E,Kalmar,Kite 1.4,145,ELEKTRO,16,30,33,51160.00
8175,M1H,Kalmar,Iskra Coupé,105,GAS,24,27,15,46870.00
8175,N1A,Kalmar,Delta Comfort,168,BENZIN,23,18,32,41970.00
8175,N7H,Kalmar,Faro Coupé,122,BENZIN,16,27,31,65480.00
8175,NFS,Kalmar,Jade 1.2,52,BENZIN,11,11,11,38020.00
8175,NH3,Kalmar,Nimbus 1.2,121,BENZIN,19,25,13,26480.00
8175,NK2,Kalmar,Cedro GTX,151,BENZIN,21,31,33,54160.00
8175,NV9,Kalmar,Ibis Coupé,475,DIESEL,25,33,34,168150.00
8175,O74,Kalmar,Fjell Avant,48,HYBRID,10,10,11,21930.00
8175,OZA,Kalmar,Rigel 2.5,99,DIESEL,18,25,14,40810.00
8175,P16,Kalmar,Quest GTX,117,BENZIN,14,23,27,64380.00
8175,P1C,Kalmar,Quest GTX,78,ELEKTRO,11,12,11,18310.00
8175,P8J,Kalmar,Aeon 1.2,190,DIESEL,15,27,25,45730.00
8175,PBQ,Kalmar,Faro 2.5,210,ELEKTRO,25,33,34,93770.00
8175,PK5,Kalmar,Elan 2.5,88,DIESEL,13,26,13,34850.00
8175,PKJ,Kalmar,Delta 1.4,55,BENZIN,10,10,10,12650.00
8175,PVT,Kalmar,Cedro 1.2,224,ELEKTRO,25,32,32,133210.00
8175,R9S,Kalmar,Cedro GT,97,DIESEL,17,23,19,64220.00
8175,RCL,Kalmar,Jade,70,DIESEL,20,11,11,31010.00
8175,RMB,Kalmar,Ulme 2.5,92,BENZIN,12,14,16,33660.00
8175,RTJ,Kalmar,Brise 2.0,105,DIESEL,16,13,28,36910.00
8175,RYG,Kalmar,Ulme GTX,114,HYBRID,15,25,21,30800.00
8175,S0R,Kalmar,Onyx Sport,131,BENZIN,25,24,24,94670.00
8175,S71,Kalmar,Lyra Sport,58,BENZIN,11,11,11,26220.00
8175,SB3,Kalmar,Vela GTX,113,BENZIN,13,19,30,44010.00
8175,SCH,Kalmar,Pika 2.0,130,DIESEL,20,31,24,55990.00
8175,SHW,Kalmar,Aeon Cross,83,DIESEL,16,14,13,27610.00
8175,SUO,Kalmar,Sirio 1.2,106,HYBRID,18,16,20,30910.00
8175,T64,Kalmar,Faro Comfort,227,DIESEL,23,31,34,109010.00
8175,TG2,Kalmar,Tessa 2.0,145,DIESEL,24,24,23,46090.00
8175,TL2,Kalmar,Delta 1.2,100,BENZIN,16,17,16,32150.00
8175,U2X,Kalmar,Faro 1.6,155,HYBRID,18,21,25,50920.00
8175,U7D,Kalmar,Aeon Cross,71,BENZIN,16,15,11,25000.00
8175,UF3,Kalmar,Pika 1.6,79,DIESEL,11,13,23,27280.00
8175,UJC,Kalmar,Jade Cross,197,DIESEL,19,22,29,51760.00
8175,UJV,Kalmar,Duna Prime,76,HYBRID,11,14,15,22800.00
8175,UP5,Kalmar,Juno 2.5,92,GAS,14,10,18,22110.00
8175,VE7,Kalmar,Aeon Avant,96,DIESEL,16,19,15,37870.00
8175,VS0,Kalmar,Cedro Comfort,224,DIESEL,22,33,34,116190.00
8175,VW2,Kalmar,Lyra Kombi,80,BENZIN,14,17,19,38430.00
8175,VX1,Kalmar,Zenit Coupé,180,ELEKTRO,17,31,27,61500.00
8175,VXN,Kalmar,Iskra Avant,92,GAS,21,24,26,44420.00
8175,W43,Kalmar,Pika Avant,211,HYBRID,21,28,22,46810.00
8175,W9I,Kalmar,Bora 2.5,277,DIESEL,25,31,34,65370.00
8175,X9H,Kalmar,Aria 1.4,41,ELEKTRO,11,12,11,32620.00
8175,XRK,Kalmar,Levante Comfort,144,ELEKTRO,21,31,30,72670.00
8175,XXS,Kalmar,Nimbus Coupé,161,HYBRID,15,14,14,44780.00
8175,XXT,Kalmar,Onyx Prime,106,DIESEL,18,24,13,31270.00
8175,XYC,Kalmar,Tessa 1.4,99,ELEKTRO,12,23,22,35770.00
8175,Y69,Kalmar,Delta Kombi,128,BENZIN,20,26,13,46750.00
8175,YG0,Kalmar,Kite Comfort,172,BENZIN,25,29,28,85780.00
8175,YG1,Kalmar,Mistral GTX,261,HYBRID,25,32,30,94110.00
8175,YM7,Kalmar,Eos GT,82,BENZIN,12,15,19,39070.00
8175,Z77,Kalmar,Elan Cross,35,DIESEL,10,10,10,15860.00
8175,ZCG,Kalmar,Sirio 1.6,61,ELEKTRO,12,13,12,30990.00
8175,ZDM,Kalmar,Iskra Kombi,172,BENZIN,21,30,27,57060.00
8455,0EE,Luvent,Yuka Prime,108,ELEKTRO,19,24,16,42040.00
8455,1LF,Luvent,Ibis 1.6,156,GAS,23,30,34,93880.00
8455,2SU,Luvent,Rigel Coupé,144,DIESEL,24,28,33,55530.00
8455,3EH,Luvent,Gale 1.6,91,BENZIN,16,22,15,37830.00
8455,3QC,Luvent,Gale Avant,75,BENZIN,16,12,10,23550.00
8455,81M,Luvent,Gale GT,103,BENZIN,13,22,24,33560.00
8455,8IN,Luvent,Delta 1.2,89,ELEKTRO,10,19,14,39380.00
8455,ASU,Luvent,Levante 1.4,69,DIESEL,14,10,11,28960.00
8455,B6N,Luvent,Sirio Sport,148,BENZIN,14,25,26,39880.00
8455,BOK,Luvent,Horizon 2.0,81,HYBRID,18,15,13,33380.00
8455,CU8,Luvent,Horizon Prime,50,BENZIN,12,10,19,30240.00
8455,CW1,Luvent,Brise Sport,213,DIESEL,25,33,33,79880.00
8455,DM3,Luvent,Nimbus GT,271,BENZIN,23,30,27,72970.00
8455,DPC,Luvent,Duna GTX,92,BENZIN,16,20,22,24930.00
8455,DVM,Luvent,Gale Prime,100,ELEKTRO,20,22,22,45240.00
8455,EH5,Luvent,Duna Cross,82,BENZIN,13,15,16,26510.00
8455,EV1,Luvent,Elan Cross,174,BENZIN,22,31,33,94050.00
8455,F2V,Luvent,Bora Sport,59,ELEKTRO,12,10,13,17520.00
8455,F3H,Luvent,Mistral 1.4,181,DIESEL,19,27,22,86550.00
8455,FKX,Luvent,Elan Avant,82,BENZIN,13,25,15,38610.00
8455,G6Q,Luvent,Gale 2.5,126,HYBRID,17,28,20,48380.00
8455,GCP,Luvent,Cirro Coupé,142,ELEKTRO,24,28,22,61280.00
8455,GJS,Luvent,Delta Prime,86,BENZIN,17,16,20,28470.00
8455,GX2,Luvent,Zenit Comfort,101,DIESEL,14,12,19,27310.00
8455,HTX,Luvent,Garda,106,HYBRID,18,21,30,50800.00
8455,I0X,Luvent,Elan Prime,114,BENZIN,22,24,29,58730.00
8455,IBV,Luvent,Mistral Coupé,140,ELEKTRO,21,29,20,48100.00
8455,KHK,Luvent,Aeon GT,248,ELEKTRO,21,33,30,71740.00
8455,L9A,Luvent,Halo 2.5,168,ELEKTRO,21,28,31,81990.00
8455,LP9,Luvent,Sirio 1.4,96,DIESEL,23,20,23,49420.00
8455,MRS,Luvent,Zenit,50,DIESEL,10,13,11,20550.00
8455,PUO,Luvent,Yuka 2.0,179,BENZIN,21,25,27,46990.00
8455,Q95,Luvent,Ibis Sport,228,ELEKTRO,25,33,34,135160.00
8455,R5O,Luvent,Vela Coupé,91,DIESEL,15,12,19,28530.00
8455,R8S,Luvent,Ulme,67,BENZIN,14,13,19,29050.00
8455,SB7,Luvent,Rigel 1.2,136,BENZIN,21,25,23,51220.00
8455,SRV,Luvent,Brise Comfort,99,BENZIN,11,22,24,32100.00
8455,T4B,Luvent,Aria 2.0,62,DIESEL,11,14,11,22670.00
8455,TPF,Luvent,Pika 2.5,96,ELEKTRO,16,18,18,35560.00
8455,TXT,Luvent,Ibis GT,209,HYBRID,23,26,34,112910.00
8455,U0T,Luvent,Duna GTX,207,BENZIN,18,27,32,67840.00
8455,U5C,Luvent,Xeno 1.6,115,DIESEL,15,25,27,57430.00
8455,UZA,Luvent,Mira Kombi,88,DIESEL,13,17,10,25780.00
8455,WHG,Luvent,Brise Comfort,97,BENZIN,14,24,12,38070.00
8455,YFF,Luvent,Zenit Comfort,45,BENZIN,10,10,10,16920.00
8755,255,Merlan,Nova 1.4,54,DIESEL,12,11,11,25650.00
8755,2XN,Merlan,Jade 2.5,177,DIESEL,23,21,29,62570.00
8755,3SV,Merlan,Rigel 2.5,73,DIESEL,12,10,11,19330.00
8755,5MY,Merlan,Fjell 2.5,92,BENZIN,15,19,15,28970.00
8755,7MM,Merlan,Brise Avant,97,HYBRID,11,24,13,43090.00
8755,7PK,Merlan,Fjell,129,DIESEL,20,27,23,54090.00
8755,ACA,Merlan,Levante Sport,78,ELEKTRO,14,26,25,43110.00
8755,AHF,Merlan,Juno 1.2,75,DIESEL,14,10,18,24630.00
8755,BVZ,Merlan,Kobalt Cross,144,DIESEL,24,22,21,54130.00
8755,D1A,Merlan,Rigel Cross,99,ELEKTRO,16,23,28,43970.00
8755,DAW,Merlan,Duna 2.5,132,GAS,19,25,23,43330.00
8755,EVN,Merlan,Aeon GT,50,BENZIN,10,13,11,17650.00
8755,EWY,Merlan,Juno Kombi,96,ELEKTRO,13,18,19,28940.00
8755,FAX,Merlan,Levante,175,BENZIN,23,18,32,36620.00
8755,FEF,Merlan,Lyra GTX,75,BENZIN,13,14,11,36400.00
8755,G7P,Merlan,Sirio Sport,100,HYBRID,12,19,18,24870.00
8755,GP8,Merlan,Delta Coupé,118,BENZIN,17,17,22,38120.00
8755,HMI,Merlan,Vela Prime,233,DIESEL,24,29,34,78700.00
8755,K3O,Merlan,Aria 2.5,104,DIESEL,14,12,20,33100.00
8755,K4O,Merlan,Cirro Sport,58,ELEKTRO,21,12,17,30840.00
8755,KPM,Merlan,Faro Cross,168,BENZIN,21,27,28,58980.00
8755,LIE,Merlan,Kite 1.4,128,BENZIN,24,17,17,61150.00
8755,LR6,Merlan,Nova 2.0,141,DIESEL,15,24,20,36770.00
8755,MOG,Merlan,Iskra Coupé,106,BENZIN,18,25,19,49810.00
8755,NHG,Merlan,Pika Prime,69,BENZIN,10,13,17,23310.00
8755,NVK,Merlan,Wega 1.6,75,BENZIN,11,13,15,22370.00
8755,OV8,Merlan,Garda 2.5,74,ELEKTRO,14,15,15,40720.00
8755,OX8,Merlan,Rigel Cross,67,ELEKTRO,19,13,10,30500.00
8755,P6W,Merlan,Bora 2.0,186,BENZIN,14,25,24,59730.00
8755,PE9,Merlan,Rigel Avant,105,DIESEL,18,23,18,61960.00
8755,PVV,Merlan,Kite Avant,99,BENZIN,12,24,24,36690.00
8755,ROH,Merlan,Halo 1.6,151,DIESEL,18,24,19,47520.00
8755,SMD,Merlan,Mistral 1.4,86,BENZIN,17,16,22,44570.00
8755,SQ6,Merlan,Kite Prime,133,BENZIN,20,27,22,50930.00
8755,T4C,Merlan,Onyx 1.2,237,DIESEL,25,31,34,103840.00
8755,U3C,Merlan,Sirio,83,DIESEL,15,16,22,37950.00
8755,WQU,Merlan,Garda Kombi,164,DIESEL,24,32,28,62710.00
8755,X79,Merlan,Mira 1.4,59,DIESEL,14,10,14,21660.00
8755,YJR,Merlan,Onyx Avant,168,BENZIN,24,29,33,90020.00
8755,YME,Merlan,Pika,165,BENZIN,22,27,17,66910.00
9933,1KA,Nevis,Quest Cross,130,BENZIN,23,21,19,54570.00
9933,23J,Nevis,Halo Comfort,279,BENZIN,23,32,32,70580.00
9933,34C,Nevis,Iskra Cross,85,GAS,15,11,14,20580.00
9933,42P,Nevis,Wega Comfort,69,BENZIN,12,10,23,23750.00
9933,54S,Nevis,Elan Prime,148,ELEKTRO,21,23,23,38120.00
9933,58K,Nevis,Aeon,101,ELEKTRO,22,12,21,28520.00
9933,5P0,Nevis,Delta Sport,138,DIESEL,22,21,17,57340.00
9933,6HU,Nevis,Levante 2.0,112,DIESEL,17,24,15,46490.00
9933,6LB,Nevis,Pika 2.5,104,DIESEL,23,25,31,69550.00
9933,7K4,Nevis,Kite,65,BENZIN,17,14,21,29140.00
9933,7ZR,Nevis,Pika Coupé,179,HYBRID,22,24,26,48680.00
9933,8I7,Nevis,Yuka Kombi,119,BENZIN,16,23,29,50790.00
9933,9GA,Nevis,Quest GT,105,HYBRID,18,28,24,86540.00
9933,9GL,Nevis,Kobalt GT,67,DIESEL,10,20,22,32540.00
9933,9TL,Nevis,Cedro Comfort,57,HYBRID,16,15,19,36050.00
9933,AN1,Nevis,Fjell Comfort,323,BENZIN,25,33,34,168680.00
9933,ATZ,Nevis,Elan Sport,73,BENZIN,12,11,11,24210.00
9933,B8J,Nevis,Horizon GTX,103,DIESEL,19,25,26,35880.00
9933,BMX,Nevis,Cirro 1.6,42,BENZIN,10,12,10,18430.00
9933,COP,Nevis,Mira 2.0,149,DIESEL,22,18,26,47390.00
9933,DRV,Nevis,Onyx 1.4,134,BENZIN,14,21,23,50660.00
9933,E5H,Nevis,Sirio GTX,73,BENZIN,14,12,17,38270.00
9933,E6V,Nevis,Bora 2.0,188,HYBRID,19,28,32,61600.00
9933,GFB,Nevis,Tessa Sport,148,BENZIN,18,23,23,29730.00
9933,IUA,Nevis,Delta 2.0,208,DIESEL,23,32,33,86920.00
9933,JHN,Nevis,Lyra,108,ELEKTRO,19,27,25,45520.00
9933,JMJ,Nevis,Mistral Kombi,97,BENZIN,11,19,20,35480.00
9933,K8U,Nevis,Cirro 2.0,85,GAS,18,13,21,52530.00
9933,KV1,Nevis,Garda 2.5,139,DIESEL,18,30,20,55100.00
9933,OA1,Nevis,Ulme 1.6,126,DIESEL,13,17,19,36900.00
9933,OLQ,Nevis,Jade Prime,270,DIESEL,25,33,33,126890.00
9933,PG4,Nevis,Zenit Kombi,142,HYBRID,20,28,26,51900.00
9933,TVA,Nevis,Mistral 1.2,103,BENZIN,20,19,23,46270.00
9933,TW3,Nevis,Brise Kombi,138,BENZIN,18,29,31,66300.00
9933,ULM,Nevis,Iskra 1.2,45,BENZIN,10,10,18,32520.00
9933,VRW,Nevis,Tessa 2.0,115,BENZIN,24,26,30,44810.00
9933,VZV,Nevis,Duna Cross,158,DIESEL,18,30,30,60680.00
